brand,model,year,km,transmission,drivetrain,body,price,car_age,km_per_year
BMW,3 Series,2022,70363.0,Автомат,Передний,Хэтчбек,2127521,4,17591
Volkswagen,Golf,2015,232013.0,Механика,Передний,Седан,319979,11,21092
Kia,Optima,2008,287421.0,Автомат,Передний,Хэтчбек,290987,18,15968
BMW,X3,2023,22040.0,Автомат,Передний,Седан,2329675,3,7347
BMW,X3,2010,266688.0,Автомат,Передний,Кроссовер,341906,16,16668
Kia,Sportage,2016,183298.0,Автомат,Передний,Хэтчбек,316493,10,18330
BMW,3 Series,2015,201191.0,Автомат,Полный,Седан,547010,11,18290
Volkswagen,Passat,2019,70816.0,Робот,Полный,Седан,908233,7,10117
BMW,3 Series,2015,185820.0,Автомат,Полный,Кроссовер,551150,11,16893
BMW,3 Series,2016,176367.0,Автомат,Передний,Кроссовер,854589,10,17637
Hyundai,Santa Fe,2015,210363.0,Механика,Передний,Хэтчбек,313596,11,19124
BMW,X5,2016,187251.0,Механика,Передний,Хэтчбек,667454,10,18725
Volkswagen,Passat,2019,128374.0,Автомат,Передний,Седан,716721,7,18339
Volkswagen,Tiguan,2021,80931.0,Автомат,Полный,Хэтчбек,921079,5,16186
BMW,3 Series,2014,306409.0,Механика,Передний,Хэтчбек,291934,12,25534
Toyota,Camry,2011,163494.0,Автомат,Полный,Хэтчбек,269509,15,10900
Kia,Sportage,2020,75352.0,Автомат,Передний,Седан,1051419,6,12559
Kia,Ceed,2014,164824.0,Робот,Передний,Хэтчбек,293439,12,13735
BMW,3 Series,2016,115187.0,Автомат,Передний,Кроссовер,850345,10,11519
BMW,X3,2022,51893.0,Автомат,Передний,Кроссовер,2154496,4,12973
Hyundai,Tucson,2019,104480.0,Автомат,Передний,Кроссовер,681191,7,14926
Kia,Sportage,2012,116283.0,Автомат,Полный,Седан,268040,14,8306
BMW,5 Series,2013,234899.0,Механика,Передний,Хэтчбек,327282,13,18069
Volkswagen,Golf,2009,176814.0,Механика,Полный,Кроссовер,268564,17,10401
Toyota,RAV4,2023,46195.0,Механика,Передний,Хэтчбек,2705696,3,15398
BMW,X3,2014,155833.0,Автомат,Полный,Хэтчбек,659665,12,12986
Hyundai,Solaris,2017,164286.0,Механика,Полный,Кроссовер,308456,9,18254
BMW,3 Series,2012,141071.0,Механика,Передний,Кроссовер,420953,14,10076
Toyota,Land Cruiser,2008,221038.0,Автомат,Полный,Седан,255827,18,12280
Hyundai,Solaris,2021,79645.0,Автомат,Полный,Кроссовер,960678,5,15929
Hyundai,Santa Fe,2008,174234.0,Автомат,Полный,Хэтчбек,314185,18,9680
Hyundai,Santa Fe,2019,104291.0,Автомат,Полный,Седан,676794,7,14899
Volkswagen,Passat,2015,218212.0,Автомат,Полный,Кроссовер,272571,11,19837
Volkswagen,Golf,2011,257277.0,Автомат,Полный,Кроссовер,344509,15,17152
Volkswagen,Tiguan,2013,188545.0,Робот,Задний,Кроссовер,261781,13,14503
Volkswagen,Polo,2008,323304.0,Автомат,Передний,Кроссовер,290522,18,17961
Kia,Ceed,2015,114500.0,Автомат,Передний,Седан,377729,11,10409
Hyundai,ix35,2018,164467.0,Механика,Полный,Седан,462970,8,20558
Toyota,RAV4,2020,61601.0,Автомат,Передний,Седан,1979258,6,10267
BMW,5 Series,2009,288659.0,Автомат,Полный,Хэтчбек,296903,17,16980
Volkswagen,Tiguan,2024,22855.0,Автомат,Полный,Кроссовер,1658185,2,11428
Volkswagen,Golf,2022,54642.0,Механика,Передний,Кроссовер,1444296,4,13660
Kia,Sportage,2024,19536.0,Автомат,Передний,Седан,1926084,2,9768
Hyundai,Santa Fe,2008,126676.0,Автомат,Передний,Седан,276580,18,7038
Hyundai,Santa Fe,2020,99055.0,Механика,Передний,Седан,822869,6,16509
Volkswagen,Tiguan,2021,108027.0,Автомат,Передний,Седан,1049064,5,21605
BMW,3 Series,2019,89620.0,Автомат,Полный,Седан,1546952,7,12803
Volkswagen,Golf,2009,329582.0,Автомат,Передний,Хэтчбек,300282,17,19387
Hyundai,Santa Fe,2012,264467.0,Робот,Задний,Хэтчбек,327085,14,18890
BMW,5 Series,2010,338846.0,Механика,Передний,Хэтчбек,328857,16,21178
BMW,X5,2008,290231.0,Автомат,Передний,Седан,316345,18,16124
Kia,Ceed,2016,146835.0,Автомат,Полный,Седан,404761,10,14684
Volkswagen,Golf,2011,225648.5,Автомат,Передний,Хэтчбек,344145,15,15043
BMW,5 Series,2024,29370.0,Механика,Передний,Седан,2847440,2,14685
BMW,3 Series,2020,69297.0,Автомат,Полный,Кроссовер,1650798,6,11550
Toyota,Corolla,2024,36324.0,Автомат,Задний,Хэтчбек,2431426,2,18162
BMW,5 Series,2022,77976.0,Автомат,Задний,Кроссовер,1880535,4,19494
Volkswagen,Tiguan,2014,282873.0,Робот,Передний,Хэтчбек,334893,12,23573
Toyota,Corolla,2022,66606.0,Механика,Передний,Хэтчбек,2118954,4,16652
Kia,Rio,2009,216666.0,Автомат,Передний,Хэтчбек,307317,17,12745
Volkswagen,Polo,2024,24686.0,Автомат,Полный,Седан,1776262,2,12343
Kia,Sportage,2014,245285.0,Автомат,Передний,Седан,297179,12,20440
Kia,Optima,2015,179199.0,Механика,Полный,Седан,291020,11,16291
BMW,3 Series,2008,210439.0,Автомат,Задний,Кроссовер,342289,18,11691
Volkswagen,Passat,2023,47689.0,Автомат,Полный,Кроссовер,1444366,3,15896
Hyundai,ix35,2021,75251.0,Автомат,Задний,Седан,1089569,5,15050
Hyundai,Solaris,2019,80484.0,Автомат,Передний,Седан,789057,7,11498
BMW,5 Series,2012,196848.0,Робот,Задний,Седан,257908,14,14061
Hyundai,ix35,2020,68438.0,Робот,Полный,Седан,943001,6,11406
Volkswagen,Passat,2009,288450.0,Автомат,Полный,Хэтчбек,259069,17,16968
Hyundai,Tucson,2008,294524.0,Автомат,Полный,Кроссовер,342292,18,16362
Toyota,Camry,2020,89669.0,Автомат,Передний,Хэтчбек,1559926,6,14945
BMW,3 Series,2012,294909.0,Робот,Полный,Кроссовер,276697,14,21065
Hyundai,Tucson,2008,292497.0,Робот,Полный,Седан,334039,18,16250
Kia,Optima,2015,164928.0,Автомат,Полный,Седан,331696,11,14993
BMW,3 Series,2024,26591.0,Автомат,Передний,Хэтчбек,3044853,2,13296
Kia,Ceed,2014,230804.0,Автомат,Передний,Хэтчбек,320375,12,19234
Hyundai,Tucson,2008,143370.0,Механика,Передний,Хэтчбек,302124,18,7965
Hyundai,ix35,2011,297729.0,Механика,Передний,Кроссовер,343202,15,19849
Volkswagen,Tiguan,2020,86542.0,Автомат,Полный,Хэтчбек,788821,6,14424
Hyundai,Solaris,2023,31784.0,Автомат,Полный,Хэтчбек,1496905,3,10595
Kia,Rio,2012,212565.0,Автомат,Передний,Седан,262983,14,15183
Hyundai,ix35,2016,146835.0,Автомат,Передний,Хэтчбек,258538,10,14684
Hyundai,Solaris,2022,55405.0,Автомат,Передний,Кроссовер,1074788,4,13851
BMW,3 Series,2015,132597.0,Автомат,Передний,Седан,714752,11,12054
BMW,X5,2021,86590.0,Автомат,Полный,Седан,1682261,5,17318
Toyota,Corolla,2010,241831.0,Автомат,Передний,Седан,286873,16,15114
Toyota,Corolla,2012,264242.0,Автомат,Полный,Кроссовер,274030,14,18874
Kia,Sportage,2019,85328.0,Автомат,Передний,Кроссовер,799095,7,12190
BMW,X5,2009,173858.0,Автомат,Полный,Хэтчбек,289089,17,10227
Volkswagen,Tiguan,2009,254236.0,Автомат,Задний,Кроссовер,264160,17,14955
BMW,5 Series,2018,121031.5,Автомат,Полный,Хэтчбек,1554070,8,15129
Toyota,Corolla,2015,172654.0,Робот,Передний,Седан,589809,11,15696
Toyota,RAV4,2009,316735.0,Автомат,Полный,Хэтчбек,330472,17,18631
Volkswagen,Tiguan,2011,241785.0,Автомат,Передний,Седан,324100,15,16119
Volkswagen,Tiguan,2018,32289.0,Робот,Передний,Хэтчбек,767112,8,4036
Kia,Optima,2017,206892.0,Автомат,Полный,Кроссовер,267494,9,22988
Hyundai,ix35,2016,229359.0,Автомат,Передний,Хэтчбек,326486,10,22936
Hyundai,ix35,2019,124150.0,Робот,Передний,Хэтчбек,577291,7,17736
BMW,X3,2015,158640.0,Механика,Полный,Седан,751870,11,14422
Volkswagen,Polo,2021,30837.0,Механика,Передний,Хэтчбек,1296263,5,6167
Toyota,Camry,2013,213760.0,Автомат,Передний,Кроссовер,275899,13,16443
Hyundai,Solaris,2009,315683.0,Механика,Передний,Седан,284953,17,18570
Toyota,Land Cruiser,2017,138442.0,Автомат,Полный,Кроссовер,1011816,9,15382
Toyota,Land Cruiser,2013,238063.0,Механика,Передний,Седан,319265,13,18313
Volkswagen,Passat,2017,171356.0,Автомат,Полный,Хэтчбек,298349,9,19040
Volkswagen,Golf,2022,52891.0,Автомат,Полный,Седан,1085941,4,13223
Toyota,Corolla,2011,247638.0,Автомат,Передний,Кроссовер,329411,15,16509
Kia,Optima,2013,173838.0,Автомат,Полный,Седан,307760,13,13372
Kia,Rio,2008,165441.0,Автомат,Полный,Кроссовер,338024,18,9191
Kia,Rio,2016,213727.0,Робот,Задний,Хэтчбек,266052,10,21373
Volkswagen,Polo,2021,64775.0,Автомат,Полный,Кроссовер,1221350,5,12955
Toyota,Land Cruiser,2022,50590.0,Автомат,Полный,Кроссовер,2292232,4,12648
Toyota,Corolla,2018,115731.0,Робот,Передний,Хэтчбек,1329234,8,14466
Hyundai,Santa Fe,2018,135094.0,Автомат,Передний,Кроссовер,504724,8,16887
Toyota,RAV4,2024,17761.0,Автомат,Задний,Кроссовер,2884945,2,8880
BMW,X5,2015,278227.0,Автомат,Полный,Хэтчбек,326980,11,25293
Volkswagen,Polo,2020,91421.0,Автомат,Полный,Хэтчбек,771216,6,15237
Toyota,Corolla,2009,150641.0,Автомат,Полный,Кроссовер,285092,17,8861
Toyota,Land Cruiser,2017,235657.0,Автомат,Полный,Кроссовер,577136,9,26184
BMW,X3,2014,181325.0,Автомат,Передний,Хэтчбек,514503,12,15110
Hyundai,Solaris,2012,211679.0,Автомат,Полный,Хэтчбек,319873,14,15120
Toyota,Land Cruiser,2021,99996.0,Робот,Задний,Седан,1671797,5,19999
Kia,Ceed,2017,150131.0,Автомат,Передний,Хэтчбек,340448,9,16681
Toyota,Land Cruiser,2009,270453.0,Автомат,Полный,Хэтчбек,308126,17,15909
BMW,X3,2012,251886.0,Автомат,Полный,Кроссовер,294251,14,17992
BMW,X5,2019,132211.0,Механика,Передний,Хэтчбек,1350955,7,18887
Hyundai,Santa Fe,2009,252894.0,Механика,Передний,Седан,313054,17,14876
BMW,5 Series,2020,116472.0,Механика,Полный,Седан,1616156,6,19412
Kia,Rio,2012,274479.0,Механика,Полный,Хэтчбек,264592,14,19606
Volkswagen,Passat,2013,147857.0,Механика,Передний,Седан,337297,13,11374
Kia,Rio,2021,91888.0,Автомат,Передний,Хэтчбек,909349,5,18378
Volkswagen,Golf,2018,90456.0,Механика,Передний,Хэтчбек,774711,8,11307
Volkswagen,Golf,2008,172678.0,Автомат,Полный,Хэтчбек,308557,18,9593
Toyota,Camry,2020,98990.0,Автомат,Передний,Кроссовер,1598143,6,16498
Volkswagen,Passat,2015,118851.0,Автомат,Передний,Хэтчбек,294360,11,10805
BMW,X3,2013,103330.0,Автомат,Задний,Кроссовер,723324,13,7948
Hyundai,Solaris,2024,39153.0,Автомат,Полный,Хэтчбек,1735724,2,19576
Volkswagen,Polo,2012,256699.0,Автомат,Передний,Хэтчбек,317385,14,18336
Hyundai,ix35,2022,67346.0,Автомат,Полный,Кроссовер,1104453,4,16836
Volkswagen,Tiguan,2014,201438.0,Робот,Задний,Седан,322055,12,16786
BMW,X5,2010,237882.0,Автомат,Полный,Кроссовер,313515,16,14868
Toyota,Land Cruiser,2020,95331.0,Автомат,Полный,Хэтчбек,1562237,6,15888
Hyundai,Santa Fe,2020,78510.0,Механика,Полный,Седан,1037245,6,13085
Kia,Ceed,2010,245266.0,Робот,Полный,Хэтчбек,255853,16,15329
Volkswagen,Tiguan,2024,38523.0,Автомат,Передний,Кроссовер,1664248,2,19262
BMW,X5,2017,125412.0,Автомат,Полный,Кроссовер,935081,9,13935
Kia,Optima,2012,172786.0,Автомат,Передний,Седан,259059,14,12342
Hyundai,ix35,2011,284059.0,Робот,Передний,Кроссовер,344026,15,18937
BMW,X3,2015,155584.0,Робот,Полный,Кроссовер,764759,11,14144
Kia,Ceed,2009,226721.0,Робот,Полный,Кроссовер,260205,17,13337
Hyundai,ix35,2010,233340.0,Автомат,Полный,Хэтчбек,290661,16,14584
Kia,Sportage,2024,32748.0,Автомат,Передний,Хэтчбек,1415537,2,16374
BMW,5 Series,2012,188913.0,Автомат,Полный,Хэтчбек,279566,14,13494
Volkswagen,Polo,2010,274783.0,Автомат,Передний,Хэтчбек,255457,16,17174
Toyota,Camry,2023,58003.0,Автомат,Передний,Кроссовер,2722594,3,19334
Volkswagen,Polo,2015,166903.0,Робот,Полный,Седан,303940,11,15173
Volkswagen,Polo,2008,344194.0,Механика,Полный,Кроссовер,269160,18,19122
Hyundai,ix35,2018,130169.0,Автомат,Полный,Кроссовер,604345,8,16271
Toyota,Corolla,2017,112337.0,Автомат,Передний,Седан,1240007,9,12482
Kia,Optima,2009,256954.0,Автомат,Передний,Седан,284379,17,15115
Hyundai,ix35,2015,221251.0,Автомат,Полный,Кроссовер,325186,11,20114
Toyota,RAV4,2014,205825.0,Автомат,Полный,Седан,439350,12,17152
BMW,X3,2011,227877.0,Автомат,Передний,Кроссовер,324388,15,15192
Hyundai,Tucson,2008,227768.0,Механика,Полный,Хэтчбек,260906,18,12654
Hyundai,Tucson,2022,90572.0,Автомат,Полный,Седан,969535,4,22643
Kia,Sportage,2009,171368.0,Механика,Полный,Седан,324554,17,10080
BMW,5 Series,2018,114312.0,Автомат,Задний,Кроссовер,1411587,8,14289
Volkswagen,Passat,2013,177128.0,Автомат,Передний,Седан,275695,13,13625
Volkswagen,Passat,2024,42393.0,Механика,Передний,Хэтчбек,1597575,2,21196
Toyota,Land Cruiser,2021,71826.0,Автомат,Передний,Кроссовер,1718911,5,14365
Volkswagen,Golf,2010,164054.0,Автомат,Передний,Седан,265557,16,10253
Hyundai,Tucson,2019,115234.0,Автомат,Передний,Седан,711884,7,16462
Volkswagen,Tiguan,2015,95492.0,Автомат,Передний,Кроссовер,365092,11,8681
Kia,Sportage,2022,34657.0,Механика,Полный,Седан,1499362,4,8664
Toyota,RAV4,2016,180416.0,Автомат,Задний,Хэтчбек,731256,10,18042
BMW,X3,2008,254090.0,Автомат,Полный,Кроссовер,334428,18,14116
Hyundai,ix35,2014,181290.0,Автомат,Полный,Седан,317387,12,15108
Kia,Sportage,2019,112714.0,Механика,Передний,Седан,728231,7,16102
Hyundai,Tucson,2019,82640.0,Механика,Полный,Седан,877653,7,11806
Toyota,Corolla,2014,211267.0,Автомат,Полный,Хэтчбек,405995,12,17606
Hyundai,Santa Fe,2017,133601.5,Автомат,Полный,Хэтчбек,313526,9,14845
Hyundai,ix35,2021,54368.0,Механика,Полный,Хэтчбек,1020500,5,10874
Kia,Ceed,2012,180359.0,Робот,Задний,Хэтчбек,262337,14,12883
Toyota,Corolla,2022,55881.0,Механика,Полный,Кроссовер,2433533,4,13970
Volkswagen,Golf,2019,58279.0,Механика,Полный,Седан,992594,7,8326
Hyundai,Santa Fe,2009,328350.0,Робот,Передний,Седан,344291,17,19315
Kia,Sportage,2019,103921.0,Автомат,Передний,Кроссовер,785752,7,14846
Toyota,RAV4,2015,237907.0,Механика,Передний,Седан,368604,11,21628
Volkswagen,Tiguan,2020,53029.0,Автомат,Передний,Кроссовер,1004365,6,8838
Hyundai,Santa Fe,2009,273238.0,Автомат,Передний,Хэтчбек,314106,17,16073
Hyundai,Santa Fe,2019,85018.0,Автомат,Задний,Хэтчбек,736831,7,12145
Kia,Ceed,2021,63173.0,Механика,Передний,Кроссовер,1021664,5,12635
Toyota,Land Cruiser,2008,129442.0,Автомат,Передний,Кроссовер,309498,18,7191
Volkswagen,Golf,2012,249603.0,Автомат,Полный,Седан,273525,14,17829
Volkswagen,Golf,2021,73788.0,Автомат,Полный,Седан,858054,5,14758
Toyota,RAV4,2012,199360.0,Автомат,Передний,Седан,290764,14,14240
Kia,Optima,2018,134348.0,Автомат,Передний,Кроссовер,587464,8,16794
Toyota,RAV4,2019,75164.0,Автомат,Передний,Седан,1407345,7,10738
Kia,Rio,2008,276610.0,Механика,Передний,Седан,333132,18,15367
Kia,Rio,2018,119011.0,Механика,Полный,Кроссовер,500648,8,14876
Hyundai,Tucson,2011,345204.0,Механика,Передний,Седан,290447,15,23014
Volkswagen,Polo,2009,250638.0,Механика,Полный,Кроссовер,280981,17,14743
Toyota,Land Cruiser,2009,277355.0,Автомат,Передний,Седан,294435,17,16315
Kia,Sportage,2020,82858.0,Механика,Передний,Седан,957717,6,13810
Volkswagen,Passat,2008,369050.0,Автомат,Передний,Кроссовер,289237,18,20503
Volkswagen,Polo,2008,223994.0,Автомат,Передний,Хэтчбек,270159,18,12444
Kia,Sportage,2021,48538.0,Автомат,Полный,Седан,1148964,5,9708
Volkswagen,Polo,2019,107509.0,Автомат,Передний,Хэтчбек,779196,7,15358
Kia,Optima,2018,82195.0,Автомат,Передний,Хэтчбек,796295,8,10274
Volkswagen,Golf,2022,61667.0,Автомат,Задний,Седан,1127632,4,15417
Volkswagen,Golf,2023,44248.0,Автомат,Полный,Кроссовер,1577965,3,14749
Toyota,Land Cruiser,2023,48050.0,Автомат,Задний,Седан,2189217,3,16017
Toyota,Corolla,2019,91576.0,Автомат,Полный,Хэтчбек,1396750,7,13082
Hyundai,Tucson,2017,129821.0,Автомат,Полный,Кроссовер,473151,9,14425
Toyota,Camry,2016,181848.0,Механика,Полный,Седан,696144,10,18185
Kia,Optima,2023,25581.0,Автомат,Полный,Хэтчбек,1587795,3,8527
Kia,Ceed,2011,247504.0,Автомат,Передний,Кроссовер,270121,15,16500
Toyota,Land Cruiser,2009,422827.0,Автомат,Передний,Хэтчбек,309638,17,24872
Toyota,RAV4,2016,74312.0,Автомат,Полный,Седан,984342,10,7431
Toyota,Corolla,2010,120435.0,Механика,Передний,Седан,310598,16,7527
Kia,Sportage,2017,63931.0,Робот,Полный,Кроссовер,766668,9,7103
Toyota,Camry,2015,101764.0,Механика,Передний,Седан,929100,11,9251
BMW,X5,2015,111221.0,Механика,Полный,Седан,782296,11,10111
Kia,Ceed,2013,187537.0,Автомат,Задний,Хэтчбек,296868,13,14426
BMW,5 Series,2011,193280.0,Робот,Полный,Хэтчбек,273084,15,12885
Kia,Sportage,2023,44759.0,Автомат,Передний,Хэтчбек,1294037,3,14920
Volkswagen,Golf,2015,181878.0,Автомат,Передний,Седан,301886,11,16534
Kia,Optima,2014,194306.0,Автомат,Передний,Кроссовер,258254,12,16192
Hyundai,Solaris,2020,114046.0,Автомат,Передний,Хэтчбек,744342,6,19008
Hyundai,Solaris,2010,169384.0,Механика,Полный,Хэтчбек,325764,16,10586
BMW,3 Series,2017,57495.0,Автомат,Передний,Седан,1419995,9,6388
Toyota,RAV4,2017,144626.0,Механика,Передний,Кроссовер,938770,9,16070
Toyota,RAV4,2009,276875.0,Автомат,Задний,Седан,312687,17,16287
Hyundai,Tucson,2008,268198.0,Механика,Полный,Кроссовер,283577,18,14900
Toyota,Camry,2013,237523.0,Автомат,Передний,Кроссовер,257323,13,18271
Hyundai,Solaris,2011,239512.0,Робот,Полный,Кроссовер,264509,15,15967
Volkswagen,Passat,2009,189072.0,Механика,Передний,Хэтчбек,305799,17,11122
Kia,Sportage,2009,366485.0,Механика,Передний,Хэтчбек,276526,17,21558
Toyota,Camry,2016,146028.0,Механика,Передний,Хэтчбек,900966,10,14603
BMW,3 Series,2011,148537.0,Автомат,Передний,Кроссовер,342938,15,9902
BMW,5 Series,2014,210051.0,Механика,Полный,Хэтчбек,387557,12,17504
Volkswagen,Passat,2014,86688.0,Автомат,Передний,Кроссовер,325838,12,7224
Kia,Sportage,2013,335385.0,Автомат,Полный,Седан,272072,13,25799
Volkswagen,Polo,2020,89632.0,Автомат,Полный,Хэтчбек,892831,6,14939
Volkswagen,Tiguan,2011,259757.0,Механика,Передний,Седан,297841,15,17317
Hyundai,ix35,2013,220718.0,Автомат,Передний,Кроссовер,339854,13,16978
Kia,Optima,2023,43600.0,Автомат,Полный,Седан,1341412,3,14533
Volkswagen,Golf,2018,42185.0,Автомат,Передний,Кроссовер,740922,8,5273
Volkswagen,Passat,2012,204550.0,Механика,Полный,Кроссовер,259304,14,14611
Hyundai,Solaris,2018,154978.0,Автомат,Передний,Кроссовер,441457,8,19372
BMW,X5,2022,69205.0,Робот,Полный,Хэтчбек,1946933,4,17301
Volkswagen,Polo,2015,208826.0,Механика,Передний,Седан,255938,11,18984
BMW,5 Series,2011,179592.0,Механика,Полный,Седан,298042,15,11973
Kia,Sportage,2011,312337.0,Механика,Полный,Седан,266528,15,20822
Hyundai,Santa Fe,2016,221970.0,Автомат,Передний,Седан,310164,10,22197
BMW,5 Series,2019,110893.0,Механика,Передний,Седан,1574540,7,15842
Hyundai,Santa Fe,2016,143417.0,Автомат,Полный,Седан,321695,10,14342
BMW,X3,2018,155993.0,Автомат,Полный,Кроссовер,989306,8,19499
Volkswagen,Polo,2022,47209.0,Автомат,Задний,Хэтчбек,1294254,4,11802
BMW,3 Series,2018,145710.0,Механика,Передний,Хэтчбек,1200265,8,18214
BMW,X5,2012,257721.0,Автомат,Передний,Кроссовер,321754,14,18409
Toyota,Camry,2011,212458.0,Механика,Передний,Седан,321811,15,14164
Toyota,Corolla,2009,197164.0,Автомат,Полный,Седан,331324,17,11598
Kia,Sportage,2019,83022.0,Робот,Передний,Хэтчбек,869623,7,11860
Toyota,Camry,2011,263896.0,Автомат,Полный,Седан,334757,15,17593
Toyota,RAV4,2012,187937.0,Автомат,Передний,Хэтчбек,298287,14,13424
Toyota,Land Cruiser,2012,186937.0,Автомат,Полный,Седан,298793,14,13353
Kia,Ceed,2024,22061.0,Механика,Полный,Седан,1787325,2,11030
BMW,X3,2023,49630.0,Автомат,Передний,Кроссовер,2415024,3,16543
Kia,Ceed,2024,42107.0,Робот,Задний,Кроссовер,1454399,2,21054
BMW,X3,2023,52569.0,Автомат,Полный,Хэтчбек,2703619,3,17523
Toyota,Corolla,2016,164246.0,Автомат,Полный,Седан,866518,10,16425
Volkswagen,Tiguan,2024,30389.0,Робот,Полный,Хэтчбек,1533960,2,15194
Kia,Ceed,2012,212565.0,Механика,Передний,Кроссовер,318541,14,15183
Kia,Optima,2014,199285.0,Робот,Задний,Кроссовер,255632,12,16607
Hyundai,Tucson,2021,55032.0,Механика,Полный,Кроссовер,986886,5,11006
BMW,5 Series,2014,194486.0,Автомат,Задний,Седан,417315,12,16207
Kia,Rio,2020,72772.0,Механика,Передний,Седан,1068101,6,12129
Hyundai,ix35,2011,195938.0,Автомат,Полный,Седан,335985,15,13063
Kia,Optima,2018,122143.0,Робот,Передний,Седан,611380,8,15268
Kia,Rio,2012,238892.0,Механика,Передний,Кроссовер,296753,14,17064
Hyundai,ix35,2019,82364.0,Автомат,Передний,Седан,709950,7,11766
Hyundai,ix35,2009,233561.0,Автомат,Полный,Хэтчбек,318705,17,13739
Hyundai,Tucson,2013,223668.0,Автомат,Передний,Седан,331497,13,17205
Kia,Sportage,2009,225406.0,Механика,Передний,Хэтчбек,304088,17,13259
BMW,X5,2017,58207.0,Механика,Полный,Седан,1392676,9,6467
Volkswagen,Passat,2021,74269.0,Автомат,Передний,Седан,1146319,5,14854
Hyundai,Solaris,2009,250849.0,Робот,Полный,Хэтчбек,264492,17,14756
BMW,X5,2018,96452.0,Механика,Задний,Седан,1148964,8,12056
BMW,X3,2016,224931.0,Механика,Передний,Седан,581402,10,22493
Kia,Optima,2013,251162.0,Механика,Передний,Хэтчбек,287679,13,19320
Toyota,RAV4,2018,102511.0,Механика,Полный,Хэтчбек,1214951,8,12814
Toyota,Land Cruiser,2016,129371.0,Механика,Полный,Кроссовер,887702,10,12937
Volkswagen,Polo,2020,99357.0,Автомат,Передний,Седан,784178,6,16560
Volkswagen,Passat,2016,119105.0,Механика,Полный,Хэтчбек,442620,10,11910
Hyundai,Solaris,2009,243752.0,Автомат,Передний,Хэтчбек,334183,17,14338
Kia,Optima,2008,267079.0,Автомат,Передний,Кроссовер,321570,18,14838
Kia,Sportage,2018,158949.0,Автомат,Полный,Хэтчбек,488644,8,19869
Toyota,Corolla,2008,379534.0,Автомат,Полный,Седан,283342,18,21085
BMW,X5,2014,202538.0,Робот,Передний,Хэтчбек,399679,12,16878
Kia,Rio,2022,43895.0,Автомат,Передний,Хэтчбек,1406499,4,10974
Volkswagen,Tiguan,2021,71025.0,Механика,Передний,Хэтчбек,999994,5,14205
Hyundai,Tucson,2009,275410.0,Автомат,Передний,Кроссовер,304198,17,16201
Toyota,Corolla,2021,67446.0,Автомат,Передний,Седан,1819501,5,13489
Hyundai,Solaris,2021,74672.0,Робот,Полный,Кроссовер,1173145,5,14934
Volkswagen,Passat,2021,56291.0,Механика,Передний,Хэтчбек,1112060,5,11258
Volkswagen,Polo,2011,290158.0,Автомат,Передний,Кроссовер,297189,15,19344
Hyundai,Tucson,2018,140979.0,Автомат,Полный,Седан,531325,8,17622
Hyundai,Santa Fe,2023,63332.0,Автомат,Полный,Седан,1350364,3,21111
Toyota,Land Cruiser,2021,76401.0,Автомат,Полный,Хэтчбек,1910024,5,15280
Volkswagen,Polo,2016,196475.0,Робот,Полный,Кроссовер,260821,10,19648
Hyundai,Santa Fe,2020,77570.0,Робот,Передний,Хэтчбек,963823,6,12928
Kia,Optima,2015,175606.0,Робот,Передний,Кроссовер,318237,11,15964
BMW,X5,2014,162588.0,Автомат,Задний,Седан,521256,12,13549
Toyota,Corolla,2016,129896.0,Автомат,Полный,Седан,1014997,10,12990
Kia,Rio,2019,127583.0,Автомат,Передний,Кроссовер,618609,7,18226
Hyundai,Solaris,2015,174066.0,Автомат,Передний,Кроссовер,301491,11,15824
Hyundai,Tucson,2024,27526.0,Механика,Полный,Седан,1611871,2,13763
Hyundai,ix35,2012,167879.0,Автомат,Полный,Кроссовер,286070,14,11991
Hyundai,Solaris,2020,82955.0,Автомат,Задний,Кроссовер,887397,6,13826
BMW,X5,2019,108167.0,Механика,Полный,Кроссовер,1476372,7,15452
Hyundai,ix35,2014,218913.0,Автомат,Полный,Седан,265303,12,18243
Hyundai,Solaris,2011,257110.0,Автомат,Передний,Кроссовер,261390,15,17141
Kia,Ceed,2022,51579.0,Механика,Полный,Хэтчбек,1312564,4,12895
Kia,Sportage,2016,210232.0,Механика,Полный,Седан,265850,10,21023
Kia,Rio,2013,224056.0,Автомат,Передний,Хэтчбек,306947,13,17235
Kia,Rio,2024,37340.0,Автомат,Передний,Кроссовер,1417600,2,18670
Volkswagen,Tiguan,2018,178886.0,Автомат,Передний,Седан,383293,8,22361
BMW,5 Series,2010,192289.0,Автомат,Полный,Кроссовер,293788,16,12018
Toyota,Land Cruiser,2011,259610.0,Автомат,Передний,Хэтчбек,267833,15,17307
Hyundai,ix35,2022,21732.0,Автомат,Передний,Седан,1437880,4,5433
Toyota,Corolla,2018,155529.0,Механика,Передний,Седан,1086331,8,19441
BMW,3 Series,2020,61598.0,Робот,Передний,Хэтчбек,1788913,6,10266
Volkswagen,Golf,2021,73232.0,Автомат,Передний,Хэтчбек,956488,5,14646
Volkswagen,Tiguan,2017,121679.0,Робот,Передний,Седан,465315,9,13520
Toyota,Corolla,2013,256002.0,Робот,Передний,Хэтчбек,268642,13,19692
Hyundai,ix35,2023,49435.0,Механика,Задний,Кроссовер,1451330,3,16478
Kia,Rio,2010,171942.0,Автомат,Передний,Седан,315964,16,10746
Volkswagen,Golf,2018,92050.0,Автомат,Передний,Хэтчбек,603820,8,11506
Toyota,Camry,2022,51649.0,Механика,Полный,Седан,2301516,4,12912
Hyundai,Santa Fe,2012,241629.0,Механика,Передний,Кроссовер,297799,14,17259
BMW,5 Series,2009,273080.0,Механика,Передний,Хэтчбек,304439,17,16064
Volkswagen,Polo,2016,220764.0,Механика,Задний,Кроссовер,340420,10,22076
Kia,Optima,2019,136529.0,Автомат,Передний,Седан,624442,7,19504
Toyota,Corolla,2024,29588.0,Механика,Задний,Седан,2747383,2,14794
BMW,X5,2020,93913.0,Автомат,Передний,Кроссовер,1831517,6,15652
Toyota,Corolla,2013,194598.0,Автомат,Передний,Хэтчбек,359131,13,14969
Kia,Optima,2018,122528.0,Механика,Полный,Седан,541929,8,15316
Toyota,Land Cruiser,2022,77272.0,Робот,Передний,Седан,2339531,4,19318
Toyota,Camry,2011,255902.0,Автомат,Полный,Кроссовер,328973,15,17060
Hyundai,Solaris,2008,321527.0,Механика,Полный,Хэтчбек,298886,18,17863
BMW,5 Series,2013,219456.0,Механика,Полный,Седан,255547,13,16881
Toyota,Corolla,2013,98496.0,Автомат,Передний,Хэтчбек,752372,13,7577
BMW,X3,2013,111406.0,Автомат,Передний,Хэтчбек,719209,13,8570
Toyota,RAV4,2014,143389.0,Автомат,Передний,Кроссовер,574014,12,11949
Volkswagen,Polo,2024,35423.0,Автомат,Полный,Седан,1425593,2,17712
Kia,Sportage,2021,83121.0,Автомат,Полный,Седан,1054798,5,16624
BMW,3 Series,2015,163874.0,Автомат,Передний,Седан,711079,11,14898
Hyundai,Santa Fe,2024,15847.0,Автомат,Передний,Седан,1848947,2,7924
Kia,Optima,2013,204865.0,Автомат,Передний,Кроссовер,262444,13,15759
BMW,X5,2008,334915.0,Автомат,Полный,Седан,283201,18,18606
BMW,5 Series,2022,58202.0,Автомат,Задний,Хэтчбек,1925789,4,14550
Kia,Ceed,2008,316170.0,Робот,Полный,Хэтчбек,255392,18,17565
Volkswagen,Polo,2018,126128.0,Механика,Задний,Хэтчбек,632139,8,15766
Hyundai,ix35,2019,106914.0,Робот,Передний,Седан,823123,7,15273
BMW,X3,2016,110150.0,Механика,Полный,Кроссовер,846168,10,11015
Hyundai,ix35,2012,206553.0,Механика,Полный,Кроссовер,314161,14,14754
Toyota,RAV4,2008,316665.0,Автомат,Передний,Хэтчбек,266315,18,17592
Toyota,Land Cruiser,2013,234304.0,Механика,Передний,Седан,272929,13,18023
BMW,3 Series,2018,102588.0,Автомат,Полный,Хэтчбек,1416337,8,12824
Volkswagen,Polo,2013,186534.0,Автомат,Передний,Седан,292227,13,14349
Hyundai,Solaris,2022,70544.0,Автомат,Полный,Кроссовер,1378607,4,17636
BMW,5 Series,2013,180673.0,Механика,Передний,Хэтчбек,361548,13,13898
BMW,5 Series,2019,123840.0,Автомат,Передний,Кроссовер,1309956,7,17691
Kia,Ceed,2019,121570.0,Автомат,Передний,Кроссовер,768308,7,17367
Toyota,Camry,2018,131878.0,Автомат,Передний,Хэтчбек,1114288,8,16485
Toyota,Camry,2016,196129.0,Робот,Полный,Кроссовер,726724,10,19613
BMW,5 Series,2011,257225.0,Автомат,Передний,Хэтчбек,320306,15,17148
Kia,Rio,2017,136858.0,Автомат,Передний,Кроссовер,470515,9,15206
BMW,X5,2018,94052.0,Робот,Передний,Кроссовер,1470811,8,11756
Hyundai,Tucson,2024,19939.0,Робот,Передний,Кроссовер,1663397,2,9970
Hyundai,Tucson,2013,111401.0,Автомат,Полный,Кроссовер,310881,13,8569
Kia,Sportage,2017,141650.0,Автомат,Передний,Хэтчбек,372104,9,15739
Volkswagen,Golf,2019,113445.0,Автомат,Задний,Седан,775466,7,16206
BMW,X3,2013,230774.0,Автомат,Полный,Хэтчбек,343302,13,17752
Hyundai,Santa Fe,2018,146343.0,Автомат,Передний,Седан,557398,8,18293
BMW,X3,2009,249522.0,Механика,Передний,Седан,342034,17,14678
Volkswagen,Tiguan,2015,132920.0,Автомат,Передний,Кроссовер,269642,11,12084
Kia,Sportage,2019,134341.0,Автомат,Передний,Кроссовер,604750,7,19192
BMW,5 Series,2018,121930.0,Механика,Передний,Хэтчбек,1046928,8,15241
Toyota,Land Cruiser,2020,58241.0,Автомат,Задний,Седан,1729030,6,9707
Toyota,RAV4,2008,173223.0,Механика,Задний,Кроссовер,294992,18,9624
Kia,Sportage,2024,17173.0,Механика,Передний,Кроссовер,1627498,2,8586
BMW,3 Series,2008,271027.0,Автомат,Передний,Седан,341068,18,15057
Kia,Optima,2020,67105.0,Автомат,Передний,Хэтчбек,990317,6,11184
Volkswagen,Passat,2019,82456.0,Автомат,Полный,Хэтчбек,893512,7,11779
Volkswagen,Polo,2021,73788.0,Механика,Передний,Хэтчбек,1009824,5,14758
Volkswagen,Polo,2015,140768.0,Механика,Передний,Кроссовер,287791,11,12797
Kia,Ceed,2010,174321.0,Автомат,Передний,Хэтчбек,330224,16,10895
Volkswagen,Golf,2009,210598.0,Механика,Полный,Кроссовер,303518,17,12388
BMW,X5,2020,119121.0,Автомат,Передний,Седан,1585707,6,19854
Volkswagen,Polo,2013,156961.0,Автомат,Передний,Хэтчбек,259671,13,12074
BMW,X3,2019,76350.0,Автомат,Полный,Хэтчбек,1502568,7,10907
Volkswagen,Passat,2012,258361.0,Автомат,Передний,Хэтчбек,344958,14,18454
BMW,X5,2023,51955.0,Механика,Передний,Кроссовер,2197518,3,17318
Toyota,Corolla,2017,105104.0,Механика,Полный,Хэтчбек,1173425,9,11678
Hyundai,ix35,2011,256350.0,Робот,Полный,Хэтчбек,323310,15,17090
Hyundai,ix35,2011,225648.5,Автомат,Передний,Хэтчбек,296554,15,15043
Hyundai,Solaris,2014,201533.0,Механика,Передний,Седан,327636,12,16794
Volkswagen,Polo,2020,105403.0,Автомат,Передний,Кроссовер,894880,6,17567
Volkswagen,Passat,2008,189802.0,Автомат,Передний,Седан,256445,18,10545
Toyota,Land Cruiser,2010,236141.0,Автомат,Полный,Хэтчбек,318557,16,14759
Hyundai,ix35,2015,185010.0,Автомат,Полный,Хэтчбек,298403,11,16819
Volkswagen,Golf,2010,251978.0,Механика,Полный,Седан,333427,16,15749
Toyota,Camry,2012,222875.0,Автомат,Передний,Хэтчбек,306457,14,15920
Toyota,Corolla,2023,40292.0,Автомат,Передний,Кроссовер,2386350,3,13431
Toyota,Camry,2023,59850.0,Автомат,Передний,Хэтчбек,2751762,3,19950
Volkswagen,Golf,2014,124278.0,Механика,Передний,Хэтчбек,325674,12,10356
Volkswagen,Golf,2017,149576.0,Автомат,Полный,Седан,392258,9,16620
Kia,Sportage,2016,148306.0,Автомат,Полный,Хэтчбек,286626,10,14831
Kia,Sportage,2010,181000.0,Механика,Задний,Хэтчбек,308582,16,11312
Toyota,Camry,2022,43936.0,Робот,Передний,Седан,2378296,4,10984
Toyota,Land Cruiser,2010,156826.0,Автомат,Задний,Хэтчбек,305729,16,9802
Hyundai,ix35,2023,54956.0,Автомат,Полный,Хэтчбек,1450276,3,18319
Volkswagen,Golf,2008,260359.0,Механика,Передний,Хэтчбек,334469,18,14464
Toyota,Land Cruiser,2011,164581.0,Механика,Полный,Кроссовер,256385,15,10972
BMW,X5,2024,35610.0,Автомат,Полный,Седан,2514545,2,17805
Hyundai,Tucson,2010,244286.0,Механика,Передний,Кроссовер,294061,16,15268
BMW,3 Series,2016,160554.0,Механика,Полный,Кроссовер,702826,10,16055
Hyundai,ix35,2022,35609.0,Механика,Передний,Хэтчбек,1275007,4,8902
Volkswagen,Passat,2023,42044.0,Автомат,Передний,Кроссовер,1529600,3,14015
Kia,Sportage,2023,53373.0,Автомат,Полный,Хэтчбек,1551594,3,17791
Toyota,Corolla,2020,78619.0,Автомат,Передний,Хэтчбек,1723394,6,13103
Toyota,RAV4,2017,182734.0,Автомат,Передний,Хэтчбек,868054,9,20304
Hyundai,Santa Fe,2008,291874.0,Механика,Передний,Кроссовер,333635,18,16215
Toyota,Land Cruiser,2013,232521.0,Автомат,Передний,Хэтчбек,339265,13,17886
BMW,5 Series,2009,356934.0,Автомат,Передний,Седан,300236,17,20996
Volkswagen,Passat,2011,225025.0,Автомат,Передний,Хэтчбек,291870,15,15002
Kia,Rio,2008,377116.0,Робот,Полный,Хэтчбек,328271,18,20951
BMW,X5,2010,245458.0,Механика,Передний,Хэтчбек,301350,16,15341
Hyundai,ix35,2020,103173.0,Робот,Передний,Седан,813530,6,17196
Kia,Ceed,2023,41940.0,Механика,Передний,Кроссовер,1270245,3,13980
Volkswagen,Passat,2014,197639.0,Механика,Полный,Хэтчбек,296565,12,16470
Hyundai,Solaris,2016,137458.0,Автомат,Полный,Кроссовер,369469,10,13746
BMW,X5,2023,46345.0,Автомат,Передний,Кроссовер,2411577,3,15448
Kia,Ceed,2021,109892.0,Автомат,Полный,Хэтчбек,863031,5,21978
Hyundai,Tucson,2018,75916.0,Автомат,Задний,Хэтчбек,746098,8,9490
Hyundai,Tucson,2008,229336.0,Автомат,Полный,Хэтчбек,322823,18,12741
Volkswagen,Tiguan,2009,324035.0,Механика,Полный,Кроссовер,317696,17,19061
Volkswagen,Golf,2014,168420.0,Автомат,Полный,Хэтчбек,265285,12,14035
Kia,Rio,2010,242447.0,Автомат,Передний,Кроссовер,332157,16,15153
Toyota,Camry,2010,147290.0,Автомат,Полный,Седан,277794,16,9206
Hyundai,Tucson,2016,199779.0,Механика,Полный,Хэтчбек,266464,10,19978
Hyundai,Solaris,2021,77640.0,Автомат,Полный,Кроссовер,1175331,5,15528
Toyota,Corolla,2021,99748.0,Робот,Передний,Седан,1823577,5,19950
Hyundai,Santa Fe,2011,197561.0,Механика,Полный,Кроссовер,261669,15,13171
Kia,Rio,2020,71980.0,Автомат,Полный,Хэтчбек,917433,6,11997
Toyota,Land Cruiser,2018,117004.0,Механика,Полный,Хэтчбек,1191573,8,14626
Kia,Sportage,2024,41569.0,Автомат,Передний,Кроссовер,1653453,2,20784
Hyundai,Tucson,2012,132222.0,Автомат,Передний,Седан,323265,14,9444
Toyota,Camry,2019,84822.0,Автомат,Полный,Кроссовер,1356985,7,12117
Toyota,Camry,2011,256729.0,Механика,Полный,Седан,269082,15,17115
Kia,Rio,2020,70678.0,Автомат,Передний,Кроссовер,877299,6,11780
BMW,5 Series,2019,147151.0,Механика,Полный,Седан,1369761,7,21022
BMW,X5,2024,37412.0,Автомат,Задний,Седан,2539131,2,18706
Volkswagen,Golf,2021,53028.0,Автомат,Полный,Седан,991002,5,10606
Volkswagen,Passat,2022,71402.0,Автомат,Передний,Кроссовер,1297076,4,17850
Hyundai,Santa Fe,2015,198420.0,Автомат,Передний,Седан,292371,11,18038
Toyota,Corolla,2012,264885.0,Механика,Передний,Седан,334930,14,18920
Volkswagen,Passat,2015,180659.0,Механика,Передний,Хэтчбек,328144,11,16424
Volkswagen,Golf,2013,255392.0,Механика,Полный,Кроссовер,296924,13,19646
Volkswagen,Polo,2024,23509.0,Робот,Полный,Кроссовер,1820216,2,11754
Toyota,RAV4,2023,32619.0,Автомат,Полный,Седан,2571322,3,10873
Volkswagen,Polo,2017,175080.0,Автомат,Передний,Кроссовер,323105,9,19453
Toyota,RAV4,2017,143414.0,Автомат,Полный,Хэтчбек,1124007,9,15935
BMW,3 Series,2012,149969.0,Робот,Задний,Седан,447175,14,10712
BMW,5 Series,2021,73677.0,Механика,Полный,Седан,1700909,5,14735
Toyota,Camry,2019,86713.0,Автомат,Полный,Хэтчбек,1719314,7,12388
Kia,Sportage,2008,358622.0,Автомат,Полный,Седан,307175,18,19923
Hyundai,ix35,2021,108700.0,Автомат,Передний,Кроссовер,976737,5,21740
Toyota,Corolla,2019,158366.0,Робот,Полный,Седан,1217461,7,22624
Volkswagen,Tiguan,2012,184062.0,Механика,Полный,Седан,307487,14,13147
BMW,X3,2018,94162.0,Механика,Полный,Седан,1379123,8,11770
Volkswagen,Passat,2022,57615.0,Механика,Передний,Хэтчбек,1175153,4,14404
Hyundai,Solaris,2012,224177.0,Робот,Передний,Хэтчбек,324832,14,16013
BMW,X3,2014,219376.0,Автомат,Передний,Кроссовер,399013,12,18281
Volkswagen,Passat,2021,61674.0,Автомат,Передний,Седан,1033125,5,12335
Kia,Optima,2022,57156.0,Автомат,Задний,Седан,1131211,4,14289
BMW,X3,2015,188905.0,Автомат,Передний,Седан,536811,11,17173
Hyundai,Santa Fe,2020,89542.0,Автомат,Передний,Седан,1112788,6,14924
Kia,Optima,2013,193365.0,Автомат,Полный,Седан,267343,13,14874
Kia,Optima,2021,58031.0,Автомат,Передний,Седан,1249429,5,11606
Hyundai,Solaris,2017,92309.0,Механика,Полный,Хэтчбек,672762,9,10257
Hyundai,Solaris,2017,51409.0,Автомат,Полный,Хэтчбек,743108,9,5712
Hyundai,Santa Fe,2020,88742.0,Автомат,Полный,Хэтчбек,793163,6,14790
Kia,Optima,2014,261797.0,Автомат,Полный,Седан,336296,12,21816
Volkswagen,Polo,2024,32095.0,Автомат,Передний,Хэтчбек,1599330,2,16048
BMW,X5,2015,109775.0,Автомат,Полный,Седан,761477,11,9980
BMW,3 Series,2010,201095.0,Механика,Передний,Кроссовер,306895,16,12568
Hyundai,Tucson,2021,64217.0,Автомат,Задний,Хэтчбек,1047613,5,12843
Toyota,Corolla,2012,239119.0,Автомат,Передний,Седан,301975,14,17080
BMW,3 Series,2020,66531.0,Механика,Полный,Кроссовер,1613636,6,11088
BMW,3 Series,2008,218552.0,Автомат,Задний,Кроссовер,340019,18,12142
Toyota,RAV4,2022,55812.0,Автомат,Передний,Кроссовер,2385033,4,13953
Volkswagen,Golf,2009,260438.0,Механика,Задний,Седан,290807,17,15320
Kia,Rio,2018,171577.0,Автомат,Передний,Хэтчбек,416304,8,21447
Toyota,Land Cruiser,2022,60340.0,Автомат,Передний,Седан,2222529,4,15085
BMW,3 Series,2022,74187.0,Автомат,Передний,Седан,1957780,4,18547
BMW,3 Series,2020,95980.0,Автомат,Передний,Кроссовер,1706497,6,15997
Kia,Sportage,2018,91408.0,Автомат,Полный,Кроссовер,625743,8,11426
Volkswagen,Polo,2015,157275.0,Автомат,Передний,Хэтчбек,302226,11,14298
Hyundai,ix35,2010,282793.0,Автомат,Передний,Кроссовер,341534,16,17675
Toyota,Corolla,2024,21236.0,Автомат,Полный,Кроссовер,3150076,2,10618
BMW,5 Series,2024,34368.0,Автомат,Задний,Седан,2958122,2,17184
Hyundai,Santa Fe,2021,61715.0,Автомат,Передний,Кроссовер,973191,5,12343
Hyundai,Solaris,2019,129684.0,Автомат,Передний,Седан,559535,7,18526
Hyundai,Solaris,2023,32795.0,Автомат,Передний,Хэтчбек,1487232,3,10932
Kia,Optima,2017,168885.0,Робот,Полный,Седан,287432,9,18765
Volkswagen,Passat,2023,42651.0,Механика,Передний,Хэтчбек,1409546,3,14217
Kia,Optima,2019,146404.0,Робот,Передний,Хэтчбек,516658,7,20915
Hyundai,Tucson,2010,186489.0,Механика,Передний,Седан,298723,16,11656
BMW,5 Series,2022,29843.0,Робот,Передний,Хэтчбек,2250111,4,7461
Volkswagen,Golf,2012,186980.0,Автомат,Передний,Хэтчбек,338839,14,13356
BMW,X5,2015,159238.0,Механика,Полный,Седан,695369,11,14476
BMW,3 Series,2015,185535.0,Автомат,Полный,Хэтчбек,566372,11,16867
Toyota,Camry,2013,221331.0,Автомат,Передний,Седан,321498,13,17025
BMW,X5,2018,89538.0,Автомат,Полный,Хэтчбек,1356987,8,11192
Volkswagen,Tiguan,2016,153099.0,Автомат,Полный,Хэтчбек,267987,10,15310
BMW,3 Series,2019,62863.0,Робот,Полный,Кроссовер,1625641,7,8980
Kia,Rio,2022,62015.0,Механика,Передний,Кроссовер,1349521,4,15504
Hyundai,ix35,2020,88361.0,Автомат,Полный,Седан,812022,6,14727
Volkswagen,Passat,2020,69567.0,Автомат,Передний,Хэтчбек,823594,6,11594
Volkswagen,Tiguan,2024,44693.0,Робот,Передний,Седан,1440337,2,22346
Kia,Sportage,2011,139123.0,Автомат,Полный,Кроссовер,275158,15,9275
BMW,X5,2022,69763.0,Механика,Передний,Хэтчбек,1982278,4,17441
Toyota,Land Cruiser,2023,46883.0,Автомат,Передний,Кроссовер,2379510,3,15628
Toyota,RAV4,2008,384915.0,Автомат,Полный,Кроссовер,261309,18,21384
BMW,X3,2023,40719.0,Механика,Передний,Кроссовер,2285469,3,13573
Volkswagen,Tiguan,2010,240911.0,Механика,Задний,Кроссовер,330284,16,15057
BMW,X5,2014,104335.0,Механика,Полный,Хэтчбек,669896,12,8695
Kia,Sportage,2012,182633.0,Автомат,Полный,Хэтчбек,329963,14,13045
Kia,Rio,2021,101982.0,Автомат,Полный,Седан,896786,5,20396
Kia,Ceed,2015,89233.0,Робот,Передний,Хэтчбек,448572,11,8112
Kia,Ceed,2018,131594.0,Робот,Задний,Кроссовер,575615,8,16449
Volkswagen,Golf,2013,139263.0,Автомат,Полный,Кроссовер,344129,13,10713
Toyota,Camry,2019,100148.0,Механика,Полный,Кроссовер,1372622,7,14307
Hyundai,Solaris,2017,88446.0,Автомат,Полный,Седан,649504,9,9827
Kia,Rio,2023,51868.0,Автомат,Полный,Седан,1242663,3,17289
Kia,Sportage,2016,126831.0,Автомат,Полный,Седан,438228,10,12683
Hyundai,Santa Fe,2009,239701.0,Робот,Передний,Седан,274232,17,14100
Hyundai,Solaris,2010,244651.0,Автомат,Полный,Хэтчбек,277308,16,15291
Kia,Optima,2020,80124.0,Автомат,Передний,Седан,863830,6,13354
Toyota,Corolla,2015,154363.0,Автомат,Передний,Кроссовер,769818,11,14033
Hyundai,Solaris,2024,36240.0,Автомат,Полный,Кроссовер,1431988,2,18120
BMW,X3,2022,70837.0,Автомат,Передний,Кроссовер,2299100,4,17709
BMW,X5,2021,59499.0,Автомат,Передний,Кроссовер,2156914,5,11900
Toyota,Corolla,2013,140682.0,Автомат,Передний,Седан,460054,13,10822
Volkswagen,Passat,2009,136896.0,Автомат,Полный,Кроссовер,286033,17,8053
BMW,X3,2022,43964.0,Автомат,Передний,Хэтчбек,2442024,4,10991
BMW,3 Series,2011,179853.0,Автомат,Передний,Хэтчбек,321415,15,11990
Volkswagen,Tiguan,2011,202397.0,Робот,Передний,Хэтчбек,265555,15,13493
Kia,Sportage,2010,226795.0,Автомат,Полный,Хэтчбек,343665,16,14175
Kia,Ceed,2017,68901.0,Автомат,Полный,Седан,572685,9,7656
Toyota,Land Cruiser,2008,213516.0,Автомат,Передний,Хэтчбек,256458,18,11862
Kia,Optima,2024,22381.0,Механика,Передний,Хэтчбек,1492705,2,11190
Kia,Ceed,2018,98336.0,Механика,Передний,Седан,731675,8,12292
Kia,Rio,2023,32924.0,Автомат,Передний,Седан,1367215,3,10975
Volkswagen,Golf,2016,136240.0,Механика,Передний,Седан,311847,10,13624
Hyundai,Santa Fe,2018,131749.0,Автомат,Передний,Седан,459649,8,16469
Hyundai,Tucson,2023,30184.0,Автомат,Полный,Кроссовер,1573252,3,10061
BMW,X3,2009,269899.0,Автомат,Полный,Кроссовер,257221,17,15876
Volkswagen,Tiguan,2021,76542.0,Автомат,Полный,Седан,1153472,5,15308
Kia,Optima,2013,143120.0,Автомат,Полный,Кроссовер,282709,13,11009
Volkswagen,Golf,2013,248905.0,Автомат,Передний,Хэтчбек,262350,13,19147
Volkswagen,Golf,2015,157833.0,Автомат,Полный,Кроссовер,314855,11,14348
Volkswagen,Passat,2021,53961.0,Автомат,Передний,Кроссовер,1123786,5,10792
BMW,5 Series,2012,197922.0,Механика,Полный,Хэтчбек,335208,14,14137
Volkswagen,Passat,2010,184130.0,Автомат,Передний,Седан,263288,16,11508
Volkswagen,Passat,2010,247878.0,Механика,Передний,Седан,309642,16,15492
BMW,X5,2015,205670.0,Автомат,Передний,Хэтчбек,455031,11,18697
Toyota,Camry,2023,38256.0,Автомат,Передний,Кроссовер,2773658,3,12752
Volkswagen,Golf,2008,343054.0,Механика,Передний,Хэтчбек,265760,18,19059
BMW,3 Series,2016,137043.0,Робот,Передний,Хэтчбек,800268,10,13704
BMW,3 Series,2022,81279.0,Механика,Полный,Хэтчбек,1941762,4,20320
Kia,Sportage,2023,33220.0,Автомат,Полный,Хэтчбек,1633167,3,11073
Toyota,Land Cruiser,2022,43063.0,Автомат,Передний,Седан,2111513,4,10766
Toyota,RAV4,2009,389018.0,Автомат,Передний,Седан,268852,17,22883
Toyota,Land Cruiser,2015,164143.0,Автомат,Полный,Хэтчбек,693945,11,14922
Volkswagen,Golf,2019,119077.0,Автомат,Задний,Седан,728848,7,17011
Hyundai,ix35,2011,332781.0,Автомат,Полный,Седан,282651,15,22185
BMW,5 Series,2016,129224.0,Автомат,Задний,Седан,996941,10,12922
Volkswagen,Passat,2008,245454.0,Автомат,Передний,Седан,299937,18,13636
Toyota,Land Cruiser,2021,51933.0,Автомат,Полный,Хэтчбек,1702107,5,10387
Toyota,Corolla,2013,107258.0,Автомат,Передний,Хэтчбек,680765,13,8251
Kia,Rio,2016,127213.0,Автомат,Передний,Хэтчбек,363695,10,12721
Hyundai,Santa Fe,2009,202898.0,Автомат,Полный,Седан,260270,17,11935
Hyundai,Solaris,2016,115777.0,Автомат,Полный,Седан,377741,10,11578
BMW,X3,2023,32664.0,Автомат,Полный,Хэтчбек,2595599,3,10888
Hyundai,Solaris,2023,41056.0,Автомат,Передний,Седан,1447514,3,13685
BMW,X3,2011,106439.0,Механика,Передний,Хэтчбек,503587,15,7096
Kia,Sportage,2020,127000.0,Механика,Передний,Седан,780663,6,21167
Volkswagen,Tiguan,2017,78141.0,Автомат,Полный,Седан,658353,9,8682
Hyundai,Tucson,2019,88482.0,Автомат,Передний,Хэтчбек,760271,7,12640
Kia,Ceed,2014,220525.0,Робот,Передний,Кроссовер,336498,12,18377
BMW,X5,2018,130426.0,Автомат,Полный,Седан,1088832,8,16303
Kia,Rio,2023,59500.0,Механика,Передний,Хэтчбек,1445601,3,19833
Hyundai,Tucson,2020,100419.0,Механика,Передний,Хэтчбек,785151,6,16736
Kia,Ceed,2014,200502.0,Автомат,Передний,Хэтчбек,321806,12,16708
Volkswagen,Passat,2010,231830.0,Автомат,Передний,Хэтчбек,272474,16,14489
BMW,X5,2010,204121.0,Автомат,Полный,Кроссовер,344512,16,12758
Hyundai,Santa Fe,2021,78505.0,Механика,Передний,Хэтчбек,1079438,5,15701
Hyundai,ix35,2019,67571.0,Робот,Полный,Седан,866416,7,9653
Hyundai,Santa Fe,2018,155380.0,Автомат,Задний,Хэтчбек,462935,8,19422
Kia,Ceed,2022,74747.0,Автомат,Полный,Кроссовер,1024232,4,18687
Hyundai,Tucson,2023,46324.0,Механика,Передний,Седан,1435063,3,15441
Volkswagen,Polo,2022,68118.0,Автомат,Полный,Кроссовер,1209696,4,17030
BMW,X5,2020,68460.0,Механика,Задний,Кроссовер,1846146,6,11410
Volkswagen,Golf,2016,97512.0,Механика,Полный,Седан,439670,10,9751
Toyota,RAV4,2019,89486.0,Автомат,Полный,Хэтчбек,1301638,7,12784
Hyundai,ix35,2010,342346.0,Автомат,Передний,Седан,291246,16,21397
BMW,5 Series,2023,60383.0,Робот,Передний,Хэтчбек,2753160,3,20128
Volkswagen,Tiguan,2015,192856.0,Автомат,Передний,Седан,286989,11,17532
Toyota,Corolla,2020,125938.0,Автомат,Передний,Хэтчбек,1460919,6,20990
BMW,5 Series,2022,89723.0,Автомат,Передний,Седан,1800287,4,22431
Toyota,RAV4,2016,128195.0,Автомат,Полный,Кроссовер,911031,10,12820
BMW,3 Series,2024,42183.0,Механика,Передний,Седан,2343437,2,21092
Toyota,Camry,2013,180897.0,Автомат,Передний,Кроссовер,390594,13,13915
Toyota,RAV4,2024,25109.0,Автомат,Передний,Хэтчбек,3144836,2,12554
BMW,3 Series,2020,64657.0,Автомат,Передний,Кроссовер,1925123,6,10776
Toyota,Camry,2023,44816.0,Автомат,Передний,Седан,2243085,3,14939
Kia,Optima,2019,90858.0,Автомат,Полный,Кроссовер,762912,7,12980
Hyundai,Santa Fe,2018,160757.0,Автомат,Передний,Седан,464787,8,20095
Kia,Optima,2016,86442.0,Механика,Передний,Седан,593115,10,8644
Toyota,Camry,2012,292886.0,Автомат,Полный,Седан,334732,14,20920
Volkswagen,Polo,2011,263969.0,Автомат,Передний,Кроссовер,267386,15,17598
Toyota,Corolla,2012,189620.0,Автомат,Полный,Кроссовер,315740,14,13544
Kia,Optima,2016,118805.0,Автомат,Передний,Хэтчбек,360278,10,11880
Volkswagen,Tiguan,2012,270591.0,Механика,Полный,Седан,284570,14,19328
Hyundai,ix35,2009,249902.0,Механика,Полный,Хэтчбек,283097,17,14700
Kia,Ceed,2012,212565.0,Автомат,Передний,Хэтчбек,302106,14,15183
Hyundai,Santa Fe,2022,66744.0,Механика,Передний,Седан,1275581,4,16686
Toyota,Camry,2023,48201.0,Автомат,Передний,Седан,2333215,3,16067
BMW,X5,2017,163084.0,Механика,Полный,Кроссовер,1041482,9,18120
Kia,Ceed,2013,199371.0,Механика,Передний,Кроссовер,315242,13,15336
Toyota,RAV4,2009,254023.0,Автомат,Полный,Хэтчбек,322664,17,14943
Toyota,Land Cruiser,2023,43438.0,Автомат,Полный,Кроссовер,2848266,3,14479
Volkswagen,Passat,2015,114707.0,Механика,Передний,Хэтчбек,374494,11,10428
Toyota,Land Cruiser,2013,237648.0,Автомат,Передний,Хэтчбек,330279,13,18281
Volkswagen,Polo,2011,120636.0,Автомат,Полный,Хэтчбек,318844,15,8042
Toyota,Land Cruiser,2021,89092.0,Механика,Полный,Хэтчбек,1671203,5,17818
BMW,X3,2021,64718.0,Автомат,Полный,Хэтчбек,1822853,5,12944
Toyota,RAV4,2022,56666.0,Механика,Передний,Кроссовер,1963506,4,14166
BMW,3 Series,2020,88537.0,Автомат,Передний,Седан,1510295,6,14756
Volkswagen,Passat,2013,206516.0,Автомат,Передний,Седан,261602,13,15886
Hyundai,Santa Fe,2010,186080.0,Автомат,Передний,Кроссовер,314471,16,11630
Hyundai,Solaris,2012,232578.0,Автомат,Передний,Хэтчбек,259925,14,16613
Hyundai,ix35,2017,109271.0,Автомат,Передний,Седан,562118,9,12141
Hyundai,ix35,2011,256276.0,Автомат,Передний,Хэтчбек,321962,15,17085
Hyundai,Santa Fe,2017,131166.0,Механика,Передний,Кроссовер,475464,9,14574
Volkswagen,Tiguan,2024,26369.0,Механика,Полный,Хэтчбек,1433176,2,13184
Kia,Sportage,2011,225648.5,Робот,Полный,Седан,325425,15,15043
BMW,5 Series,2024,32370.0,Механика,Передний,Кроссовер,2814014,2,16185
Hyundai,Solaris,2022,37261.0,Механика,Передний,Хэтчбек,1128021,4,9315
Hyundai,Tucson,2024,25862.0,Автомат,Полный,Хэтчбек,1512520,2,12931
Hyundai,Solaris,2010,182478.0,Робот,Полный,Хэтчбек,284714,16,11405
Kia,Rio,2023,20964.0,Механика,Задний,Седан,1445638,3,6988
Hyundai,Solaris,2021,79661.0,Автомат,Передний,Седан,1175887,5,15932
Volkswagen,Polo,2013,193130.0,Автомат,Задний,Хэтчбек,321409,13,14856
BMW,X5,2015,150831.0,Механика,Полный,Кроссовер,780690,11,13712
BMW,3 Series,2014,168432.0,Автомат,Полный,Кроссовер,521897,12,14036
Toyota,RAV4,2017,126535.0,Механика,Полный,Кроссовер,1100938,9,14059
Volkswagen,Tiguan,2013,124203.0,Механика,Передний,Кроссовер,258583,13,9554
Kia,Rio,2014,223274.0,Механика,Передний,Кроссовер,267707,12,18606
Kia,Rio,2023,57721.0,Робот,Передний,Седан,1390146,3,19240
Toyota,Corolla,2010,215653.0,Робот,Задний,Хэтчбек,329334,16,13478
Kia,Ceed,2014,164113.0,Механика,Полный,Седан,287036,12,13676
Kia,Sportage,2011,130798.0,Автомат,Задний,Хэтчбек,281990,15,8720
BMW,X3,2023,48790.0,Механика,Передний,Хэтчбек,2624110,3,16263
Toyota,RAV4,2009,277644.0,Автомат,Передний,Седан,261504,17,16332
Kia,Rio,2018,44960.0,Автомат,Полный,Хэтчбек,737629,8,5620
Hyundai,ix35,2015,174451.0,Автомат,Полный,Кроссовер,277099,11,15859
Hyundai,Santa Fe,2024,18551.0,Автомат,Полный,Седан,1545199,2,9276
Toyota,Camry,2017,84952.0,Автомат,Задний,Седан,1092839,9,9439
Hyundai,ix35,2011,234465.0,Автомат,Полный,Хэтчбек,334280,15,15631
Hyundai,ix35,2022,35890.0,Механика,Передний,Седан,1301150,4,8972
Kia,Sportage,2024,29965.0,Автомат,Передний,Седан,1861964,2,14982
Toyota,Camry,2019,124400.0,Автомат,Передний,Хэтчбек,1510426,7,17771
BMW,X3,2014,207963.0,Автомат,Полный,Кроссовер,430231,12,17330
Hyundai,ix35,2017,129285.0,Автомат,Передний,Седан,475320,9,14365
Hyundai,Tucson,2018,100251.0,Автомат,Полный,Кроссовер,696768,8,12531
Volkswagen,Golf,2010,234404.0,Автомат,Полный,Кроссовер,318655,16,14650
Kia,Optima,2023,51579.0,Автомат,Передний,Кроссовер,1360268,3,17193
Volkswagen,Passat,2024,31452.0,Автомат,Полный,Хэтчбек,1645850,2,15726
Kia,Optima,2011,297898.0,Автомат,Передний,Кроссовер,301410,15,19860
Volkswagen,Golf,2011,204033.0,Механика,Полный,Хэтчбек,272256,15,13602
Toyota,RAV4,2018,95277.0,Автомат,Передний,Кроссовер,1187138,8,11910
Toyota,RAV4,2012,227610.0,Механика,Передний,Кроссовер,301626,14,16258
Volkswagen,Polo,2018,178819.0,Механика,Задний,Кроссовер,366182,8,22352
Kia,Optima,2013,107148.0,Автомат,Полный,Кроссовер,326270,13,8242
Toyota,Camry,2019,110412.0,Автомат,Передний,Седан,1370909,7,15773
Hyundai,Santa Fe,2012,163278.0,Автомат,Передний,Кроссовер,309222,14,11663
Hyundai,Tucson,2015,190671.0,Автомат,Передний,Седан,328183,11,17334
BMW,3 Series,2017,204244.0,Автомат,Передний,Кроссовер,697606,9,22694
BMW,X3,2014,142818.0,Автомат,Полный,Седан,541406,12,11902
BMW,5 Series,2019,108872.0,Автомат,Передний,Кроссовер,1435325,7,15553
Volkswagen,Polo,2014,155797.0,Автомат,Передний,Кроссовер,296113,12,12983
BMW,X3,2017,135814.0,Механика,Передний,Седан,1012054,9,15090
Kia,Rio,2015,103155.0,Механика,Передний,Хэтчбек,384688,11,9378
Volkswagen,Tiguan,2022,51716.0,Автомат,Полный,Седан,1335091,4,12929
Volkswagen,Tiguan,2019,102533.0,Автомат,Передний,Кроссовер,842659,7,14648
Kia,Sportage,2011,115400.0,Автомат,Полный,Седан,296008,15,7693
Toyota,RAV4,2023,46692.0,Автомат,Задний,Кроссовер,2187058,3,15564
Kia,Rio,2023,56122.0,Автомат,Передний,Седан,1411362,3,18707
Kia,Sportage,2019,166718.0,Робот,Полный,Седан,495613,7,23817
BMW,5 Series,2012,269736.0,Автомат,Передний,Седан,323971,14,19267
Volkswagen,Polo,2012,191972.0,Автомат,Полный,Кроссовер,266815,14,13712
Kia,Ceed,2017,208784.0,Автомат,Передний,Хэтчбек,271564,9,23198
Volkswagen,Tiguan,2008,249416.0,Автомат,Полный,Кроссовер,258630,18,13856
Volkswagen,Polo,2023,40553.0,Механика,Передний,Хэтчбек,1329604,3,13518
Volkswagen,Passat,2011,128774.0,Механика,Полный,Седан,258098,15,8585
BMW,5 Series,2012,66846.0,Механика,Полный,Хэтчбек,623686,14,4775
Kia,Rio,2014,186789.0,Робот,Полный,Седан,263930,12,15566
BMW,3 Series,2008,310384.0,Робот,Задний,Хэтчбек,326819,18,17244
Volkswagen,Polo,2017,89877.0,Автомат,Задний,Седан,513949,9,9986
BMW,3 Series,2019,123237.0,Механика,Полный,Хэтчбек,1562318,7,17605
Hyundai,Solaris,2009,165303.0,Механика,Передний,Кроссовер,267001,17,9724
Kia,Ceed,2017,103231.0,Механика,Передний,Хэтчбек,475271,9,11470
Toyota,RAV4,2017,83751.0,Механика,Передний,Седан,1264160,9,9306
BMW,3 Series,2016,88599.0,Робот,Передний,Седан,907060,10,8860
Toyota,Corolla,2009,291551.0,Механика,Передний,Седан,307386,17,17150
Volkswagen,Passat,2011,215961.0,Автомат,Полный,Кроссовер,262490,15,14397
Hyundai,Tucson,2024,30172.0,Автомат,Передний,Хэтчбек,1830338,2,15086
Kia,Ceed,2022,51290.0,Автомат,Полный,Кроссовер,1414873,4,12822
Volkswagen,Tiguan,2021,93626.0,Автомат,Передний,Хэтчбек,989879,5,18725
Hyundai,Santa Fe,2011,293497.0,Автомат,Передний,Кроссовер,271124,15,19566
Volkswagen,Tiguan,2017,119082.0,Автомат,Передний,Хэтчбек,495748,9,13231
Hyundai,Santa Fe,2024,23229.0,Автомат,Передний,Кроссовер,1436441,2,11614
BMW,3 Series,2015,139264.0,Автомат,Передний,Седан,642310,11,12660
Hyundai,Tucson,2018,65340.0,Автомат,Полный,Кроссовер,836526,8,8168
Toyota,Camry,2023,76652.0,Робот,Полный,Седан,2211920,3,25551
BMW,3 Series,2022,44231.0,Автомат,Задний,Хэтчбек,2461264,4,11058
Toyota,Camry,2015,122331.0,Автомат,Передний,Седан,705880,11,11121
BMW,X3,2019,97822.0,Робот,Задний,Хэтчбек,1360146,7,13975
Hyundai,Solaris,2016,128478.0,Автомат,Полный,Хэтчбек,398205,10,12848
Kia,Sportage,2016,224265.0,Механика,Задний,Кроссовер,341025,10,22426
Hyundai,Solaris,2011,196094.0,Автомат,Передний,Кроссовер,331798,15,13073
BMW,X3,2016,129296.0,Автомат,Передний,Хэтчбек,940830,10,12930
Hyundai,Tucson,2018,110455.0,Автомат,Передний,Хэтчбек,526110,8,13807
Hyundai,Solaris,2010,122118.0,Механика,Передний,Кроссовер,322553,16,7632
Kia,Ceed,2014,222819.0,Автомат,Передний,Седан,262164,12,18568
BMW,5 Series,2014,162718.0,Автомат,Задний,Седан,537687,12,13560
Kia,Optima,2013,222258.0,Автомат,Полный,Кроссовер,276959,13,17097
Toyota,Corolla,2012,319684.0,Механика,Передний,Седан,302348,14,22835
BMW,3 Series,2013,202476.0,Автомат,Полный,Кроссовер,304421,13,15575
Hyundai,Solaris,2019,107206.0,Автомат,Полный,Хэтчбек,703619,7,15315
Kia,Ceed,2019,109686.0,Робот,Передний,Седан,607664,7,15669
Toyota,Land Cruiser,2014,158033.0,Автомат,Полный,Седан,557491,12,13169
Kia,Rio,2010,251884.0,Робот,Полный,Хэтчбек,261539,16,15743
BMW,3 Series,2023,36409.0,Механика,Передний,Кроссовер,2337732,3,12136
Toyota,Camry,2017,105679.0,Автомат,Полный,Кроссовер,1090968,9,11742
BMW,X3,2010,199678.0,Автомат,Передний,Хэтчбек,279101,16,12480
Hyundai,Santa Fe,2020,107566.0,Механика,Полный,Хэтчбек,866228,6,17928
BMW,X3,2024,31235.0,Автомат,Передний,Хэтчбек,3095457,2,15618
Toyota,Corolla,2010,218460.0,Автомат,Передний,Кроссовер,317362,16,13654
Volkswagen,Polo,2020,108113.0,Автомат,Полный,Кроссовер,704593,6,18019
Volkswagen,Tiguan,2018,126381.0,Механика,Передний,Седан,578962,8,15798
Kia,Ceed,2015,162901.0,Автомат,Задний,Хэтчбек,300371,11,14809
Hyundai,Tucson,2023,39666.0,Автомат,Передний,Кроссовер,1442796,3,13222
Volkswagen,Passat,2021,87988.0,Механика,Передний,Кроссовер,1120224,5,17598
Volkswagen,Polo,2008,311888.0,Автомат,Полный,Хэтчбек,329137,18,17327
Volkswagen,Polo,2017,118069.0,Робот,Передний,Седан,508765,9,13119
Kia,Optima,2009,144514.0,Автомат,Передний,Хэтчбек,336959,17,8501
BMW,3 Series,2014,200428.0,Автомат,Передний,Хэтчбек,391266,12,16702
Kia,Ceed,2013,252618.0,Автомат,Полный,Кроссовер,330147,13,19432
Kia,Optima,2016,140469.0,Автомат,Полный,Кроссовер,379262,10,14047
Hyundai,Tucson,2018,80286.0,Механика,Полный,Хэтчбек,685484,8,10036
Kia,Ceed,2011,254238.0,Механика,Передний,Хэтчбек,277958,15,16949
Hyundai,ix35,2018,154301.0,Автомат,Передний,Хэтчбек,403714,8,19288
BMW,3 Series,2017,131245.0,Автомат,Задний,Седан,968358,9,14583
BMW,5 Series,2024,24922.0,Автомат,Задний,Хэтчбек,2792457,2,12461
Kia,Rio,2020,64400.0,Автомат,Передний,Хэтчбек,1027103,6,10733
Hyundai,Santa Fe,2012,271733.0,Автомат,Полный,Кроссовер,295413,14,19410
Toyota,Camry,2009,322713.0,Автомат,Передний,Седан,339389,17,18983
Hyundai,ix35,2014,205406.0,Автомат,Передний,Хэтчбек,311794,12,17117
Volkswagen,Golf,2015,155649.0,Автомат,Полный,Хэтчбек,316540,11,14150
Kia,Rio,2023,59147.0,Механика,Передний,Кроссовер,1209019,3,19716
Hyundai,Santa Fe,2023,33144.0,Автомат,Задний,Кроссовер,1418322,3,11048
Toyota,Land Cruiser,2020,91544.0,Автомат,Полный,Хэтчбек,1836386,6,15257
Volkswagen,Polo,2017,114119.0,Автомат,Передний,Кроссовер,549592,9,12680
Toyota,Camry,2017,93369.0,Автомат,Передний,Кроссовер,1280863,9,10374
Volkswagen,Tiguan,2013,250505.0,Механика,Передний,Кроссовер,256725,13,19270
Toyota,Camry,2020,103288.0,Автомат,Передний,Седан,1759973,6,17215
BMW,3 Series,2020,78940.0,Механика,Полный,Хэтчбек,1786168,6,13157
Hyundai,Tucson,2018,108050.0,Механика,Передний,Хэтчбек,700865,8,13506
Volkswagen,Tiguan,2018,87017.0,Автомат,Полный,Хэтчбек,685932,8,10877
BMW,X5,2024,21651.0,Механика,Передний,Хэтчбек,2573300,2,10826
BMW,X3,2011,230572.0,Автомат,Передний,Седан,263371,15,15371
Hyundai,Solaris,2023,28470.0,Автомат,Полный,Хэтчбек,1335149,3,9490
Toyota,Camry,2012,285412.0,Автомат,Полный,Хэтчбек,256590,14,20387
Volkswagen,Tiguan,2024,19910.0,Механика,Полный,Кроссовер,1651892,2,9955
Hyundai,ix35,2009,329152.0,Робот,Задний,Хэтчбек,266862,17,19362
Toyota,Land Cruiser,2009,336591.0,Автомат,Полный,Кроссовер,328539,17,19799
BMW,X3,2014,137496.0,Автомат,Задний,Кроссовер,720214,12,11458
Hyundai,ix35,2008,281655.0,Автомат,Полный,Седан,337098,18,15648
Volkswagen,Tiguan,2021,48298.0,Механика,Полный,Седан,1142357,5,9660
Hyundai,Santa Fe,2014,127671.0,Автомат,Полный,Хэтчбек,333169,12,10639
Kia,Optima,2013,236176.0,Робот,Передний,Хэтчбек,314657,13,18167
BMW,X3,2012,178044.0,Автомат,Полный,Кроссовер,277454,14,12717
Volkswagen,Polo,2017,133601.5,Автомат,Передний,Хэтчбек,456186,9,14845
Volkswagen,Tiguan,2016,116026.0,Автомат,Задний,Седан,423259,10,11603
Toyota,Camry,2014,163743.0,Автомат,Передний,Хэтчбек,627025,12,13645
Kia,Rio,2021,71557.0,Автомат,Передний,Седан,1150440,5,14311
Toyota,Corolla,2009,253761.5,Автомат,Полный,Кроссовер,258096,17,14927
Hyundai,Tucson,2013,205204.0,Механика,Полный,Седан,328224,13,15785
BMW,5 Series,2018,82756.0,Автомат,Передний,Седан,1414713,8,10344
Volkswagen,Passat,2018,178611.0,Механика,Передний,Седан,336266,8,22326
Hyundai,Solaris,2015,153312.0,Механика,Передний,Хэтчбек,340094,11,13937
Kia,Ceed,2017,172314.0,Механика,Полный,Кроссовер,300986,9,19146
Toyota,Camry,2022,59346.0,Автомат,Передний,Седан,2276621,4,14836
Volkswagen,Polo,2012,219419.0,Автомат,Полный,Кроссовер,303711,14,15673
Hyundai,Solaris,2023,45834.0,Автомат,Передний,Седан,1621072,3,15278
Kia,Sportage,2017,203458.0,Механика,Полный,Седан,262351,9,22606
Volkswagen,Tiguan,2013,187709.0,Автомат,Задний,Седан,303864,13,14439
Kia,Rio,2020,120330.0,Автомат,Передний,Хэтчбек,719690,6,20055
BMW,5 Series,2020,82924.0,Автомат,Полный,Хэтчбек,1588037,6,13821
Hyundai,Solaris,2010,180051.0,Автомат,Передний,Кроссовер,341803,16,11253
Hyundai,Tucson,2011,266566.0,Механика,Полный,Кроссовер,300824,15,17771
Volkswagen,Polo,2023,58269.0,Робот,Передний,Хэтчбек,1474837,3,19423
Volkswagen,Passat,2023,37173.0,Автомат,Передний,Седан,1296290,3,12391
Toyota,RAV4,2009,145853.0,Механика,Полный,Седан,343223,17,8580
Kia,Sportage,2023,46515.0,Автомат,Передний,Хэтчбек,1280595,3,15505
Hyundai,ix35,2017,118111.0,Автомат,Полный,Кроссовер,521605,9,13123
Toyota,Land Cruiser,2010,271365.0,Автомат,Полный,Седан,268306,16,16960
Volkswagen,Passat,2012,240668.0,Автомат,Передний,Хэтчбек,306821,14,17191
Volkswagen,Passat,2018,143130.0,Механика,Полный,Кроссовер,566102,8,17891
Volkswagen,Polo,2013,200813.0,Механика,Передний,Кроссовер,323863,13,15447
Hyundai,ix35,2010,173048.0,Механика,Полный,Кроссовер,262541,16,10816
Toyota,Land Cruiser,2012,236510.0,Автомат,Передний,Кроссовер,327332,14,16894
Toyota,Land Cruiser,2012,299842.0,Автомат,Полный,Седан,278460,14,21417
Volkswagen,Polo,2017,133601.5,Механика,Передний,Седан,439117,9,14845
BMW,3 Series,2015,141470.0,Механика,Передний,Седан,789128,11,12861
Hyundai,Solaris,2012,226518.0,Автомат,Полный,Седан,266412,14,16180
BMW,5 Series,2012,198800.0,Автомат,Полный,Хэтчбек,331785,14,14200
Hyundai,ix35,2024,21766.0,Автомат,Передний,Седан,1701556,2,10883
BMW,5 Series,2014,231994.0,Автомат,Передний,Седан,325036,12,19333
Volkswagen,Tiguan,2024,25488.0,Робот,Задний,Кроссовер,1684417,2,12744
Hyundai,Santa Fe,2017,103157.0,Автомат,Передний,Хэтчбек,519210,9,11462
Kia,Optima,2015,142093.0,Автомат,Передний,Кроссовер,341896,11,12918
BMW,X3,2024,29914.0,Автомат,Полный,Кроссовер,2969061,2,14957
Volkswagen,Tiguan,2010,153168.0,Автомат,Передний,Хэтчбек,305736,16,9573
Volkswagen,Tiguan,2022,64917.0,Автомат,Полный,Хэтчбек,1379790,4,16229
Kia,Optima,2024,28017.0,Автомат,Передний,Седан,1510100,2,14008
Volkswagen,Passat,2021,93470.0,Механика,Задний,Седан,1050485,5,18694
Toyota,RAV4,2010,172760.0,Автомат,Полный,Кроссовер,325805,16,10798
BMW,5 Series,2019,153875.0,Автомат,Полный,Хэтчбек,1109109,7,21982
Kia,Optima,2022,74741.0,Механика,Полный,Седан,1244908,4,18685
Kia,Ceed,2018,132249.0,Механика,Передний,Седан,483007,8,16531
Kia,Sportage,2017,134178.0,Механика,Задний,Хэтчбек,462502,9,14909
Toyota,Camry,2014,147494.0,Механика,Передний,Седан,654679,12,12291
Volkswagen,Golf,2021,83311.0,Автомат,Передний,Хэтчбек,896664,5,16662
Kia,Sportage,2008,143127.0,Автомат,Передний,Седан,302430,18,7952
Toyota,Land Cruiser,2011,205825.0,Автомат,Передний,Хэтчбек,308414,15,13722
Hyundai,Santa Fe,2014,167999.0,Автомат,Передний,Седан,281749,12,14000
Toyota,RAV4,2012,160596.0,Автомат,Передний,Хэтчбек,316920,14,11471
Hyundai,Tucson,2019,106499.0,Автомат,Полный,Седан,672830,7,15214
Kia,Sportage,2015,207750.0,Автомат,Передний,Хэтчбек,338849,11,18886
Hyundai,ix35,2009,228352.0,Автомат,Передний,Седан,287544,17,13432
BMW,X5,2014,131147.0,Автомат,Полный,Седан,761238,12,10929
Kia,Sportage,2019,142298.0,Робот,Полный,Хэтчбек,579150,7,20328
Kia,Optima,2023,22667.0,Автомат,Передний,Хэтчбек,1701892,3,7556
Volkswagen,Passat,2021,89492.0,Автомат,Передний,Кроссовер,911598,5,17898
Kia,Rio,2021,57364.0,Автомат,Передний,Хэтчбек,1053443,5,11473
Toyota,Land Cruiser,2017,174475.0,Механика,Полный,Хэтчбек,1017693,9,19386
Kia,Ceed,2010,99759.0,Автомат,Передний,Седан,259576,16,6235
Toyota,Corolla,2015,217702.0,Автомат,Полный,Хэтчбек,517807,11,19791
BMW,3 Series,2022,79915.0,Механика,Полный,Кроссовер,2160277,4,19979
Toyota,Camry,2018,87802.0,Автомат,Передний,Кроссовер,1171981,8,10975
Hyundai,Santa Fe,2010,105490.0,Робот,Полный,Седан,333128,16,6593
Hyundai,Solaris,2021,56210.0,Механика,Передний,Хэтчбек,1173779,5,11242
Volkswagen,Passat,2015,214246.0,Автомат,Полный,Хэтчбек,287559,11,19477
BMW,5 Series,2023,31673.0,Автомат,Полный,Седан,2638613,3,10558
Kia,Sportage,2020,59000.0,Автомат,Передний,Седан,982918,6,9833
Hyundai,ix35,2016,114901.0,Автомат,Передний,Хэтчбек,410855,10,11490
BMW,X5,2021,26909.0,Механика,Передний,Седан,2065298,5,5382
BMW,X3,2010,326036.0,Механика,Передний,Хэтчбек,279629,16,20377
Toyota,Land Cruiser,2008,363114.0,Автомат,Задний,Хэтчбек,301638,18,20173
Toyota,Corolla,2014,78972.0,Робот,Полный,Кроссовер,843498,12,6581
Hyundai,Tucson,2020,139012.0,Механика,Передний,Хэтчбек,748725,6,23169
Hyundai,Santa Fe,2017,133601.5,Робот,Задний,Хэтчбек,597185,9,14845
Volkswagen,Polo,2012,280242.0,Робот,Полный,Кроссовер,270630,14,20017
Toyota,Camry,2010,259837.0,Автомат,Задний,Хэтчбек,280179,16,16240
Kia,Sportage,2015,187961.0,Автомат,Полный,Седан,267645,11,17087
BMW,X3,2021,33510.0,Автомат,Полный,Кроссовер,2097073,5,6702
Volkswagen,Tiguan,2023,44735.0,Автомат,Полный,Седан,1407375,3,14912
Volkswagen,Polo,2011,216689.0,Механика,Передний,Кроссовер,282990,15,14446
BMW,X3,2014,159653.0,Механика,Полный,Седан,636117,12,13304
BMW,X5,2009,225269.0,Автомат,Задний,Кроссовер,279145,17,13251
Kia,Optima,2018,67974.0,Автомат,Передний,Кроссовер,824111,8,8497
Toyota,Land Cruiser,2012,236758.0,Механика,Полный,Седан,256893,14,16911
Toyota,Land Cruiser,2021,72448.0,Автомат,Полный,Хэтчбек,2001420,5,14490
Hyundai,Solaris,2019,54018.0,Робот,Передний,Кроссовер,969385,7,7717
Toyota,RAV4,2009,207007.0,Робот,Полный,Седан,340391,17,12177
Kia,Ceed,2020,71595.0,Робот,Полный,Хэтчбек,875732,6,11932
Toyota,RAV4,2013,198539.0,Робот,Полный,Седан,357488,13,15272
Hyundai,Santa Fe,2015,117757.0,Автомат,Передний,Хэтчбек,331251,11,10705
Kia,Optima,2023,45972.0,Механика,Передний,Кроссовер,1485288,3,15324
Kia,Ceed,2021,63244.0,Автомат,Полный,Хэтчбек,947570,5,12649
Kia,Rio,2014,113656.0,Автомат,Передний,Хэтчбек,258236,12,9471
Toyota,Corolla,2011,233975.0,Механика,Полный,Хэтчбек,273597,15,15598
Hyundai,Santa Fe,2009,261652.0,Механика,Полный,Седан,331079,17,15391
Kia,Ceed,2022,87078.0,Механика,Передний,Кроссовер,1044198,4,21770
Volkswagen,Polo,2024,32116.0,Механика,Полный,Хэтчбек,1580771,2,16058
Volkswagen,Polo,2009,226440.0,Автомат,Передний,Кроссовер,277532,17,13320
Toyota,Camry,2018,110653.0,Автомат,Полный,Седан,1436270,8,13832
Hyundai,ix35,2014,124901.0,Механика,Полный,Кроссовер,301964,12,10408
BMW,3 Series,2010,288720.0,Механика,Полный,Хэтчбек,304857,16,18045
Volkswagen,Golf,2012,223123.0,Механика,Передний,Седан,268935,14,15937
BMW,5 Series,2020,112906.0,Механика,Передний,Седан,1622042,6,18818
BMW,3 Series,2021,83849.0,Робот,Полный,Кроссовер,1817184,5,16770
Toyota,Camry,2008,193022.0,Робот,Полный,Седан,315223,18,10723
Hyundai,Solaris,2020,84527.0,Автомат,Передний,Хэтчбек,906198,6,14088
Toyota,Land Cruiser,2021,103776.0,Автомат,Полный,Хэтчбек,1865465,5,20755
Hyundai,ix35,2018,37149.0,Автомат,Полный,Хэтчбек,789820,8,4644
Toyota,RAV4,2020,139493.0,Автомат,Полный,Седан,1602092,6,23249
Hyundai,ix35,2022,88556.0,Автомат,Передний,Седан,1243464,4,22139
Hyundai,Santa Fe,2021,75269.0,Автомат,Полный,Хэтчбек,1013424,5,15054
Kia,Ceed,2014,129310.0,Механика,Полный,Седан,261237,12,10776
Hyundai,Santa Fe,2016,139722.0,Автомат,Полный,Хэтчбек,368350,10,13972
Toyota,Land Cruiser,2018,121031.5,Механика,Полный,Седан,1104259,8,15129
Kia,Sportage,2016,142128.0,Автомат,Передний,Седан,332157,10,14213
Kia,Rio,2018,55892.0,Механика,Передний,Кроссовер,898539,8,6986
BMW,X5,2019,128757.0,Механика,Передний,Седан,1268036,7,18394
BMW,3 Series,2018,131552.0,Автомат,Полный,Седан,1240730,8,16444
Hyundai,Solaris,2010,301958.0,Автомат,Полный,Седан,291079,16,18872
Kia,Optima,2018,139365.0,Механика,Передний,Седан,558037,8,17421
Kia,Optima,2008,267079.0,Автомат,Полный,Седан,282407,18,14838
BMW,X5,2016,193645.0,Механика,Передний,Хэтчбек,718389,10,19364
Volkswagen,Golf,2016,138370.0,Автомат,Полный,Седан,379975,10,13837
Hyundai,Tucson,2023,26994.0,Автомат,Полный,Кроссовер,1682644,3,8998
Volkswagen,Polo,2024,27226.0,Автомат,Полный,Кроссовер,1689230,2,13613
Kia,Sportage,2022,35839.0,Робот,Передний,Кроссовер,1357017,4,8960
Hyundai,ix35,2009,240003.0,Автомат,Полный,Кроссовер,306316,17,14118
Hyundai,Solaris,2017,77057.0,Автомат,Передний,Хэтчбек,577133,9,8562
BMW,3 Series,2016,122107.0,Автомат,Задний,Кроссовер,875755,10,12211
Hyundai,ix35,2013,310650.0,Автомат,Полный,Седан,280851,13,23896
Volkswagen,Golf,2011,323259.0,Механика,Передний,Хэтчбек,280853,15,21551
Kia,Rio,2017,129291.0,Автомат,Полный,Кроссовер,443131,9,14366
Hyundai,Tucson,2021,65260.0,Механика,Полный,Кроссовер,1042651,5,13052
BMW,3 Series,2020,81628.0,Автомат,Задний,Кроссовер,1496624,6,13605
Hyundai,Tucson,2020,43003.0,Автомат,Полный,Хэтчбек,1067432,6,7167
Hyundai,Solaris,2016,76448.0,Автомат,Полный,Седан,485107,10,7645
Toyota,Land Cruiser,2023,35223.0,Автомат,Передний,Седан,2842888,3,11741
Toyota,Camry,2019,117493.0,Робот,Передний,Седан,1212944,7,16785
Kia,Optima,2019,105534.0,Робот,Передний,Седан,638895,7,15076
Volkswagen,Golf,2015,157007.0,Автомат,Передний,Хэтчбек,269345,11,14273
BMW,X3,2017,155818.0,Механика,Полный,Седан,864854,9,17313
Kia,Ceed,2011,72744.0,Механика,Передний,Хэтчбек,336756,15,4850
Volkswagen,Passat,2024,31543.0,Автомат,Полный,Седан,1892787,2,15772
Toyota,Land Cruiser,2014,89147.0,Автомат,Передний,Кроссовер,928852,12,7429
Toyota,Camry,2020,97475.0,Механика,Передний,Седан,1822176,6,16246
Hyundai,Santa Fe,2009,250911.0,Механика,Передний,Кроссовер,273529,17,14759
BMW,X5,2017,86896.0,Автомат,Задний,Кроссовер,1316077,9,9655
Toyota,RAV4,2018,149631.0,Робот,Передний,Седан,1116587,8,18704
Kia,Optima,2017,133601.5,Механика,Полный,Кроссовер,411974,9,14845
Toyota,Land Cruiser,2015,107176.0,Автомат,Передний,Кроссовер,943342,11,9743
Hyundai,Tucson,2019,106939.5,Робот,Передний,Хэтчбек,681948,7,15277
Toyota,Land Cruiser,2015,181058.0,Автомат,Полный,Хэтчбек,553864,11,16460
BMW,X3,2011,345943.0,Автомат,Полный,Кроссовер,317826,15,23063
Kia,Sportage,2017,129442.0,Автомат,Задний,Кроссовер,394613,9,14382
BMW,3 Series,2009,196458.0,Автомат,Передний,Седан,308368,17,11556
Volkswagen,Golf,2022,84247.0,Автомат,Передний,Хэтчбек,1327419,4,21062
Kia,Rio,2018,132215.0,Автомат,Передний,Седан,543095,8,16527
Volkswagen,Polo,2018,55596.0,Робот,Задний,Седан,755972,8,6950
Hyundai,ix35,2022,61591.0,Автомат,Передний,Седан,1270355,4,15398
Hyundai,Tucson,2019,149275.0,Механика,Полный,Кроссовер,605407,7,21325
BMW,3 Series,2015,147106.0,Автомат,Передний,Кроссовер,682592,11,13373
Volkswagen,Polo,2015,155007.0,Робот,Полный,Кроссовер,296006,11,14092
Kia,Rio,2014,173195.0,Механика,Передний,Хэтчбек,290279,12,14433
Volkswagen,Passat,2022,48064.0,Автомат,Полный,Хэтчбек,1330239,4,12016
Toyota,Camry,2023,37061.0,Автомат,Передний,Хэтчбек,2804342,3,12354
Hyundai,Tucson,2011,252685.0,Автомат,Передний,Седан,310519,15,16846
BMW,X5,2016,202037.0,Автомат,Полный,Кроссовер,646818,10,20204
Toyota,Land Cruiser,2019,121822.0,Автомат,Передний,Седан,1561699,7,17403
Hyundai,Solaris,2024,17617.0,Автомат,Передний,Хэтчбек,1890740,2,8808
Volkswagen,Polo,2010,128163.0,Автомат,Полный,Седан,277226,16,8010
Hyundai,Tucson,2023,42023.0,Автомат,Передний,Седан,1512630,3,14008
Toyota,Land Cruiser,2009,264607.0,Автомат,Передний,Хэтчбек,311085,17,15565
Volkswagen,Tiguan,2008,263824.0,Автомат,Задний,Кроссовер,305103,18,14657
Hyundai,Solaris,2022,30455.0,Автомат,Полный,Хэтчбек,1398674,4,7614
Kia,Rio,2016,135420.0,Робот,Полный,Кроссовер,305087,10,13542
Kia,Ceed,2012,232928.0,Автомат,Передний,Хэтчбек,310206,14,16638
BMW,X5,2014,166719.0,Автомат,Передний,Кроссовер,531395,12,13893
Volkswagen,Passat,2010,158659.0,Автомат,Задний,Хэтчбек,260924,16,9916
Kia,Rio,2020,80914.0,Автомат,Полный,Хэтчбек,898594,6,13486
Hyundai,Santa Fe,2024,19645.0,Механика,Задний,Седан,1704726,2,9822
Kia,Ceed,2020,87980.0,Механика,Полный,Кроссовер,972740,6,14663
Toyota,Camry,2009,265295.0,Автомат,Передний,Кроссовер,261942,17,15606
BMW,X5,2008,291488.0,Автомат,Передний,Седан,279331,18,16194
Toyota,Corolla,2022,45212.0,Механика,Передний,Седан,2328789,4,11303
Toyota,Camry,2013,247280.0,Механика,Передний,Кроссовер,298471,13,19022
BMW,X5,2020,90176.0,Автомат,Передний,Кроссовер,1579036,6,15029
BMW,5 Series,2010,145372.0,Автомат,Передний,Кроссовер,277929,16,9086
Toyota,Corolla,2008,302478.0,Автомат,Передний,Хэтчбек,296895,18,16804
Kia,Ceed,2022,52532.0,Автомат,Полный,Седан,1431920,4,13133
Toyota,RAV4,2012,178405.0,Автомат,Полный,Седан,279588,14,12743
Volkswagen,Golf,2013,117310.0,Автомат,Полный,Хэтчбек,264667,13,9024
Hyundai,Santa Fe,2014,153913.0,Автомат,Полный,Кроссовер,332339,12,12826
BMW,3 Series,2021,67468.0,Автомат,Полный,Кроссовер,1914309,5,13494
BMW,5 Series,2016,138465.0,Автомат,Полный,Седан,920989,10,13846
Kia,Optima,2021,91915.0,Робот,Передний,Седан,1063244,5,18383
Volkswagen,Tiguan,2014,173591.0,Механика,Полный,Кроссовер,329988,12,14466
Toyota,RAV4,2024,31149.0,Автомат,Передний,Кроссовер,2742869,2,15574
Toyota,Corolla,2013,176454.0,Автомат,Полный,Кроссовер,371595,13,13573
Kia,Optima,2014,141184.0,Механика,Задний,Кроссовер,306328,12,11765
Kia,Rio,2008,406053.0,Автомат,Полный,Кроссовер,304039,18,22558
Hyundai,Solaris,2008,290805.0,Автомат,Передний,Кроссовер,269464,18,16156
Kia,Ceed,2024,29204.0,Механика,Передний,Седан,1726808,2,14602
Hyundai,Santa Fe,2021,86408.0,Автомат,Задний,Хэтчбек,1089327,5,17282
Kia,Optima,2024,27348.0,Автомат,Задний,Хэтчбек,1799123,2,13674
Toyota,Corolla,2013,146339.0,Автомат,Полный,Кроссовер,531533,13,11257
BMW,3 Series,2022,64208.0,Автомат,Передний,Седан,2280852,4,16052
Toyota,Land Cruiser,2021,104869.0,Автомат,Передний,Кроссовер,1736561,5,20974
Kia,Optima,2014,281710.0,Робот,Передний,Кроссовер,303025,12,23476
BMW,X3,2024,16022.0,Автомат,Передний,Хэтчбек,3078749,2,8011
Toyota,Camry,2021,76892.0,Автомат,Передний,Кроссовер,1724510,5,15378
BMW,X5,2024,33030.0,Автомат,Полный,Кроссовер,2527746,2,16515
Volkswagen,Polo,2016,177815.0,Автомат,Передний,Хэтчбек,315676,10,17782
BMW,X3,2018,65269.0,Автомат,Передний,Седан,1376103,8,8159
Toyota,Corolla,2016,123721.0,Механика,Полный,Седан,1065824,10,12372
Kia,Sportage,2018,138083.0,Автомат,Передний,Хэтчбек,539194,8,17260
Volkswagen,Golf,2021,68785.0,Автомат,Передний,Хэтчбек,1187106,5,13757
Hyundai,Solaris,2013,136771.0,Механика,Передний,Седан,291406,13,10521
Volkswagen,Passat,2011,289152.0,Автомат,Передний,Хэтчбек,261406,15,19277
Kia,Optima,2020,107303.0,Автомат,Полный,Хэтчбек,751821,6,17884
BMW,X3,2017,115373.0,Механика,Передний,Седан,1144205,9,12819
BMW,X5,2011,328344.0,Автомат,Полный,Хэтчбек,280760,15,21890
Toyota,Land Cruiser,2019,110589.0,Механика,Полный,Хэтчбек,1305400,7,15798
Hyundai,Santa Fe,2011,320716.0,Робот,Полный,Хэтчбек,305168,15,21381
BMW,3 Series,2012,192635.0,Автомат,Полный,Кроссовер,296278,14,13760
Toyota,Camry,2022,58772.0,Робот,Полный,Кроссовер,2466846,4,14693
BMW,X3,2008,284172.0,Автомат,Полный,Хэтчбек,329970,18,15787
Hyundai,ix35,2012,212565.0,Автомат,Полный,Седан,326312,14,15183
Volkswagen,Passat,2009,276283.0,Механика,Передний,Кроссовер,291328,17,16252
Hyundai,Tucson,2008,300896.0,Автомат,Передний,Кроссовер,261531,18,16716
Volkswagen,Polo,2015,200026.0,Автомат,Полный,Кроссовер,266258,11,18184
Volkswagen,Tiguan,2009,303440.0,Автомат,Полный,Кроссовер,338740,17,17849
BMW,X3,2020,64113.0,Автомат,Передний,Хэтчбек,1756963,6,10686
BMW,5 Series,2019,127373.0,Автомат,Полный,Седан,1387532,7,18196
Kia,Sportage,2010,284734.0,Механика,Передний,Кроссовер,312643,16,17796
Volkswagen,Passat,2022,57672.0,Автомат,Передний,Седан,1379936,4,14418
Hyundai,ix35,2008,186063.0,Автомат,Полный,Седан,322356,18,10337
Volkswagen,Tiguan,2024,24267.0,Механика,Полный,Хэтчбек,1711296,2,12134
BMW,X3,2015,200622.0,Автомат,Передний,Кроссовер,487847,11,18238
Volkswagen,Golf,2021,59608.0,Механика,Полный,Хэтчбек,1258194,5,11922
Hyundai,Tucson,2009,277171.0,Автомат,Полный,Седан,318604,17,16304
BMW,X5,2018,127675.0,Механика,Передний,Кроссовер,1262326,8,15959
Toyota,Camry,2019,118616.0,Механика,Передний,Седан,1529218,7,16945
Hyundai,ix35,2019,117178.0,Механика,Полный,Седан,767858,7,16740
Volkswagen,Golf,2010,214784.0,Автомат,Полный,Хэтчбек,315121,16,13424
Kia,Sportage,2008,301372.0,Механика,Полный,Седан,283186,18,16743
Hyundai,Santa Fe,2013,224004.0,Автомат,Передний,Кроссовер,283848,13,17231
Hyundai,ix35,2020,94790.0,Автомат,Полный,Кроссовер,922480,6,15798
BMW,3 Series,2016,193767.0,Автомат,Передний,Хэтчбек,682431,10,19377
Hyundai,Santa Fe,2009,319264.0,Робот,Передний,Хэтчбек,278642,17,18780
Volkswagen,Tiguan,2024,31093.0,Автомат,Передний,Кроссовер,1742729,2,15546
Kia,Rio,2018,138836.0,Механика,Полный,Кроссовер,547440,8,17354
Hyundai,Solaris,2014,214960.0,Механика,Полный,Кроссовер,300032,12,17913
Hyundai,Tucson,2023,54131.0,Автомат,Полный,Кроссовер,1336595,3,18044
Toyota,RAV4,2011,255798.0,Автомат,Полный,Кроссовер,281242,15,17053
Hyundai,Solaris,2015,167170.0,Механика,Передний,Кроссовер,299931,11,15197
Kia,Ceed,2018,143118.0,Автомат,Передний,Кроссовер,508767,8,17890
BMW,3 Series,2010,282404.0,Механика,Передний,Седан,335780,16,17650
Hyundai,Santa Fe,2020,93391.0,Робот,Полный,Хэтчбек,895796,6,15565
BMW,X5,2022,59852.0,Автомат,Передний,Кроссовер,2103072,4,14963
BMW,5 Series,2017,127029.0,Автомат,Задний,Хэтчбек,1114843,9,14114
Kia,Rio,2020,86992.0,Автомат,Передний,Кроссовер,1018189,6,14499
Toyota,Camry,2018,100722.0,Механика,Передний,Хэтчбек,1099659,8,12590
Kia,Sportage,2023,47112.0,Автомат,Полный,Седан,1291012,3,15704
BMW,3 Series,2016,191311.0,Автомат,Передний,Кроссовер,652315,10,19131
Hyundai,Santa Fe,2019,83667.0,Автомат,Передний,Кроссовер,846275,7,11952
Hyundai,ix35,2013,215044.0,Автомат,Передний,Кроссовер,290238,13,16542
BMW,3 Series,2014,110801.0,Автомат,Передний,Хэтчбек,705021,12,9233
Volkswagen,Tiguan,2008,329522.0,Автомат,Задний,Хэтчбек,257316,18,18307
Toyota,Camry,2014,160952.0,Робот,Полный,Кроссовер,588814,12,13413
Toyota,RAV4,2020,127942.0,Автомат,Полный,Хэтчбек,1430549,6,21324
Hyundai,Santa Fe,2017,181459.0,Автомат,Задний,Хэтчбек,316282,9,20162
Hyundai,Santa Fe,2012,258448.0,Робот,Передний,Кроссовер,264629,14,18461
BMW,X3,2019,92074.0,Автомат,Полный,Седан,1455862,7,13153
Volkswagen,Passat,2009,296457.0,Робот,Задний,Хэтчбек,311793,17,17439
Kia,Rio,2009,362401.0,Автомат,Полный,Хэтчбек,271579,17,21318
BMW,3 Series,2011,188294.0,Автомат,Передний,Седан,328225,15,12553
Volkswagen,Passat,2022,95813.0,Механика,Передний,Седан,1091968,4,23953
Toyota,RAV4,2020,67465.0,Автомат,Передний,Хэтчбек,1931350,6,11244
Toyota,RAV4,2023,48849.0,Автомат,Полный,Хэтчбек,2463311,3,16283
Kia,Sportage,2023,34921.0,Автомат,Полный,Хэтчбек,1344525,3,11640
Kia,Ceed,2023,45486.0,Автомат,Передний,Седан,1411876,3,15162
BMW,X5,2016,139475.0,Автомат,Полный,Хэтчбек,940182,10,13948
Toyota,Camry,2009,155112.0,Автомат,Передний,Седан,296150,17,9124
Hyundai,Santa Fe,2010,218087.0,Автомат,Полный,Хэтчбек,290467,16,13630
Volkswagen,Golf,2023,38400.0,Автомат,Полный,Хэтчбек,1620424,3,12800
Volkswagen,Tiguan,2016,181861.0,Автомат,Передний,Хэтчбек,306931,10,18186
Toyota,Corolla,2020,75419.0,Автомат,Передний,Хэтчбек,1669167,6,12570
Toyota,Land Cruiser,2013,193518.0,Механика,Передний,Хэтчбек,297552,13,14886
Hyundai,ix35,2020,84803.0,Механика,Полный,Седан,795150,6,14134
Toyota,Camry,2011,168645.0,Механика,Передний,Кроссовер,324527,15,11243
Hyundai,Santa Fe,2021,56869.0,Автомат,Передний,Кроссовер,999184,5,11374
Volkswagen,Polo,2013,256163.0,Механика,Передний,Седан,313304,13,19705
Hyundai,ix35,2024,21972.0,Механика,Полный,Хэтчбек,1765353,2,10986
Kia,Optima,2014,164095.0,Автомат,Полный,Седан,335439,12,13675
Kia,Ceed,2014,162607.0,Автомат,Передний,Кроссовер,266566,12,13551
Volkswagen,Tiguan,2012,251542.0,Робот,Полный,Седан,256703,14,17967
Kia,Ceed,2014,218907.0,Механика,Передний,Кроссовер,322840,12,18242
Toyota,Land Cruiser,2017,167425.0,Автомат,Полный,Кроссовер,991689,9,18603
Volkswagen,Passat,2016,172753.0,Механика,Полный,Седан,279584,10,17275
Toyota,Land Cruiser,2017,144259.0,Автомат,Задний,Кроссовер,964445,9,16029
BMW,X3,2020,96541.0,Автомат,Полный,Кроссовер,1717297,6,16090
Toyota,Land Cruiser,2015,136904.0,Автомат,Полный,Седан,812032,11,12446
Kia,Sportage,2010,300882.0,Автомат,Полный,Седан,329359,16,18805
Volkswagen,Polo,2015,88222.0,Механика,Передний,Седан,428024,11,8020
Hyundai,ix35,2021,60375.0,Механика,Полный,Хэтчбек,1275191,5,12075
Kia,Sportage,2022,74043.0,Автомат,Полный,Кроссовер,1272655,4,18511
Toyota,Camry,2015,162872.0,Автомат,Полный,Хэтчбек,783239,11,14807
Volkswagen,Golf,2008,395481.0,Автомат,Передний,Кроссовер,298258,18,21971
BMW,X5,2011,224200.0,Автомат,Передний,Седан,276679,15,14947
Toyota,RAV4,2008,245325.0,Механика,Полный,Хэтчбек,280424,18,13629
Kia,Sportage,2022,72172.0,Робот,Передний,Кроссовер,1290915,4,18043
Hyundai,Santa Fe,2011,228481.0,Механика,Задний,Хэтчбек,331533,15,15232
BMW,5 Series,2020,89542.0,Робот,Полный,Кроссовер,1681835,6,14924
Kia,Rio,2008,170250.0,Автомат,Полный,Седан,289754,18,9458
Toyota,Land Cruiser,2014,176189.0,Автомат,Полный,Седан,511944,12,14682
Toyota,RAV4,2024,34073.0,Автомат,Передний,Седан,2971771,2,17036
BMW,X5,2023,60851.0,Робот,Полный,Хэтчбек,2537217,3,20284
Hyundai,Solaris,2020,100242.0,Автомат,Полный,Хэтчбек,861057,6,16707
BMW,5 Series,2013,190722.0,Механика,Передний,Кроссовер,409588,13,14671
Toyota,RAV4,2023,48677.0,Автомат,Полный,Хэтчбек,2123858,3,16226
Hyundai,ix35,2013,220555.0,Автомат,Передний,Хэтчбек,315498,13,16966
BMW,X3,2023,42251.0,Автомат,Полный,Хэтчбек,2647965,3,14084
BMW,5 Series,2018,143509.0,Автомат,Передний,Кроссовер,1137063,8,17939
Toyota,RAV4,2010,356086.0,Робот,Полный,Седан,272900,16,22255
Toyota,Corolla,2013,174095.0,Автомат,Передний,Седан,391284,13,13392
Hyundai,Santa Fe,2014,214618.0,Автомат,Передний,Седан,256775,12,17885
Hyundai,Tucson,2012,192684.0,Автомат,Полный,Кроссовер,281062,14,13763
Toyota,Land Cruiser,2013,193130.0,Автомат,Задний,Кроссовер,408338,13,14856
Volkswagen,Tiguan,2021,87643.0,Автомат,Полный,Хэтчбек,1099056,5,17529
Volkswagen,Polo,2019,102434.0,Автомат,Полный,Хэтчбек,698188,7,14633
BMW,3 Series,2017,117045.0,Автомат,Передний,Кроссовер,1042247,9,13005
Toyota,Corolla,2013,160164.0,Автомат,Передний,Хэтчбек,508069,13,12320
Volkswagen,Golf,2012,279836.0,Автомат,Полный,Хэтчбек,274452,14,19988
Volkswagen,Passat,2010,237882.0,Механика,Задний,Седан,255960,16,14868
BMW,X3,2008,253540.0,Автомат,Передний,Седан,271511,18,14086
Kia,Optima,2023,42632.0,Автомат,Передний,Седан,1520573,3,14211
BMW,3 Series,2023,44729.0,Автомат,Полный,Седан,2488192,3,14910
Hyundai,ix35,2020,122563.0,Автомат,Передний,Кроссовер,666954,6,20427
Toyota,Corolla,2013,253223.0,Автомат,Передний,Кроссовер,335777,13,19479
Volkswagen,Tiguan,2011,241983.0,Автомат,Передний,Кроссовер,330274,15,16132
Kia,Ceed,2015,122058.0,Автомат,Передний,Седан,346228,11,11096
Volkswagen,Golf,2008,317675.0,Автомат,Передний,Хэтчбек,323247,18,17649
Toyota,Corolla,2017,128521.0,Автомат,Передний,Хэтчбек,1046353,9,14280
Hyundai,Tucson,2015,193702.0,Автомат,Полный,Кроссовер,329277,11,17609
BMW,3 Series,2011,208352.0,Автомат,Полный,Кроссовер,296621,15,13890
Toyota,Camry,2018,79814.0,Автомат,Передний,Хэтчбек,1166648,8,9977
Hyundai,Solaris,2023,70716.0,Механика,Передний,Кроссовер,1349650,3,23572
Hyundai,Santa Fe,2013,170572.0,Автомат,Полный,Кроссовер,259651,13,13121
Hyundai,ix35,2023,41760.0,Автомат,Полный,Седан,1659425,3,13920
Hyundai,Tucson,2014,105914.0,Автомат,Передний,Хэтчбек,304831,12,8826
Kia,Ceed,2009,220707.0,Автомат,Передний,Седан,284158,17,12983
Toyota,Corolla,2019,87980.0,Механика,Полный,Седан,1714825,7,12569
Volkswagen,Polo,2019,110723.0,Автомат,Задний,Хэтчбек,772015,7,15818
Toyota,Land Cruiser,2013,153911.0,Автомат,Передний,Хэтчбек,468907,13,11839
Kia,Ceed,2020,80131.0,Механика,Полный,Кроссовер,854433,6,13355
BMW,5 Series,2008,341377.0,Автомат,Задний,Хэтчбек,295696,18,18965
BMW,5 Series,2015,231647.0,Автомат,Полный,Седан,446328,11,21059
Kia,Ceed,2013,216355.0,Автомат,Передний,Хэтчбек,317817,13,16643
Volkswagen,Golf,2023,41687.0,Автомат,Передний,Седан,1320880,3,13896
BMW,X3,2022,54574.0,Автомат,Полный,Кроссовер,2311191,4,13644
Hyundai,Tucson,2019,122442.0,Механика,Передний,Седан,704424,7,17492
Hyundai,Solaris,2020,133447.0,Робот,Передний,Кроссовер,672605,6,22241
Hyundai,Santa Fe,2015,202477.0,Механика,Полный,Седан,344604,11,18407
Volkswagen,Passat,2022,77835.0,Автомат,Передний,Кроссовер,1015090,4,19459
BMW,X3,2020,96259.0,Механика,Полный,Седан,1726725,6,16043
Volkswagen,Tiguan,2020,101537.0,Автомат,Задний,Хэтчбек,804476,6,16923
Toyota,Land Cruiser,2012,211706.0,Автомат,Передний,Кроссовер,267153,14,15122
Volkswagen,Polo,2008,205397.0,Робот,Задний,Кроссовер,267536,18,11411
Hyundai,ix35,2010,127651.0,Автомат,Задний,Кроссовер,317176,16,7978
Volkswagen,Polo,2024,24438.0,Автомат,Полный,Хэтчбек,1768618,2,12219
Volkswagen,Golf,2023,38996.0,Автомат,Передний,Кроссовер,1443900,3,12999
Volkswagen,Polo,2013,60239.0,Автомат,Передний,Кроссовер,416452,13,4634
Volkswagen,Passat,2015,101500.0,Автомат,Передний,Кроссовер,372169,11,9227
Volkswagen,Golf,2009,139431.0,Механика,Полный,Кроссовер,266481,17,8202
Toyota,Land Cruiser,2014,229571.0,Механика,Полный,Кроссовер,285725,12,19131
Volkswagen,Polo,2018,102770.0,Механика,Передний,Седан,734154,8,12846
Kia,Ceed,2011,261896.0,Автомат,Полный,Кроссовер,316545,15,17460
BMW,X5,2018,136309.0,Автомат,Задний,Кроссовер,1103787,8,17039
Hyundai,Santa Fe,2023,29758.0,Автомат,Передний,Седан,1303986,3,9919
Toyota,Camry,2019,98876.0,Автомат,Передний,Седан,1312814,7,14125
Toyota,Camry,2011,213171.0,Автомат,Полный,Кроссовер,326778,15,14211
Toyota,Corolla,2010,143610.0,Механика,Полный,Кроссовер,321628,16,8976
Toyota,Corolla,2012,199750.0,Автомат,Передний,Кроссовер,319273,14,14268
Kia,Optima,2019,88312.0,Автомат,Полный,Хэтчбек,729816,7,12616
Hyundai,Tucson,2016,182964.0,Робот,Передний,Седан,290503,10,18296
BMW,5 Series,2022,58886.0,Механика,Передний,Хэтчбек,2253657,4,14722
Toyota,Corolla,2009,215894.0,Автомат,Передний,Седан,315679,17,12700
Volkswagen,Polo,2013,253006.0,Автомат,Передний,Хэтчбек,305013,13,19462
Toyota,RAV4,2022,55164.0,Автомат,Передний,Кроссовер,2242466,4,13791
Hyundai,Tucson,2012,256188.0,Робот,Полный,Седан,274236,14,18299
Toyota,Land Cruiser,2019,76784.0,Автомат,Передний,Хэтчбек,1491320,7,10969
Kia,Rio,2009,254920.0,Автомат,Передний,Хэтчбек,335893,17,14995
Toyota,Land Cruiser,2021,110324.0,Автомат,Передний,Седан,1562592,5,22065
Kia,Sportage,2022,68031.0,Автомат,Передний,Хэтчбек,1098551,4,17008
Kia,Ceed,2024,20784.0,Автомат,Полный,Хэтчбек,1880130,2,10392
Hyundai,Tucson,2011,231544.0,Механика,Передний,Хэтчбек,271925,15,15436
BMW,5 Series,2015,138710.0,Робот,Передний,Кроссовер,851699,11,12610
Kia,Sportage,2013,186195.0,Автомат,Передний,Кроссовер,336537,13,14323
Toyota,Land Cruiser,2012,175383.0,Механика,Передний,Седан,354160,14,12527
Hyundai,Santa Fe,2012,260316.0,Робот,Полный,Кроссовер,318068,14,18594
BMW,3 Series,2019,116441.0,Механика,Передний,Седан,1310371,7,16634
Volkswagen,Passat,2015,213402.0,Механика,Полный,Кроссовер,343386,11,19400
BMW,5 Series,2018,125769.0,Автомат,Передний,Седан,1109207,8,15721
Volkswagen,Passat,2019,82183.0,Автомат,Передний,Хэтчбек,805789,7,11740
Hyundai,Solaris,2009,202951.0,Механика,Полный,Седан,331915,17,11938
BMW,5 Series,2023,52513.0,Механика,Передний,Седан,2470749,3,17504
Hyundai,Santa Fe,2018,138308.0,Автомат,Передний,Кроссовер,578210,8,17288
Toyota,RAV4,2019,121686.0,Автомат,Полный,Седан,1221420,7,17384
BMW,X5,2017,114372.0,Автомат,Передний,Хэтчбек,1088153,9,12708
Volkswagen,Tiguan,2010,303389.0,Автомат,Передний,Седан,335623,16,18962
Hyundai,Santa Fe,2013,118945.0,Автомат,Передний,Хэтчбек,298524,13,9150
Kia,Rio,2019,106939.5,Автомат,Передний,Седан,612752,7,15277
BMW,5 Series,2021,69995.0,Автомат,Полный,Седан,2009106,5,13999
Hyundai,Santa Fe,2022,54915.0,Автомат,Полный,Хэтчбек,1165134,4,13729
Kia,Optima,2018,141921.0,Механика,Полный,Хэтчбек,489099,8,17740
Toyota,RAV4,2020,34993.0,Автомат,Полный,Кроссовер,2031956,6,5832
Volkswagen,Polo,2016,146835.0,Автомат,Полный,Седан,271687,10,14684
Kia,Sportage,2017,133601.5,Робот,Передний,Хэтчбек,364096,9,14845
BMW,5 Series,2021,57780.0,Автомат,Передний,Седан,2196525,5,11556
BMW,5 Series,2018,127525.0,Механика,Передний,Хэтчбек,1182288,8,15941
Volkswagen,Passat,2010,179976.0,Автомат,Задний,Седан,265125,16,11248
Toyota,Corolla,2017,161491.0,Робот,Передний,Седан,956349,9,17943
Kia,Rio,2008,276845.0,Автомат,Передний,Седан,317830,18,15380
BMW,X3,2011,275892.0,Автомат,Передний,Хэтчбек,308870,15,18393
Hyundai,Santa Fe,2021,75854.0,Автомат,Передний,Седан,1149833,5,15171
BMW,5 Series,2023,53328.0,Механика,Полный,Кроссовер,2191854,3,17776
Kia,Sportage,2015,230677.0,Автомат,Полный,Хэтчбек,310369,11,20971
Hyundai,Tucson,2018,141114.0,Автомат,Полный,Седан,558060,8,17639
BMW,X5,2019,150242.0,Автомат,Передний,Седан,1338061,7,21463
Volkswagen,Golf,2015,140230.0,Автомат,Полный,Кроссовер,332721,11,12748
Volkswagen,Passat,2012,118734.0,Механика,Передний,Хэтчбек,324612,14,8481
Volkswagen,Golf,2009,292829.0,Механика,Полный,Седан,285679,17,17225
BMW,X5,2016,165426.0,Механика,Полный,Кроссовер,839535,10,16543
Toyota,Corolla,2024,30172.0,Механика,Полный,Седан,2437878,2,15086
BMW,3 Series,2016,190855.0,Механика,Передний,Кроссовер,748102,10,19086
Hyundai,Santa Fe,2023,61340.0,Автомат,Полный,Хэтчбек,1335082,3,20447
BMW,X3,2024,46943.0,Механика,Полный,Хэтчбек,2746294,2,23472
Volkswagen,Polo,2024,25078.0,Автомат,Полный,Кроссовер,1441827,2,12539
BMW,3 Series,2024,45978.0,Автомат,Передний,Кроссовер,2735891,2,22989
Hyundai,Tucson,2021,55354.0,Автомат,Полный,Кроссовер,1048578,5,11071
Toyota,RAV4,2013,129582.0,Механика,Передний,Хэтчбек,576582,13,9968
Hyundai,Tucson,2011,277748.0,Механика,Передний,Кроссовер,258734,15,18517
BMW,5 Series,2016,150717.0,Автомат,Полный,Седан,894525,10,15072
Kia,Rio,2015,146657.0,Автомат,Передний,Кроссовер,257701,11,13332
Kia,Rio,2011,184337.0,Механика,Задний,Хэтчбек,340553,15,12289
Kia,Optima,2013,177554.0,Механика,Передний,Хэтчбек,338024,13,13658
Volkswagen,Golf,2023,6347.0,Автомат,Полный,Хэтчбек,1514998,3,2116
Kia,Rio,2012,232153.0,Автомат,Полный,Хэтчбек,319660,14,16582
BMW,X5,2022,45972.0,Автомат,Передний,Седан,2405647,4,11493
Kia,Rio,2012,246985.0,Механика,Полный,Хэтчбек,310094,14,17642
BMW,5 Series,2017,139465.0,Механика,Передний,Хэтчбек,1104824,9,15496
BMW,5 Series,2013,293638.0,Автомат,Передний,Седан,271953,13,22588
Kia,Optima,2024,27556.0,Автомат,Передний,Седан,1677124,2,13778
Toyota,Land Cruiser,2008,368093.0,Механика,Полный,Хэтчбек,312950,18,20450
BMW,X5,2009,162919.0,Механика,Задний,Седан,341558,17,9583
Kia,Optima,2024,14588.0,Автомат,Полный,Хэтчбек,1800535,2,7294
Kia,Sportage,2008,261277.0,Механика,Передний,Седан,272853,18,14515
Volkswagen,Tiguan,2013,269803.0,Автомат,Передний,Кроссовер,260667,13,20754
Kia,Sportage,2014,170201.0,Автомат,Передний,Кроссовер,282935,12,14183
Volkswagen,Tiguan,2022,109882.0,Механика,Полный,Кроссовер,1090948,4,27470
Kia,Sportage,2021,83078.0,Механика,Полный,Хэтчбек,988243,5,16616
Volkswagen,Polo,2011,218075.0,Автомат,Полный,Седан,261848,15,14538
Volkswagen,Golf,2010,384049.0,Робот,Передний,Хэтчбек,293639,16,24003
Hyundai,Tucson,2024,39181.0,Механика,Передний,Хэтчбек,1489634,2,19590
Hyundai,ix35,2008,301444.0,Автомат,Полный,Хэтчбек,300502,18,16747
Kia,Ceed,2022,66419.0,Автомат,Полный,Седан,1383790,4,16605
Volkswagen,Tiguan,2010,305237.0,Автомат,Задний,Кроссовер,326656,16,19077
Toyota,Corolla,2018,140890.0,Автомат,Полный,Хэтчбек,1065260,8,17611
Volkswagen,Golf,2017,166425.0,Автомат,Полный,Хэтчбек,327005,9,18492
Toyota,RAV4,2019,172933.0,Автомат,Передний,Хэтчбек,1067143,7,24705
BMW,X5,2023,49522.0,Автомат,Передний,Седан,2608686,3,16507
Toyota,Corolla,2021,54163.0,Робот,Передний,Седан,1856080,5,10833
Hyundai,Solaris,2015,234050.0,Механика,Передний,Седан,284449,11,21277
BMW,5 Series,2015,133761.0,Автомат,Передний,Хэтчбек,756990,11,12160
Kia,Ceed,2023,53758.0,Автомат,Задний,Седан,1323806,3,17919
Kia,Optima,2012,247875.0,Механика,Передний,Седан,319752,14,17705
Hyundai,Santa Fe,2011,144900.0,Робот,Полный,Седан,329278,15,9660
Hyundai,Santa Fe,2017,166300.0,Механика,Полный,Седан,339720,9,18478
Kia,Rio,2020,132798.0,Автомат,Задний,Кроссовер,770846,6,22133
Toyota,Land Cruiser,2019,168631.0,Автомат,Передний,Хэтчбек,1130232,7,24090
Toyota,Land Cruiser,2012,240598.0,Автомат,Полный,Хэтчбек,286622,14,17186
Volkswagen,Tiguan,2018,98901.0,Автомат,Задний,Кроссовер,651765,8,12363
Hyundai,Santa Fe,2020,68966.0,Механика,Полный,Седан,954441,6,11494
Hyundai,Santa Fe,2013,230377.0,Механика,Передний,Седан,327870,13,17721
Hyundai,Solaris,2012,241485.0,Робот,Передний,Седан,285946,14,17249
Volkswagen,Passat,2016,101057.0,Механика,Передний,Хэтчбек,488621,10,10106
Hyundai,ix35,2023,61047.0,Автомат,Полный,Седан,1212095,3,20349
Kia,Rio,2019,47505.0,Автомат,Полный,Седан,937463,7,6786
Toyota,Camry,2013,186828.0,Автомат,Полный,Седан,407398,13,14371
Kia,Optima,2023,45877.0,Механика,Полный,Кроссовер,1560922,3,15292
Kia,Optima,2018,139564.0,Автомат,Передний,Хэтчбек,480264,8,17446
Hyundai,Solaris,2014,190688.0,Механика,Задний,Хэтчбек,314832,12,15891
Kia,Ceed,2012,182089.0,Механика,Передний,Седан,255832,14,13006
Hyundai,Santa Fe,2023,48238.0,Автомат,Передний,Хэтчбек,1458244,3,16079
Hyundai,Solaris,2017,125563.0,Автомат,Передний,Седан,493981,9,13951
Hyundai,ix35,2017,130704.0,Автомат,Полный,Кроссовер,465197,9,14523
Volkswagen,Passat,2012,239088.0,Автомат,Задний,Кроссовер,324946,14,17078
Toyota,Camry,2023,29593.0,Автомат,Полный,Седан,2856741,3,9864
Toyota,Camry,2018,175485.0,Автомат,Передний,Седан,996344,8,21936
BMW,3 Series,2022,70744.0,Механика,Полный,Седан,2038346,4,17686
BMW,3 Series,2011,204828.0,Автомат,Передний,Кроссовер,278062,15,13655
Hyundai,Solaris,2024,34803.0,Робот,Передний,Седан,1401888,2,17402
Hyundai,Santa Fe,2011,125175.0,Механика,Полный,Кроссовер,301095,15,8345
Volkswagen,Golf,2023,41495.0,Механика,Передний,Седан,1497112,3,13832
Volkswagen,Golf,2014,162706.0,Автомат,Передний,Седан,255700,12,13559
Toyota,RAV4,2022,69960.0,Автомат,Передний,Кроссовер,2066892,4,17490
BMW,X3,2022,43052.0,Механика,Передний,Хэтчбек,2053588,4,10763
Toyota,Corolla,2015,142988.0,Автомат,Полный,Седан,835053,11,12999
Volkswagen,Tiguan,2013,199925.0,Автомат,Задний,Хэтчбек,282425,13,15379
Hyundai,ix35,2018,104048.0,Автомат,Полный,Седан,640727,8,13006
BMW,5 Series,2020,104663.0,Механика,Передний,Кроссовер,1811305,6,17444
BMW,5 Series,2012,218601.0,Автомат,Полный,Седан,339007,14,15614
Volkswagen,Polo,2010,344618.0,Механика,Передний,Кроссовер,271805,16,21539
BMW,X3,2012,265833.0,Автомат,Передний,Седан,329421,14,18988
Toyota,Corolla,2008,370103.0,Механика,Передний,Седан,300642,18,20561
Kia,Rio,2022,81054.0,Механика,Полный,Кроссовер,1230292,4,20264
Toyota,Land Cruiser,2008,355155.0,Автомат,Передний,Кроссовер,264215,18,19731
Kia,Rio,2019,99135.0,Автомат,Передний,Седан,674010,7,14162
Kia,Ceed,2023,31288.0,Автомат,Задний,Седан,1298714,3,10429
Toyota,RAV4,2011,234182.0,Автомат,Полный,Седан,295135,15,15612
Kia,Rio,2013,156789.0,Автомат,Передний,Хэтчбек,290865,13,12061
Hyundai,Santa Fe,2014,112837.0,Механика,Передний,Хэтчбек,313832,12,9403
Volkswagen,Passat,2011,137772.0,Механика,Полный,Кроссовер,336306,15,9185
Toyota,Corolla,2008,267694.0,Механика,Полный,Седан,339487,18,14872
Hyundai,Santa Fe,2014,101040.0,Автомат,Задний,Кроссовер,320323,12,8420
Toyota,Corolla,2021,63561.0,Автомат,Передний,Кроссовер,2230338,5,12712
Volkswagen,Tiguan,2022,68113.0,Автомат,Полный,Седан,1042772,4,17028
Toyota,Land Cruiser,2010,223897.0,Автомат,Полный,Седан,263412,16,13994
Kia,Rio,2010,396086.0,Автомат,Передний,Седан,298072,16,24755
Volkswagen,Golf,2022,73357.0,Робот,Передний,Седан,1355567,4,18339
Volkswagen,Polo,2017,122660.0,Механика,Передний,Седан,414877,9,13629
Toyota,Camry,2013,241874.0,Механика,Передний,Седан,293182,13,18606
BMW,X3,2009,114350.0,Автомат,Передний,Кроссовер,341906,17,6726
BMW,3 Series,2010,245721.0,Автомат,Передний,Седан,278079,16,15358
Hyundai,Tucson,2024,32494.0,Автомат,Полный,Седан,1671669,2,16247
BMW,X3,2018,121031.5,Автомат,Передний,Хэтчбек,1199135,8,15129
BMW,X3,2018,120148.0,Робот,Задний,Седан,1171118,8,15018
Volkswagen,Tiguan,2016,185281.0,Механика,Передний,Седан,298264,10,18528
Volkswagen,Tiguan,2011,236809.0,Механика,Передний,Седан,319267,15,15787
Volkswagen,Golf,2021,61998.0,Автомат,Передний,Кроссовер,1134122,5,12400
BMW,X3,2019,125254.0,Автомат,Полный,Хэтчбек,1413279,7,17893
Toyota,Camry,2016,130397.0,Автомат,Полный,Седан,779550,10,13040
BMW,X5,2023,30029.0,Механика,Полный,Кроссовер,2861187,3,10010
Volkswagen,Tiguan,2011,304092.0,Автомат,Полный,Хэтчбек,274948,15,20273
BMW,X5,2017,154538.0,Автомат,Полный,Хэтчбек,1085324,9,17171
Kia,Ceed,2018,125536.0,Механика,Передний,Кроссовер,641550,8,15692
Toyota,Land Cruiser,2024,21864.0,Автомат,Полный,Хэтчбек,2834019,2,10932
BMW,3 Series,2011,194679.0,Автомат,Передний,Седан,293848,15,12979
Hyundai,Santa Fe,2016,133833.0,Автомат,Полный,Седан,309336,10,13383
Hyundai,Tucson,2013,195093.0,Механика,Задний,Кроссовер,292326,13,15007
BMW,3 Series,2021,37013.0,Автомат,Передний,Хэтчбек,2131743,5,7403
BMW,5 Series,2018,109506.0,Автомат,Полный,Седан,1168618,8,13688
Toyota,Land Cruiser,2017,146713.0,Автомат,Полный,Седан,940854,9,16301
Volkswagen,Tiguan,2023,50569.0,Робот,Задний,Хэтчбек,1413965,3,16856
BMW,3 Series,2023,55064.0,Механика,Задний,Седан,2191943,3,18355
Hyundai,Tucson,2023,33463.0,Механика,Задний,Седан,1577831,3,11154
BMW,X3,2008,393402.0,Механика,Задний,Кроссовер,262067,18,21856
Volkswagen,Passat,2013,193130.0,Автомат,Передний,Кроссовер,314895,13,14856
Kia,Sportage,2014,153637.0,Автомат,Передний,Седан,308918,12,12803
Volkswagen,Passat,2018,93266.0,Механика,Полный,Кроссовер,737908,8,11658
Volkswagen,Golf,2015,127025.0,Автомат,Передний,Хэтчбек,282117,11,11548
BMW,5 Series,2023,62051.0,Механика,Задний,Кроссовер,2550885,3,20684
BMW,3 Series,2020,76980.0,Автомат,Передний,Седан,1933228,6,12830
Toyota,RAV4,2023,63440.0,Автомат,Передний,Хэтчбек,2711248,3,21147
Toyota,RAV4,2009,305685.0,Автомат,Полный,Кроссовер,309444,17,17981
Volkswagen,Polo,2010,224452.0,Автомат,Полный,Кроссовер,330170,16,14028
BMW,X3,2008,254181.0,Автомат,Передний,Хэтчбек,325823,18,14121
Hyundai,ix35,2023,41160.0,Механика,Полный,Кроссовер,1325650,3,13720
BMW,3 Series,2022,42959.0,Робот,Передний,Кроссовер,2258155,4,10740
Kia,Ceed,2022,56612.0,Автомат,Полный,Хэтчбек,1350411,4,14153
Volkswagen,Passat,2012,247526.0,Механика,Передний,Кроссовер,319395,14,17680
Kia,Rio,2021,89233.0,Автомат,Передний,Хэтчбек,1114600,5,17847
Hyundai,ix35,2014,176945.0,Механика,Задний,Хэтчбек,266181,12,14745
BMW,X5,2014,114614.0,Автомат,Полный,Хэтчбек,689276,12,9551
Hyundai,Solaris,2024,40643.0,Автомат,Полный,Кроссовер,1834221,2,20322
Volkswagen,Polo,2015,159694.0,Механика,Полный,Седан,270853,11,14518
Toyota,Corolla,2021,76711.0,Механика,Полный,Хэтчбек,2032577,5,15342
Hyundai,Santa Fe,2021,69432.0,Автомат,Полный,Хэтчбек,1056034,5,13886
Volkswagen,Polo,2021,60020.0,Автомат,Задний,Хэтчбек,1195038,5,12004
Hyundai,ix35,2019,89429.0,Механика,Полный,Кроссовер,786208,7,12776
Toyota,Land Cruiser,2009,275348.0,Автомат,Полный,Кроссовер,324299,17,16197
Volkswagen,Golf,2013,233607.0,Робот,Передний,Хэтчбек,281963,13,17970
Toyota,Corolla,2021,71507.0,Робот,Передний,Седан,1841603,5,14301
Kia,Ceed,2024,40881.0,Автомат,Полный,Хэтчбек,1656977,2,20440
Toyota,Corolla,2020,121554.0,Механика,Полный,Хэтчбек,1711316,6,20259
Volkswagen,Polo,2013,253038.0,Автомат,Задний,Хэтчбек,302081,13,19464
Kia,Ceed,2014,244897.0,Механика,Передний,Седан,292450,12,20408
Hyundai,Tucson,2024,46795.0,Механика,Передний,Кроссовер,1825063,2,23398
BMW,3 Series,2017,102565.0,Автомат,Полный,Хэтчбек,1178938,9,11396
Volkswagen,Passat,2022,42875.0,Автомат,Полный,Хэтчбек,1359433,4,10719
Hyundai,ix35,2022,45385.0,Автомат,Передний,Седан,1460378,4,11346
Volkswagen,Golf,2009,253793.0,Автомат,Полный,Хэтчбек,261567,17,14929
Volkswagen,Tiguan,2009,276642.0,Механика,Задний,Кроссовер,294611,17,16273
Hyundai,Santa Fe,2019,106939.5,Автомат,Передний,Седан,635809,7,15277
Kia,Rio,2015,157415.0,Механика,Полный,Седан,301735,11,14310
Hyundai,Santa Fe,2011,267883.0,Автомат,Передний,Кроссовер,280219,15,17859
BMW,X3,2015,91697.0,Автомат,Передний,Кроссовер,1011446,11,8336
BMW,3 Series,2014,192793.0,Механика,Передний,Седан,510462,12,16066
Hyundai,Santa Fe,2022,59588.0,Автомат,Полный,Хэтчбек,1146578,4,14897
Volkswagen,Tiguan,2022,25414.0,Механика,Полный,Хэтчбек,1338485,4,6354
Kia,Ceed,2023,16938.0,Автомат,Полный,Хэтчбек,1703569,3,5646
BMW,X3,2016,125385.0,Автомат,Передний,Кроссовер,790640,10,12538
BMW,X3,2018,82370.0,Механика,Полный,Хэтчбек,1284874,8,10296
Volkswagen,Golf,2016,180820.0,Механика,Полный,Хэтчбек,257561,10,18082
Volkswagen,Golf,2024,23767.0,Автомат,Задний,Хэтчбек,1777227,2,11884
Volkswagen,Polo,2008,245173.0,Механика,Передний,Седан,320258,18,13621
Volkswagen,Polo,2015,166510.0,Механика,Полный,Кроссовер,292416,11,15137
BMW,X3,2012,189700.0,Автомат,Полный,Хэтчбек,326962,14,13550
Volkswagen,Golf,2008,273418.0,Автомат,Полный,Кроссовер,342028,18,15190
BMW,5 Series,2012,110334.0,Автомат,Полный,Седан,581226,14,7881
Hyundai,Santa Fe,2019,123491.0,Автомат,Полный,Седан,602824,7,17642
Toyota,Camry,2011,216158.0,Автомат,Полный,Кроссовер,339810,15,14411
BMW,X5,2019,37909.0,Автомат,Передний,Хэтчбек,1641959,7,5416
Volkswagen,Tiguan,2012,171977.0,Автомат,Передний,Хэтчбек,311136,14,12284
Kia,Rio,2008,296902.0,Робот,Передний,Седан,329603,18,16495
Volkswagen,Polo,2015,223110.0,Автомат,Передний,Седан,315099,11,20283
Toyota,Corolla,2013,205178.0,Автомат,Полный,Хэтчбек,343636,13,15783
BMW,X3,2013,245615.0,Механика,Задний,Хэтчбек,266515,13,18893
Kia,Sportage,2021,41318.0,Робот,Передний,Кроссовер,1255628,5,8264
Toyota,Land Cruiser,2009,208270.0,Автомат,Передний,Кроссовер,272172,17,12251
Volkswagen,Polo,2021,62399.0,Автомат,Передний,Хэтчбек,1124533,5,12480
Kia,Sportage,2020,72380.0,Автомат,Полный,Хэтчбек,852416,6,12063
Hyundai,Tucson,2021,73788.0,Механика,Передний,Седан,1357693,5,14758
Hyundai,Tucson,2011,164701.0,Робот,Передний,Седан,338468,15,10980
Kia,Optima,2011,186198.0,Механика,Передний,Кроссовер,261511,15,12413
Kia,Optima,2013,148343.0,Автомат,Полный,Седан,334897,13,11411
Toyota,Land Cruiser,2008,236105.0,Механика,Полный,Хэтчбек,336402,18,13117
Hyundai,Solaris,2022,77939.0,Автомат,Полный,Хэтчбек,1070156,4,19485
Volkswagen,Golf,2019,82796.0,Автомат,Передний,Седан,721691,7,11828
Volkswagen,Golf,2019,158551.0,Механика,Полный,Кроссовер,593598,7,22650
Volkswagen,Golf,2019,166781.0,Автомат,Передний,Кроссовер,586795,7,23826
Hyundai,Santa Fe,2024,30637.0,Робот,Передний,Хэтчбек,1686114,2,15318
Toyota,RAV4,2015,182716.0,Механика,Передний,Кроссовер,636434,11,16611
Kia,Ceed,2022,52410.0,Механика,Полный,Хэтчбек,1253998,4,13102
BMW,5 Series,2016,111188.0,Механика,Полный,Кроссовер,914383,10,11119
Toyota,Camry,2023,29331.0,Механика,Передний,Седан,2656486,3,9777
Toyota,Corolla,2018,128592.0,Робот,Полный,Седан,1365446,8,16074
Toyota,Corolla,2021,73788.0,Автомат,Задний,Седан,2000715,5,14758
Toyota,Camry,2014,101487.0,Автомат,Передний,Кроссовер,755971,12,8457
Volkswagen,Tiguan,2012,194928.0,Робот,Задний,Седан,317643,14,13923
Hyundai,Santa Fe,2014,175710.0,Механика,Полный,Кроссовер,266899,12,14642
Toyota,RAV4,2024,24993.0,Автомат,Передний,Кроссовер,2601334,2,12496
Toyota,Corolla,2018,126093.0,Автомат,Полный,Седан,1216702,8,15762
Kia,Sportage,2024,24026.0,Автомат,Передний,Седан,1576998,2,12013
Kia,Optima,2009,142826.0,Автомат,Передний,Хэтчбек,260933,17,8402
Hyundai,Solaris,2022,71777.0,Механика,Передний,Кроссовер,1344101,4,17944
Volkswagen,Golf,2024,24931.0,Механика,Передний,Кроссовер,1694630,2,12466
BMW,3 Series,2015,81125.0,Автомат,Задний,Хэтчбек,849211,11,7375
Kia,Ceed,2010,352104.0,Механика,Передний,Седан,331813,16,22006
Kia,Optima,2023,39644.0,Механика,Передний,Кроссовер,1282826,3,13215
Hyundai,Solaris,2012,234258.0,Автомат,Передний,Кроссовер,336483,14,16733
Toyota,Corolla,2016,167019.0,Автомат,Передний,Хэтчбек,788569,10,16702
Toyota,RAV4,2014,170921.0,Механика,Передний,Хэтчбек,605439,12,14243
BMW,X3,2010,197570.0,Автомат,Задний,Седан,259192,16,12348
Hyundai,Santa Fe,2016,60607.0,Автомат,Передний,Седан,679154,10,6061
Kia,Optima,2011,279470.0,Робот,Задний,Седан,332053,15,18631
BMW,X5,2008,330346.0,Автомат,Полный,Кроссовер,283956,18,18353
Hyundai,ix35,2013,181611.0,Автомат,Полный,Седан,324909,13,13970
Toyota,Camry,2010,235401.0,Автомат,Передний,Седан,309861,16,14713
Kia,Sportage,2011,360440.0,Автомат,Передний,Кроссовер,314517,15,24029
Volkswagen,Tiguan,2022,58886.0,Робот,Передний,Седан,1394352,4,14722
Volkswagen,Passat,2016,180168.0,Автомат,Передний,Кроссовер,338616,10,18017
BMW,X3,2010,152673.0,Механика,Задний,Хэтчбек,290722,16,9542
Hyundai,Santa Fe,2019,79008.0,Автомат,Полный,Хэтчбек,752546,7,11287
Volkswagen,Tiguan,2016,156553.0,Механика,Передний,Седан,335487,10,15655
Hyundai,Santa Fe,2016,163032.0,Автомат,Передний,Хэтчбек,316145,10,16303
Kia,Ceed,2017,143419.0,Автомат,Задний,Хэтчбек,412128,9,15935
Kia,Rio,2021,98299.0,Автомат,Передний,Кроссовер,985696,5,19660
Volkswagen,Passat,2016,99162.0,Автомат,Передний,Хэтчбек,539376,10,9916
Toyota,Land Cruiser,2024,36392.0,Автомат,Передний,Хэтчбек,2718709,2,18196
BMW,X3,2014,185785.0,Автомат,Передний,Седан,539362,12,15482
Kia,Sportage,2015,189441.0,Автомат,Полный,Седан,258475,11,17222
Kia,Sportage,2021,79400.0,Автомат,Передний,Хэтчбек,1119673,5,15880
Hyundai,Santa Fe,2011,235851.0,Автомат,Передний,Хэтчбек,260850,15,15723
Volkswagen,Passat,2014,236975.0,Автомат,Полный,Хэтчбек,280849,12,19748
Kia,Sportage,2021,56902.0,Автомат,Задний,Хэтчбек,1081532,5,11380
Kia,Sportage,2008,319803.0,Автомат,Полный,Кроссовер,270933,18,17767
BMW,X5,2016,131713.0,Автомат,Полный,Хэтчбек,931864,10,13171
Hyundai,ix35,2020,88183.0,Автомат,Передний,Седан,928073,6,14697
Hyundai,Tucson,2015,232652.0,Автомат,Полный,Седан,333943,11,21150
Hyundai,ix35,2017,175993.0,Механика,Передний,Седан,257754,9,19555
Volkswagen,Tiguan,2024,46747.0,Автомат,Задний,Кроссовер,1694274,2,23374
Volkswagen,Polo,2014,139855.0,Робот,Передний,Кроссовер,299616,12,11655
Volkswagen,Polo,2019,113927.0,Механика,Передний,Хэтчбек,657611,7,16275
BMW,3 Series,2019,128860.0,Механика,Полный,Седан,1411658,7,18409
Hyundai,Santa Fe,2017,135176.0,Автомат,Полный,Кроссовер,420118,9,15020
Toyota,Camry,2017,99068.0,Автомат,Полный,Кроссовер,1201014,9,11008
Volkswagen,Tiguan,2023,24173.0,Робот,Полный,Хэтчбек,1329523,3,8058
BMW,X5,2019,115321.0,Механика,Передний,Кроссовер,1244013,7,16474
Volkswagen,Tiguan,2018,60376.0,Механика,Передний,Кроссовер,717455,8,7547
BMW,5 Series,2009,237322.0,Автомат,Полный,Седан,300560,17,13960
BMW,3 Series,2020,65230.0,Механика,Полный,Седан,1600720,6,10872
Toyota,Camry,2021,35288.0,Механика,Передний,Кроссовер,2245486,5,7058
Hyundai,Solaris,2012,283129.0,Автомат,Полный,Хэтчбек,315929,14,20224
Kia,Sportage,2022,60023.0,Автомат,Полный,Кроссовер,1165047,4,15006
Toyota,Camry,2024,24610.0,Механика,Полный,Хэтчбек,2901735,2,12305
Kia,Optima,2024,32722.0,Автомат,Полный,Седан,1417500,2,16361
Volkswagen,Golf,2021,59887.0,Механика,Передний,Седан,1157382,5,11977
Hyundai,Solaris,2019,129143.0,Автомат,Полный,Хэтчбек,568627,7,18449
BMW,3 Series,2010,296280.0,Автомат,Полный,Хэтчбек,317508,16,18518
Toyota,Land Cruiser,2011,271660.0,Автомат,Передний,Седан,330100,15,18111
BMW,3 Series,2016,114334.0,Автомат,Передний,Хэтчбек,1094447,10,11433
Toyota,Land Cruiser,2022,81643.0,Механика,Полный,Кроссовер,1898944,4,20411
Volkswagen,Polo,2018,133254.0,Автомат,Передний,Кроссовер,595265,8,16657
Kia,Ceed,2019,85260.0,Автомат,Полный,Хэтчбек,851719,7,12180
Kia,Ceed,2019,106598.0,Автомат,Передний,Седан,797774,7,15228
Kia,Rio,2013,155680.0,Автомат,Передний,Хэтчбек,292875,13,11975
Volkswagen,Passat,2009,198126.0,Робот,Передний,Седан,298266,17,11654
Volkswagen,Tiguan,2021,77243.0,Робот,Задний,Хэтчбек,915772,5,15449
Toyota,RAV4,2022,59321.0,Робот,Передний,Седан,2371109,4,14830
Hyundai,Santa Fe,2018,109906.0,Механика,Полный,Кроссовер,618980,8,13738
BMW,5 Series,2018,83092.0,Механика,Передний,Седан,1522888,8,10386
BMW,5 Series,2024,39568.0,Автомат,Задний,Седан,2817268,2,19784
Hyundai,ix35,2019,128479.0,Автомат,Передний,Хэтчбек,559542,7,18354
Hyundai,ix35,2012,158302.0,Автомат,Полный,Хэтчбек,322764,14,11307
Volkswagen,Passat,2014,205759.0,Автомат,Полный,Кроссовер,308211,12,17147
Toyota,Corolla,2017,166376.0,Механика,Передний,Седан,963703,9,18486
Kia,Rio,2022,58886.0,Автомат,Полный,Седан,1291725,4,14722
Kia,Rio,2022,51305.0,Механика,Передний,Кроссовер,1264596,4,12826
Hyundai,Tucson,2014,190099.0,Автомат,Передний,Хэтчбек,256410,12,15842
Kia,Optima,2019,64590.0,Робот,Полный,Хэтчбек,973341,7,9227
Volkswagen,Golf,2016,175527.0,Автомат,Полный,Кроссовер,289777,10,17553
Hyundai,Tucson,2020,98915.0,Механика,Задний,Седан,847442,6,16486
Hyundai,Solaris,2015,126246.0,Автомат,Полный,Хэтчбек,287983,11,11477
BMW,5 Series,2022,57786.0,Автомат,Полный,Кроссовер,2469263,4,14446
Toyota,RAV4,2009,229335.0,Автомат,Полный,Хэтчбек,279645,17,13490
Volkswagen,Passat,2019,99403.0,Автомат,Передний,Седан,725906,7,14200
Toyota,RAV4,2015,112963.0,Механика,Полный,Кроссовер,837465,11,10269
Toyota,Corolla,2021,85931.0,Робот,Передний,Седан,1800311,5,17186
Toyota,Corolla,2010,289333.0,Механика,Передний,Седан,314019,16,18083
Toyota,RAV4,2008,265367.0,Автомат,Полный,Кроссовер,302592,18,14743
Volkswagen,Polo,2011,197689.0,Робот,Передний,Кроссовер,312080,15,13179
Volkswagen,Passat,2013,233903.0,Автомат,Передний,Седан,280933,13,17993
Toyota,RAV4,2013,208886.0,Автомат,Передний,Седан,278038,13,16068
Kia,Optima,2017,121839.0,Автомат,Передний,Седан,413406,9,13538
Hyundai,Tucson,2016,161054.0,Автомат,Полный,Хэтчбек,328106,10,16105
BMW,X5,2019,62246.0,Механика,Передний,Хэтчбек,1437910,7,8892
Volkswagen,Golf,2024,26882.0,Автомат,Полный,Седан,1832920,2,13441
Kia,Optima,2013,157806.0,Автомат,Передний,Седан,330899,13,12139
BMW,5 Series,2021,76108.0,Робот,Полный,Хэтчбек,1791194,5,15222
Volkswagen,Polo,2022,43315.0,Механика,Полный,Седан,1372712,4,10829
Toyota,Corolla,2023,37730.0,Механика,Передний,Кроссовер,2689153,3,12577
BMW,X5,2023,47013.0,Автомат,Полный,Кроссовер,2344674,3,15671
Kia,Optima,2022,50425.0,Автомат,Полный,Кроссовер,1321633,4,12606
Kia,Sportage,2012,212565.0,Автомат,Передний,Седан,267739,14,15183
BMW,5 Series,2009,259678.0,Автомат,Полный,Кроссовер,277386,17,15275
Hyundai,Santa Fe,2015,157511.0,Автомат,Передний,Хэтчбек,337365,11,14319
Kia,Rio,2015,180105.0,Робот,Передний,Хэтчбек,290449,11,16373
Toyota,Camry,2008,290014.0,Автомат,Полный,Хэтчбек,296648,18,16112
Kia,Optima,2010,185761.0,Автомат,Полный,Кроссовер,270390,16,11610
Toyota,Land Cruiser,2020,86529.0,Автомат,Передний,Седан,1733048,6,14422
Toyota,Corolla,2016,211678.0,Механика,Задний,Хэтчбек,696855,10,21168
Volkswagen,Polo,2015,123260.0,Автомат,Полный,Хэтчбек,297587,11,11205
BMW,X5,2019,78620.0,Механика,Передний,Седан,1709022,7,11231
Volkswagen,Tiguan,2023,33280.0,Автомат,Передний,Хэтчбек,1281823,3,11093
BMW,X5,2014,187692.0,Механика,Передний,Хэтчбек,499229,12,15641
Volkswagen,Golf,2014,155694.0,Механика,Передний,Кроссовер,283614,12,12974
Volkswagen,Passat,2020,93091.0,Автомат,Передний,Кроссовер,830372,6,15515
Hyundai,Tucson,2011,276539.0,Автомат,Передний,Кроссовер,267805,15,18436
Volkswagen,Passat,2015,223473.0,Автомат,Передний,Седан,267830,11,20316
Hyundai,Tucson,2010,176734.0,Автомат,Задний,Седан,332454,16,11046
Volkswagen,Golf,2012,212565.0,Автомат,Полный,Хэтчбек,294833,14,15183
Toyota,Camry,2021,92542.0,Робот,Передний,Седан,1839632,5,18508
Kia,Ceed,2023,31731.0,Автомат,Передний,Седан,1588198,3,10577
Toyota,Land Cruiser,2008,258536.0,Механика,Полный,Кроссовер,290348,18,14363
Hyundai,Santa Fe,2022,44216.0,Автомат,Полный,Хэтчбек,1150285,4,11054
Kia,Ceed,2017,133601.5,Автомат,Передний,Хэтчбек,262870,9,14845
Hyundai,ix35,2024,30172.0,Робот,Задний,Седан,1449043,2,15086
Volkswagen,Tiguan,2019,81796.0,Механика,Полный,Седан,738608,7,11685
Kia,Ceed,2024,25126.0,Автомат,Передний,Седан,1562601,2,12563
Volkswagen,Golf,2011,225648.5,Автомат,Полный,Седан,313727,15,15043
Volkswagen,Tiguan,2022,59267.0,Механика,Передний,Кроссовер,1266838,4,14817
Hyundai,Solaris,2015,156085.0,Механика,Полный,Кроссовер,298983,11,14190
Hyundai,Solaris,2016,189200.0,Автомат,Передний,Седан,261548,10,18920
Hyundai,ix35,2024,32086.0,Автомат,Полный,Кроссовер,1532008,2,16043
Volkswagen,Tiguan,2008,227721.0,Робот,Полный,Седан,262165,18,12651
Hyundai,ix35,2011,163242.0,Автомат,Передний,Кроссовер,343147,15,10883
Kia,Rio,2008,374965.0,Автомат,Передний,Седан,284905,18,20831
Volkswagen,Golf,2012,193114.0,Автомат,Полный,Кроссовер,292572,14,13794
Toyota,Corolla,2017,81560.0,Механика,Передний,Кроссовер,1187112,9,9062
BMW,X3,2021,125624.0,Автомат,Полный,Кроссовер,1688145,5,25125
BMW,5 Series,2024,19970.0,Механика,Передний,Седан,2584391,2,9985
Toyota,RAV4,2010,260631.0,Автомат,Передний,Кроссовер,343919,16,16289
BMW,5 Series,2020,81716.0,Механика,Полный,Хэтчбек,1730960,6,13619
Toyota,Land Cruiser,2011,123174.0,Автомат,Полный,Кроссовер,447468,15,8212
Volkswagen,Passat,2023,32348.0,Автомат,Передний,Седан,1288715,3,10783
Hyundai,Tucson,2021,112338.0,Робот,Передний,Хэтчбек,888363,5,22468
Kia,Sportage,2008,241753.0,Автомат,Полный,Хэтчбек,258784,18,13431
Kia,Sportage,2013,130995.0,Автомат,Передний,Хэтчбек,267695,13,10077
Volkswagen,Polo,2011,125725.0,Механика,Полный,Хэтчбек,261253,15,8382
Hyundai,Tucson,2015,186068.0,Робот,Передний,Седан,262531,11,16915
Volkswagen,Tiguan,2017,79227.0,Робот,Полный,Хэтчбек,695152,9,8803
BMW,X5,2017,132511.0,Автомат,Полный,Кроссовер,1172015,9,14723
Kia,Rio,2014,142464.0,Автомат,Полный,Кроссовер,296745,12,11872
Hyundai,Solaris,2012,223669.0,Автомат,Полный,Кроссовер,285365,14,15976
Volkswagen,Tiguan,2013,209243.0,Механика,Передний,Хэтчбек,308448,13,16096
Volkswagen,Tiguan,2014,140366.0,Автомат,Задний,Седан,313244,12,11697
Kia,Sportage,2021,102698.0,Автомат,Полный,Седан,1081036,5,20540
Volkswagen,Passat,2022,47781.0,Механика,Полный,Кроссовер,1468570,4,11945
Hyundai,ix35,2011,153929.0,Автомат,Передний,Седан,274356,15,10262
Volkswagen,Golf,2022,52307.0,Механика,Передний,Седан,1132141,4,13077
Volkswagen,Passat,2013,257398.0,Механика,Полный,Седан,342283,13,19800
Toyota,RAV4,2014,171783.0,Робот,Передний,Кроссовер,491672,12,14315
BMW,X3,2014,176826.0,Автомат,Передний,Седан,507565,12,14736
BMW,X3,2023,25469.0,Автомат,Передний,Седан,2410476,3,8490
Volkswagen,Polo,2019,122473.0,Механика,Полный,Седан,649509,7,17496
Toyota,RAV4,2017,125036.0,Автомат,Передний,Хэтчбек,981299,9,13893
Toyota,RAV4,2020,72003.0,Автомат,Передний,Кроссовер,1792121,6,12000
Hyundai,Tucson,2016,180889.0,Робот,Полный,Кроссовер,274419,10,18089
BMW,5 Series,2013,172454.0,Автомат,Полный,Хэтчбек,369757,13,13266
Hyundai,ix35,2016,146835.0,Автомат,Передний,Хэтчбек,510984,10,14684
Hyundai,ix35,2009,133601.0,Механика,Передний,Седан,279406,17,7859
Volkswagen,Passat,2013,198583.0,Автомат,Полный,Кроссовер,270589,13,15276
Volkswagen,Golf,2016,144695.0,Автомат,Передний,Хэтчбек,362223,10,14470
Toyota,Corolla,2019,114580.0,Автомат,Полный,Седан,1465082,7,16369
BMW,X3,2008,268378.0,Автомат,Полный,Кроссовер,303321,18,14910
Kia,Optima,2018,106075.0,Автомат,Полный,Кроссовер,678531,8,13259
BMW,5 Series,2010,155847.0,Автомат,Передний,Кроссовер,291944,16,9740
Volkswagen,Passat,2017,113019.0,Автомат,Передний,Кроссовер,509966,9,12558
Volkswagen,Passat,2011,201682.0,Автомат,Полный,Кроссовер,319264,15,13445
Toyota,Land Cruiser,2024,26603.0,Автомат,Передний,Хэтчбек,2480637,2,13302
BMW,X3,2020,99543.0,Автомат,Полный,Кроссовер,1589623,6,16590
Hyundai,Santa Fe,2022,60321.0,Механика,Передний,Кроссовер,1383852,4,15080
Hyundai,Santa Fe,2010,297068.0,Автомат,Передний,Хэтчбек,341027,16,18567
Toyota,Camry,2023,41608.0,Автомат,Задний,Седан,2264068,3,13869
BMW,X3,2019,93165.0,Автомат,Передний,Кроссовер,1578148,7,13309
BMW,X3,2012,117230.0,Механика,Полный,Кроссовер,551114,14,8374
Toyota,Corolla,2010,359313.0,Автомат,Полный,Хэтчбек,297911,16,22457
Kia,Rio,2011,182061.0,Автомат,Полный,Кроссовер,344533,15,12137
Volkswagen,Passat,2011,282445.0,Механика,Задний,Хэтчбек,339677,15,18830
BMW,X3,2015,140951.0,Автомат,Полный,Кроссовер,841556,11,12814
Toyota,Land Cruiser,2023,52465.0,Механика,Полный,Кроссовер,2181951,3,17488
Kia,Sportage,2017,156333.0,Механика,Полный,Кроссовер,326617,9,17370
Kia,Optima,2024,33065.0,Механика,Полный,Хэтчбек,1428475,2,16532
BMW,X5,2010,228454.0,Автомат,Задний,Хэтчбек,326122,16,14278
BMW,X5,2013,225246.0,Автомат,Полный,Кроссовер,256334,13,17327
Volkswagen,Polo,2011,266915.0,Механика,Полный,Хэтчбек,297674,15,17794
Kia,Optima,2019,106939.5,Механика,Задний,Кроссовер,719027,7,15277
Hyundai,Tucson,2024,32900.0,Автомат,Передний,Седан,1752234,2,16450
Hyundai,ix35,2011,183633.0,Автомат,Полный,Хэтчбек,315720,15,12242
Toyota,Land Cruiser,2016,99637.0,Автомат,Полный,Хэтчбек,899097,10,9964
Toyota,RAV4,2012,153702.0,Механика,Передний,Хэтчбек,451113,14,10979
Toyota,Land Cruiser,2022,56511.0,Робот,Полный,Кроссовер,2479567,4,14128
Kia,Sportage,2019,104124.0,Автомат,Передний,Хэтчбек,677487,7,14875
Kia,Sportage,2013,179109.0,Робот,Передний,Седан,295539,13,13778
Kia,Ceed,2024,28361.0,Механика,Полный,Кроссовер,1604682,2,14180
Volkswagen,Golf,2017,157671.0,Робот,Передний,Хэтчбек,329575,9,17519
Volkswagen,Tiguan,2014,195825.0,Автомат,Передний,Седан,304424,12,16319
Volkswagen,Tiguan,2023,55595.0,Механика,Полный,Кроссовер,1411400,3,18532
Kia,Optima,2012,238927.0,Механика,Передний,Хэтчбек,304330,14,17066
BMW,X5,2019,97492.0,Механика,Передний,Седан,1631755,7,13927
Hyundai,Santa Fe,2018,105834.0,Автомат,Передний,Кроссовер,707543,8,13229
Volkswagen,Polo,2016,112990.0,Автомат,Полный,Седан,418010,10,11299
BMW,X5,2013,217570.0,Механика,Передний,Хэтчбек,264039,13,16736
Volkswagen,Passat,2009,280764.0,Автомат,Полный,Хэтчбек,316198,17,16516
Hyundai,Solaris,2010,229347.0,Автомат,Передний,Седан,333283,16,14334
Volkswagen,Passat,2020,87690.0,Механика,Полный,Кроссовер,835950,6,14615
Hyundai,Santa Fe,2018,128285.0,Робот,Задний,Седан,533816,8,16036
Kia,Optima,2019,85825.0,Механика,Полный,Хэтчбек,844609,7,12261
Kia,Ceed,2008,263212.0,Автомат,Полный,Хэтчбек,274508,18,14623
Toyota,Land Cruiser,2019,110255.0,Автомат,Полный,Кроссовер,1404879,7,15751
Toyota,Corolla,2021,98035.0,Механика,Передний,Кроссовер,2107882,5,19607
Hyundai,Tucson,2022,65814.0,Механика,Полный,Седан,1230503,4,16454
Toyota,Land Cruiser,2008,429057.0,Автомат,Передний,Седан,340707,18,23836
Volkswagen,Passat,2009,240648.0,Автомат,Полный,Хэтчбек,342951,17,14156
Hyundai,Tucson,2020,83886.0,Автомат,Передний,Хэтчбек,906741,6,13981
BMW,X3,2015,246306.0,Автомат,Передний,Седан,413116,11,22391
BMW,X5,2008,355718.0,Автомат,Полный,Седан,322090,18,19762
Toyota,Camry,2017,147618.0,Автомат,Передний,Седан,1098807,9,16402
Kia,Ceed,2008,345628.0,Автомат,Передний,Хэтчбек,331280,18,19202
BMW,5 Series,2008,304034.0,Робот,Полный,Хэтчбек,318638,18,16891
Hyundai,Tucson,2020,88488.0,Автомат,Полный,Седан,974772,6,14748
Toyota,Land Cruiser,2018,191783.0,Робот,Передний,Хэтчбек,894657,8,23973
Toyota,Camry,2009,180877.0,Механика,Передний,Седан,265219,17,10640
Toyota,RAV4,2018,134859.0,Автомат,Полный,Седан,1270563,8,16857
Volkswagen,Polo,2010,318353.0,Механика,Передний,Кроссовер,325086,16,19897
Hyundai,Santa Fe,2013,169550.0,Автомат,Полный,Хэтчбек,274370,13,13042
BMW,X5,2009,68319.0,Автомат,Передний,Седан,476892,17,4019
Kia,Rio,2014,106435.0,Автомат,Полный,Седан,336494,12,8870
Hyundai,Tucson,2013,209003.0,Автомат,Передний,Хэтчбек,258531,13,16077
Hyundai,Tucson,2020,44530.0,Автомат,Полный,Хэтчбек,980854,6,7422
Toyota,Camry,2012,136002.0,Автомат,Полный,Кроссовер,477785,14,9714
BMW,3 Series,2012,130107.0,Робот,Полный,Седан,538680,14,9293
Volkswagen,Passat,2012,237950.0,Автомат,Полный,Кроссовер,270806,14,16996
Volkswagen,Golf,2015,197305.0,Автомат,Полный,Хэтчбек,343489,11,17937
Hyundai,Tucson,2021,93586.0,Автомат,Полный,Кроссовер,1013467,5,18717
Hyundai,Tucson,2008,377766.0,Автомат,Передний,Кроссовер,278130,18,20987
Hyundai,Tucson,2016,146899.0,Механика,Задний,Кроссовер,286299,10,14690
Volkswagen,Passat,2011,243898.0,Автомат,Задний,Седан,339237,15,16260
Hyundai,ix35,2011,237898.0,Механика,Полный,Кроссовер,264405,15,15860
Hyundai,Solaris,2015,193703.0,Автомат,Передний,Седан,326774,11,17609
BMW,X5,2019,138481.0,Робот,Полный,Хэтчбек,1428597,7,19783
BMW,X3,2019,121568.0,Автомат,Передний,Кроссовер,1561608,7,17367
BMW,X5,2018,157174.0,Автомат,Полный,Хэтчбек,1129131,8,19647
Toyota,Land Cruiser,2023,48406.0,Автомат,Передний,Хэтчбек,2256239,3,16135
Kia,Sportage,2021,74858.0,Автомат,Передний,Седан,1103882,5,14972
Kia,Sportage,2010,60272.0,Робот,Передний,Хэтчбек,308055,16,3767
Toyota,RAV4,2019,100585.0,Автомат,Полный,Кроссовер,1422911,7,14369
Volkswagen,Polo,2015,170446.0,Механика,Передний,Хэтчбек,256114,11,15495
Volkswagen,Tiguan,2012,215843.0,Робот,Полный,Хэтчбек,334659,14,15417
BMW,X3,2008,267079.0,Автомат,Передний,Хэтчбек,317350,18,14838
Toyota,Corolla,2020,98456.0,Механика,Передний,Хэтчбек,1862460,6,16409
Toyota,RAV4,2008,300133.0,Автомат,Передний,Хэтчбек,336761,18,16674
Toyota,RAV4,2017,117120.0,Робот,Передний,Седан,1189380,9,13013
Kia,Rio,2015,149843.0,Автомат,Передний,Кроссовер,309781,11,13622
Kia,Optima,2008,372862.0,Автомат,Передний,Хэтчбек,259512,18,20715
Volkswagen,Passat,2011,253819.0,Механика,Передний,Хэтчбек,317394,15,16921
Volkswagen,Golf,2022,55983.0,Автомат,Полный,Хэтчбек,1257327,4,13996
Hyundai,Santa Fe,2008,276089.0,Механика,Полный,Хэтчбек,339664,18,15338
Hyundai,Tucson,2019,107025.0,Автомат,Передний,Хэтчбек,774991,7,15289
Volkswagen,Passat,2021,90152.0,Автомат,Передний,Седан,1022823,5,18030
BMW,X5,2017,104834.0,Автомат,Задний,Кроссовер,1002866,9,11648
Toyota,Corolla,2019,110048.0,Механика,Передний,Кроссовер,1509319,7,15721
Volkswagen,Polo,2013,145280.0,Механика,Передний,Кроссовер,301584,13,11175
Toyota,Land Cruiser,2014,103733.0,Робот,Передний,Седан,720558,12,8644
Volkswagen,Tiguan,2019,116177.0,Механика,Задний,Кроссовер,715622,7,16597
Hyundai,Tucson,2008,187450.0,Механика,Передний,Кроссовер,326208,18,10414
Toyota,Land Cruiser,2011,83266.0,Автомат,Передний,Седан,621348,15,5551
Volkswagen,Passat,2012,241343.0,Механика,Передний,Седан,274589,14,17239
Toyota,Corolla,2011,294615.0,Механика,Передний,Седан,316219,15,19641
Volkswagen,Passat,2016,105725.0,Автомат,Передний,Хэтчбек,498020,10,10572
Kia,Optima,2009,345746.0,Автомат,Полный,Седан,290409,17,20338
Toyota,RAV4,2012,220438.0,Автомат,Передний,Хэтчбек,337496,14,15746
Hyundai,Santa Fe,2021,34444.0,Механика,Полный,Хэтчбек,1137165,5,6889
BMW,X3,2012,142660.0,Робот,Полный,Кроссовер,402753,14,10190
Toyota,RAV4,2012,293959.0,Автомат,Полный,Хэтчбек,343995,14,20997
Volkswagen,Golf,2011,206367.0,Автомат,Полный,Хэтчбек,337395,15,13758
BMW,X5,2022,58886.0,Автомат,Передний,Кроссовер,2245945,4,14722
Kia,Ceed,2023,25241.0,Автомат,Полный,Кроссовер,1401894,3,8414
BMW,3 Series,2012,124419.0,Механика,Полный,Седан,462751,14,8887
Volkswagen,Polo,2012,271444.0,Механика,Передний,Кроссовер,302282,14,19389
Volkswagen,Golf,2022,82092.0,Автомат,Полный,Кроссовер,1218115,4,20523
Toyota,Corolla,2009,253761.5,Механика,Полный,Седан,325119,17,14927
Kia,Sportage,2012,111237.0,Робот,Передний,Седан,342058,14,7946
Hyundai,Santa Fe,2015,175636.0,Автомат,Передний,Хэтчбек,306466,11,15967
Kia,Rio,2012,155799.0,Автомат,Передний,Седан,274484,14,11128
Volkswagen,Golf,2021,87566.0,Механика,Передний,Седан,1057992,5,17513
Kia,Rio,2014,197143.0,Механика,Передний,Хэтчбек,327149,12,16429
Hyundai,Santa Fe,2010,90045.0,Механика,Передний,Кроссовер,308895,16,5628
BMW,5 Series,2018,100350.0,Автомат,Передний,Седан,1208709,8,12544
Kia,Rio,2015,182242.0,Механика,Полный,Хэтчбек,292768,11,16567
BMW,5 Series,2016,108616.0,Автомат,Полный,Кроссовер,1053028,10,10862
Kia,Ceed,2020,78012.0,Автомат,Передний,Кроссовер,1020698,6,13002
Volkswagen,Polo,2016,139054.0,Автомат,Полный,Кроссовер,295017,10,13905
Volkswagen,Passat,2020,102622.0,Автомат,Передний,Кроссовер,836116,6,17104
Kia,Ceed,2019,111828.0,Механика,Передний,Седан,653152,7,15975
Kia,Ceed,2010,345105.0,Механика,Передний,Седан,330233,16,21569
Hyundai,ix35,2017,171156.0,Автомат,Передний,Седан,272535,9,19017
Hyundai,ix35,2011,296830.0,Автомат,Полный,Кроссовер,270033,15,19789
Volkswagen,Passat,2023,35747.0,Автомат,Полный,Седан,1485644,3,11916
BMW,5 Series,2021,88913.0,Автомат,Задний,Кроссовер,1982841,5,17783
BMW,3 Series,2022,45295.0,Автомат,Полный,Седан,2096427,4,11324
Toyota,Camry,2023,55380.0,Механика,Передний,Седан,2621648,3,18460
Toyota,Land Cruiser,2021,58610.0,Автомат,Передний,Хэтчбек,2075090,5,11722
Volkswagen,Tiguan,2024,23212.0,Механика,Полный,Кроссовер,1881773,2,11606
Hyundai,ix35,2010,243266.0,Механика,Передний,Кроссовер,306273,16,15204
Kia,Optima,2018,156355.0,Механика,Задний,Седан,447712,8,19544
Kia,Ceed,2010,107465.0,Автомат,Передний,Хэтчбек,307444,16,6717
Volkswagen,Polo,2024,27789.0,Автомат,Полный,Седан,1422776,2,13894
Hyundai,Solaris,2008,301229.0,Автомат,Передний,Кроссовер,326398,18,16735
Volkswagen,Golf,2021,69129.0,Автомат,Передний,Хэтчбек,1018629,5,13826
Volkswagen,Polo,2019,115739.0,Автомат,Передний,Хэтчбек,663749,7,16534
Hyundai,Solaris,2010,211913.0,Автомат,Передний,Седан,320935,16,13245
Volkswagen,Golf,2022,58886.0,Механика,Передний,Кроссовер,1327799,4,14722
Hyundai,Solaris,2021,110622.0,Автомат,Задний,Седан,1021018,5,22124
Volkswagen,Passat,2008,223098.0,Автомат,Полный,Кроссовер,298294,18,12394
BMW,X5,2008,280682.0,Автомат,Полный,Хэтчбек,308349,18,15593
Volkswagen,Tiguan,2013,193130.0,Механика,Полный,Хэтчбек,281800,13,14856
Hyundai,ix35,2012,208267.0,Автомат,Передний,Хэтчбек,274214,14,14876
BMW,X3,2016,154821.0,Робот,Передний,Седан,703709,10,15482
BMW,X5,2019,92908.0,Автомат,Передний,Хэтчбек,1355852,7,13273
Kia,Ceed,2017,94942.0,Автомат,Полный,Хэтчбек,626616,9,10549
Hyundai,ix35,2008,264598.0,Автомат,Передний,Хэтчбек,291969,18,14700
BMW,3 Series,2010,162731.0,Автомат,Передний,Седан,327029,16,10171
Toyota,RAV4,2024,24734.0,Робот,Полный,Хэтчбек,2507857,2,12367
BMW,X3,2018,84099.0,Автомат,Полный,Хэтчбек,1437786,8,10512
Hyundai,ix35,2008,457313.0,Робот,Полный,Седан,273473,18,25406
BMW,X3,2009,344060.0,Механика,Полный,Кроссовер,265254,17,20239
Kia,Ceed,2017,140474.0,Автомат,Передний,Кроссовер,419903,9,15608
BMW,5 Series,2023,41949.0,Автомат,Передний,Седан,2768544,3,13983
Toyota,Corolla,2017,96084.0,Механика,Передний,Кроссовер,1288245,9,10676
Volkswagen,Polo,2017,114289.0,Механика,Полный,Седан,482727,9,12699
BMW,3 Series,2017,186093.0,Автомат,Полный,Хэтчбек,875141,9,20677
Volkswagen,Passat,2020,77422.0,Автомат,Передний,Седан,865147,6,12904
BMW,X3,2021,92929.0,Механика,Полный,Кроссовер,2071593,5,18586
BMW,5 Series,2012,56536.0,Автомат,Передний,Кроссовер,825507,14,4038
Hyundai,Solaris,2019,79973.0,Автомат,Передний,Кроссовер,741941,7,11425
Volkswagen,Golf,2013,137590.0,Механика,Полный,Кроссовер,292868,13,10584
Kia,Ceed,2024,27575.0,Робот,Передний,Кроссовер,1513243,2,13788
Kia,Ceed,2010,288402.0,Робот,Полный,Кроссовер,300294,16,18025
Volkswagen,Tiguan,2023,41186.0,Автомат,Передний,Седан,1641299,3,13729
Toyota,Land Cruiser,2015,171667.0,Механика,Передний,Хэтчбек,724799,11,15606
Hyundai,ix35,2022,76639.0,Автомат,Полный,Седан,1049969,4,19160
BMW,3 Series,2009,206909.0,Автомат,Передний,Кроссовер,298402,17,12171
Hyundai,Solaris,2023,48167.0,Механика,Полный,Кроссовер,1233380,3,16056
Hyundai,ix35,2021,49322.0,Механика,Полный,Хэтчбек,1065727,5,9864
Volkswagen,Tiguan,2017,149014.0,Механика,Передний,Хэтчбек,334287,9,16557
Kia,Sportage,2008,385246.0,Механика,Передний,Седан,281947,18,21403
Hyundai,Solaris,2014,200479.0,Автомат,Полный,Кроссовер,304252,12,16707
Toyota,Land Cruiser,2016,229512.0,Робот,Полный,Кроссовер,628804,10,22951
Hyundai,Solaris,2013,195764.0,Робот,Передний,Хэтчбек,284634,13,15059
Kia,Ceed,2019,115812.0,Механика,Передний,Хэтчбек,759458,7,16545
Hyundai,Tucson,2023,41606.0,Механика,Задний,Кроссовер,1499989,3,13869
Toyota,Corolla,2015,152983.0,Механика,Передний,Кроссовер,785755,11,13908
Kia,Optima,2011,280187.0,Автомат,Передний,Седан,270269,15,18679
BMW,5 Series,2022,42467.0,Автомат,Полный,Седан,2145400,4,10617
Volkswagen,Golf,2013,129512.0,Автомат,Передний,Хэтчбек,336606,13,9962
Kia,Rio,2020,80298.0,Автомат,Передний,Хэтчбек,884617,6,13383
Kia,Sportage,2022,76714.0,Механика,Передний,Хэтчбек,1356161,4,19178
Volkswagen,Polo,2008,126583.0,Автомат,Передний,Седан,294280,18,7032
Kia,Rio,2011,254989.0,Робот,Передний,Хэтчбек,268211,15,16999
Toyota,RAV4,2022,28141.0,Автомат,Передний,Хэтчбек,2074286,4,7035
Kia,Optima,2019,122001.0,Автомат,Полный,Седан,623442,7,17429
Hyundai,Tucson,2011,160579.0,Робот,Передний,Хэтчбек,260984,15,10705
Volkswagen,Polo,2013,154737.0,Автомат,Полный,Седан,309967,13,11903
Hyundai,Santa Fe,2022,56421.0,Механика,Передний,Кроссовер,1203301,4,14105
Kia,Sportage,2017,73450.0,Механика,Полный,Седан,670495,9,8161
Toyota,RAV4,2024,31751.0,Автомат,Передний,Седан,3128346,2,15876
Kia,Optima,2017,146466.0,Автомат,Передний,Кроссовер,363320,9,16274
Volkswagen,Passat,2020,135886.0,Робот,Передний,Седан,631527,6,22648
Hyundai,Santa Fe,2020,118760.0,Автомат,Задний,Седан,906514,6,19793
Toyota,Corolla,2016,150573.0,Автомат,Передний,Кроссовер,850667,10,15057
Hyundai,Santa Fe,2022,25418.0,Автомат,Передний,Кроссовер,1203878,4,6354
Hyundai,Solaris,2022,61822.0,Робот,Полный,Седан,1296716,4,15456
Volkswagen,Golf,2016,148391.0,Автомат,Полный,Седан,332318,10,14839
BMW,3 Series,2015,142912.0,Автомат,Полный,Кроссовер,726501,11,12992
Toyota,Camry,2011,131393.0,Автомат,Полный,Кроссовер,382724,15,8760
Kia,Sportage,2016,167602.0,Автомат,Передний,Кроссовер,279473,10,16760
BMW,5 Series,2019,134536.0,Механика,Передний,Кроссовер,1246535,7,19219
BMW,X3,2015,206537.0,Робот,Передний,Седан,472624,11,18776
BMW,X5,2013,190602.0,Автомат,Передний,Хэтчбек,332806,13,14662
Toyota,Corolla,2018,105284.0,Механика,Задний,Седан,1251477,8,13160
Kia,Optima,2016,140439.0,Механика,Задний,Седан,355215,10,14044
Volkswagen,Tiguan,2013,139667.0,Механика,Передний,Седан,295256,13,10744
BMW,5 Series,2020,51469.0,Автомат,Полный,Хэтчбек,1834118,6,8578
Kia,Sportage,2016,120589.0,Автомат,Задний,Хэтчбек,446576,10,12059
Kia,Rio,2017,81454.0,Автомат,Полный,Хэтчбек,579758,9,9050
BMW,X3,2009,260929.0,Автомат,Передний,Кроссовер,282518,17,15349
Volkswagen,Golf,2011,207548.0,Автомат,Передний,Кроссовер,334883,15,13837
Hyundai,Tucson,2016,142101.0,Механика,Задний,Седан,345917,10,14210
Toyota,RAV4,2010,287391.0,Механика,Передний,Кроссовер,283012,16,17962
Kia,Rio,2008,180484.0,Автомат,Полный,Кроссовер,337912,18,10027
Volkswagen,Tiguan,2018,101990.0,Механика,Задний,Хэтчбек,652915,8,12749
Kia,Optima,2024,28828.0,Автомат,Полный,Седан,1632469,2,14414
Toyota,Corolla,2024,30172.0,Автомат,Передний,Седан,2696802,2,15086
BMW,X3,2020,107100.0,Механика,Полный,Седан,1763835,6,17850
Volkswagen,Passat,2011,241919.0,Механика,Передний,Кроссовер,335940,15,16128
Kia,Sportage,2012,290799.0,Автомат,Полный,Седан,262152,14,20771
Toyota,Land Cruiser,2024,37103.0,Автомат,Полный,Кроссовер,2962578,2,18552
Hyundai,Santa Fe,2020,52009.0,Механика,Полный,Кроссовер,1018870,6,8668
Hyundai,Tucson,2019,91359.0,Автомат,Передний,Хэтчбек,840873,7,13051
BMW,X5,2008,110332.0,Робот,Полный,Кроссовер,317979,18,6130
Volkswagen,Tiguan,2012,164820.0,Робот,Полный,Хэтчбек,283101,14,11773
Volkswagen,Golf,2012,205660.0,Механика,Полный,Хэтчбек,289556,14,14690
Kia,Rio,2019,84253.0,Автомат,Передний,Кроссовер,900300,7,12036
Volkswagen,Polo,2021,92117.0,Робот,Передний,Седан,942008,5,18423
Hyundai,ix35,2010,185241.0,Автомат,Передний,Хэтчбек,289882,16,11578
Kia,Sportage,2019,123770.0,Механика,Полный,Хэтчбек,663703,7,17681
Volkswagen,Passat,2014,198585.0,Автомат,Передний,Хэтчбек,257474,12,16549
Toyota,Corolla,2021,111478.0,Автомат,Передний,Седан,1810030,5,22296
BMW,3 Series,2009,174667.0,Автомат,Передний,Хэтчбек,289829,17,10275
Hyundai,ix35,2011,213164.0,Автомат,Передний,Седан,317520,15,14211
Toyota,RAV4,2013,201528.0,Робот,Полный,Седан,296740,13,15502
Toyota,Camry,2014,171285.0,Автомат,Полный,Кроссовер,520504,12,14274
Hyundai,Santa Fe,2024,41472.0,Автомат,Полный,Хэтчбек,1399491,2,20736
Kia,Sportage,2009,194708.0,Автомат,Полный,Седан,283840,17,11453
Kia,Optima,2020,79565.0,Автомат,Передний,Хэтчбек,1058083,6,13261
BMW,X3,2011,194913.0,Автомат,Передний,Седан,339818,15,12994
Volkswagen,Polo,2014,189155.0,Автомат,Полный,Седан,337372,12,15763
BMW,3 Series,2017,142493.0,Робот,Передний,Кроссовер,961520,9,15833
Volkswagen,Tiguan,2014,165569.0,Механика,Передний,Кроссовер,314554,12,13797
Kia,Ceed,2012,103602.0,Автомат,Задний,Седан,264141,14,7400
Volkswagen,Polo,2008,315399.0,Автомат,Передний,Кроссовер,310721,18,17522
BMW,X3,2017,113752.0,Автомат,Передний,Седан,1038972,9,12639
BMW,X5,2014,253843.0,Механика,Передний,Хэтчбек,314000,12,21154
BMW,X5,2015,132731.0,Автомат,Задний,Кроссовер,690376,11,12066
Kia,Optima,2021,66298.0,Робот,Полный,Кроссовер,964485,5,13260
Toyota,Corolla,2011,136319.0,Автомат,Передний,Кроссовер,338314,15,9088
Hyundai,Tucson,2024,35087.0,Механика,Полный,Седан,1503541,2,17544
Hyundai,Solaris,2023,35565.0,Автомат,Полный,Седан,1314505,3,11855
BMW,3 Series,2019,66662.0,Автомат,Передний,Седан,1738445,7,9523
Kia,Ceed,2014,146732.0,Автомат,Передний,Хэтчбек,292605,12,12228
Hyundai,Solaris,2023,46176.0,Автомат,Полный,Хэтчбек,1488466,3,15392
Volkswagen,Passat,2020,111900.0,Автомат,Полный,Хэтчбек,786056,6,18650
BMW,X3,2009,254348.0,Механика,Задний,Кроссовер,255127,17,14962
Volkswagen,Golf,2016,146835.0,Автомат,Полный,Кроссовер,578122,10,14684
Toyota,Corolla,2018,100580.0,Автомат,Передний,Седан,1439937,8,12572
Kia,Sportage,2016,128751.0,Механика,Полный,Седан,433168,10,12875
Hyundai,Solaris,2021,33979.0,Механика,Передний,Седан,1200558,5,6796
Hyundai,Santa Fe,2009,319394.0,Механика,Полный,Кроссовер,280647,17,18788
Kia,Optima,2023,56166.0,Автомат,Передний,Седан,1613257,3,18722
Kia,Sportage,2013,160636.0,Механика,Передний,Кроссовер,266622,13,12357
BMW,X5,2012,198554.0,Автомат,Полный,Седан,305385,14,14182
Hyundai,Solaris,2015,212050.0,Робот,Передний,Хэтчбек,325679,11,19277
Volkswagen,Polo,2008,217750.0,Автомат,Задний,Хэтчбек,262620,18,12097
Kia,Rio,2023,32059.0,Автомат,Передний,Кроссовер,1692020,3,10686
Volkswagen,Golf,2021,64017.0,Автомат,Передний,Хэтчбек,1019425,5,12803
Hyundai,Tucson,2017,113598.0,Автомат,Задний,Хэтчбек,498833,9,12622
Kia,Ceed,2009,272196.0,Механика,Задний,Хэтчбек,283696,17,16012
BMW,X3,2020,124958.0,Механика,Передний,Седан,1586129,6,20826
Kia,Ceed,2013,159095.0,Автомат,Передний,Кроссовер,263622,13,12238
Kia,Ceed,2022,50454.0,Автомат,Передний,Кроссовер,1142936,4,12614
Hyundai,Santa Fe,2017,103635.0,Автомат,Полный,Хэтчбек,528376,9,11515
Hyundai,Santa Fe,2017,134249.0,Автомат,Передний,Хэтчбек,497184,9,14917
Hyundai,Santa Fe,2024,22226.0,Автомат,Полный,Кроссовер,1898632,2,11113
Volkswagen,Passat,2024,22838.0,Автомат,Передний,Кроссовер,1811896,2,11419
BMW,3 Series,2021,76264.0,Механика,Передний,Хэтчбек,1901964,5,15253
Hyundai,Tucson,2021,81369.0,Автомат,Передний,Седан,923588,5,16274
Toyota,RAV4,2023,58563.0,Автомат,Полный,Седан,2201040,3,19521
Kia,Ceed,2011,225648.5,Автомат,Задний,Кроссовер,308909,15,15043
Kia,Optima,2021,130637.0,Механика,Передний,Хэтчбек,989514,5,26127
Hyundai,Santa Fe,2010,290897.0,Автомат,Полный,Кроссовер,289032,16,18181
Toyota,Corolla,2012,187207.0,Автомат,Передний,Хэтчбек,326167,14,13372
Toyota,RAV4,2016,224031.0,Механика,Передний,Хэтчбек,580499,10,22403
BMW,X5,2018,129540.0,Механика,Передний,Кроссовер,1192645,8,16192
Kia,Sportage,2019,110104.0,Автомат,Передний,Хэтчбек,716568,7,15729
Toyota,Camry,2008,252256.0,Автомат,Передний,Хэтчбек,296957,18,14014
BMW,X5,2015,183708.0,Автомат,Задний,Кроссовер,510124,11,16701
Kia,Optima,2021,43025.0,Механика,Полный,Седан,1267408,5,8605
Toyota,Corolla,2018,107601.0,Автомат,Задний,Хэтчбек,1139842,8,13450
Volkswagen,Passat,2012,264271.0,Автомат,Полный,Кроссовер,258262,14,18876
Kia,Ceed,2008,346160.0,Механика,Передний,Хэтчбек,259415,18,19231
Hyundai,Solaris,2016,180685.0,Механика,Задний,Хэтчбек,270581,10,18068
Toyota,RAV4,2024,34966.0,Механика,Полный,Седан,2513594,2,17483
Volkswagen,Golf,2013,196302.0,Автомат,Полный,Кроссовер,310466,13,15100
Toyota,Land Cruiser,2018,117461.0,Механика,Передний,Кроссовер,1368730,8,14683
Toyota,Camry,2009,251199.0,Автомат,Задний,Хэтчбек,293467,17,14776
BMW,3 Series,2023,44056.0,Робот,Полный,Кроссовер,2697190,3,14685
Volkswagen,Golf,2008,283794.0,Автомат,Передний,Хэтчбек,287487,18,15766
BMW,3 Series,2015,179559.0,Автомат,Передний,Седан,696992,11,16324
Toyota,RAV4,2012,129212.0,Автомат,Полный,Седан,524332,14,9229
Kia,Sportage,2022,61592.0,Автомат,Передний,Хэтчбек,1092495,4,15398
Toyota,Land Cruiser,2023,47193.0,Механика,Полный,Хэтчбек,2312002,3,15731
Hyundai,ix35,2020,89542.0,Автомат,Полный,Хэтчбек,733848,6,14924
Volkswagen,Passat,2010,291672.0,Автомат,Передний,Седан,300253,16,18230
Toyota,Corolla,2015,158533.0,Механика,Задний,Седан,778271,11,14412
Volkswagen,Polo,2019,99122.0,Механика,Передний,Кроссовер,767804,7,14160
Toyota,Corolla,2009,278923.0,Механика,Передний,Кроссовер,308285,17,16407
BMW,5 Series,2017,180757.0,Механика,Передний,Кроссовер,934753,9,20084
BMW,3 Series,2021,68458.0,Автомат,Передний,Кроссовер,1904901,5,13692
Kia,Rio,2016,127883.0,Автомат,Передний,Хэтчбек,399568,10,12788
Hyundai,ix35,2020,64604.0,Автомат,Передний,Седан,1082751,6,10767
Volkswagen,Tiguan,2024,31499.0,Автомат,Полный,Хэтчбек,1636447,2,15750
Volkswagen,Passat,2018,113782.0,Автомат,Полный,Седан,606070,8,14223
Volkswagen,Golf,2009,215459.0,Автомат,Передний,Седан,305668,17,12674
Hyundai,Santa Fe,2022,76738.0,Робот,Полный,Седан,1276985,4,19184
BMW,3 Series,2024,31802.0,Автомат,Передний,Седан,2970295,2,15901
BMW,3 Series,2015,224295.0,Механика,Полный,Седан,437493,11,20390
Kia,Optima,2019,133070.0,Автомат,Полный,Хэтчбек,659206,7,19010
Toyota,RAV4,2018,97721.0,Механика,Передний,Седан,1475279,8,12215
Toyota,Camry,2017,137154.0,Автомат,Полный,Хэтчбек,905782,9,15239
BMW,X3,2014,171717.0,Механика,Передний,Кроссовер,526692,12,14310
Hyundai,Tucson,2024,22164.0,Механика,Передний,Седан,1588921,2,11082
BMW,X5,2013,151609.0,Механика,Полный,Кроссовер,491872,13,11662
Toyota,RAV4,2023,29754.0,Автомат,Передний,Хэтчбек,2160809,3,9918
Toyota,Land Cruiser,2016,188529.0,Механика,Передний,Кроссовер,783381,10,18853
Toyota,RAV4,2017,179853.0,Механика,Передний,Хэтчбек,756153,9,19984
Hyundai,Tucson,2008,344299.0,Автомат,Полный,Кроссовер,266395,18,19128
BMW,X3,2013,175876.0,Автомат,Передний,Кроссовер,472698,13,13529
BMW,X5,2015,198711.0,Автомат,Передний,Седан,586047,11,18065
BMW,X5,2014,27612.0,Механика,Передний,Кроссовер,1068051,12,2301
Hyundai,Tucson,2020,82383.0,Автомат,Передний,Кроссовер,938531,6,13730
Kia,Sportage,2019,80679.0,Автомат,Полный,Седан,705996,7,11526
Toyota,Land Cruiser,2013,147921.0,Механика,Полный,Хэтчбек,451156,13,11379
Toyota,Corolla,2018,180859.0,Робот,Передний,Хэтчбек,1056968,8,22607
Hyundai,Solaris,2010,233064.0,Механика,Полный,Седан,263789,16,14566
Toyota,Camry,2016,83141.0,Автомат,Полный,Седан,1213166,10,8314
Kia,Ceed,2015,202436.0,Механика,Передний,Хэтчбек,340284,11,18403
BMW,3 Series,2010,231656.0,Механика,Передний,Седан,344599,16,14478
Kia,Ceed,2019,80126.0,Механика,Задний,Седан,928013,7,11447
Kia,Optima,2020,92250.0,Механика,Передний,Хэтчбек,1002869,6,15375
Toyota,Camry,2024,37375.0,Автомат,Полный,Седан,2992071,2,18688
BMW,X5,2008,230166.0,Автомат,Передний,Седан,306207,18,12787
BMW,X3,2014,152462.0,Механика,Полный,Седан,637504,12,12705
Toyota,RAV4,2022,66032.0,Автомат,Полный,Седан,1997173,4,16508
Kia,Rio,2021,84767.0,Автомат,Передний,Кроссовер,876360,5,16953
Hyundai,Tucson,2023,44075.0,Механика,Полный,Седан,1318769,3,14692
Hyundai,Solaris,2019,25355.0,Механика,Полный,Седан,990609,7,3622
Toyota,RAV4,2011,296222.0,Робот,Передний,Хэтчбек,343821,15,19748
Hyundai,Santa Fe,2020,78762.0,Автомат,Передний,Хэтчбек,941937,6,13127
Kia,Rio,2019,106939.5,Автомат,Задний,Хэтчбек,750552,7,15277
BMW,5 Series,2015,145332.0,Автомат,Передний,Хэтчбек,653307,11,13212
Toyota,Land Cruiser,2008,331210.0,Механика,Передний,Кроссовер,287749,18,18401
Kia,Ceed,2022,87690.0,Автомат,Передний,Кроссовер,1067268,4,21922
Kia,Optima,2019,130389.0,Автомат,Передний,Хэтчбек,693660,7,18627
BMW,3 Series,2012,232727.0,Механика,Полный,Хэтчбек,328819,14,16623
Kia,Optima,2020,101031.0,Автомат,Передний,Кроссовер,894292,6,16838
Volkswagen,Passat,2017,167889.0,Механика,Полный,Хэтчбек,362314,9,18654
Hyundai,Solaris,2015,175101.0,Автомат,Полный,Кроссовер,343516,11,15918
BMW,3 Series,2019,84717.0,Автомат,Полный,Седан,1643323,7,12102
Kia,Ceed,2018,123583.0,Автомат,Передний,Хэтчбек,617724,8,15448
BMW,3 Series,2023,39519.0,Автомат,Полный,Кроссовер,2589807,3,13173
Toyota,RAV4,2014,182562.0,Механика,Передний,Кроссовер,443160,12,15214
BMW,X3,2013,227661.0,Автомат,Передний,Седан,335756,13,17512
BMW,X5,2021,70466.0,Механика,Передний,Седан,1874493,5,14093
BMW,5 Series,2020,105579.0,Автомат,Полный,Седан,1544573,6,17596
Volkswagen,Passat,2023,42124.0,Автомат,Полный,Хэтчбек,1659470,3,14041
BMW,3 Series,2009,239819.0,Механика,Полный,Седан,324302,17,14107
Kia,Rio,2014,196760.0,Механика,Задний,Седан,274338,12,16397
Hyundai,Solaris,2010,260091.0,Автомат,Полный,Седан,317238,16,16256
Volkswagen,Tiguan,2009,236121.0,Автомат,Передний,Хэтчбек,337061,17,13889
Hyundai,ix35,2021,75705.0,Автомат,Передний,Седан,971662,5,15141
Toyota,Corolla,2016,196082.0,Робот,Полный,Хэтчбек,642301,10,19608
Volkswagen,Passat,2008,267079.0,Автомат,Передний,Кроссовер,334675,18,14838
Toyota,Camry,2018,121031.5,Автомат,Передний,Седан,1245889,8,15129
BMW,3 Series,2018,105048.0,Автомат,Задний,Кроссовер,1387743,8,13131
Volkswagen,Golf,2018,102167.0,Автомат,Полный,Хэтчбек,614905,8,12771
Toyota,Corolla,2014,71525.0,Автомат,Полный,Кроссовер,914718,12,5960
Hyundai,Tucson,2016,171091.0,Автомат,Передний,Седан,280036,10,17109
Kia,Optima,2012,189060.0,Механика,Полный,Хэтчбек,282697,14,13504
Hyundai,Tucson,2020,50535.0,Автомат,Передний,Кроссовер,1016998,6,8422
Kia,Ceed,2022,92425.0,Механика,Передний,Седан,1081952,4,23106
Toyota,Corolla,2016,131423.0,Автомат,Задний,Кроссовер,998426,10,13142
BMW,X3,2015,227651.0,Автомат,Передний,Хэтчбек,406213,11,20696
Volkswagen,Tiguan,2021,27344.0,Механика,Передний,Седан,1112533,5,5469
Volkswagen,Tiguan,2011,158920.0,Автомат,Задний,Хэтчбек,305013,15,10595
Toyota,Corolla,2015,150299.0,Автомат,Передний,Хэтчбек,671887,11,13664
Hyundai,Santa Fe,2016,139998.0,Автомат,Полный,Хэтчбек,350787,10,14000
Kia,Sportage,2018,157920.0,Автомат,Полный,Хэтчбек,510460,8,19740
Volkswagen,Golf,2023,57738.0,Автомат,Полный,Кроссовер,1344403,3,19246
BMW,X5,2009,113630.0,Автомат,Полный,Кроссовер,289515,17,6684
BMW,X5,2020,94810.0,Автомат,Полный,Кроссовер,1543054,6,15802
Kia,Sportage,2018,145970.0,Автомат,Передний,Хэтчбек,505660,8,18246
Kia,Sportage,2015,128863.0,Механика,Передний,Кроссовер,331220,11,11715
Volkswagen,Golf,2023,18964.0,Механика,Передний,Кроссовер,1318120,3,6321
Toyota,Land Cruiser,2019,124989.0,Автомат,Передний,Кроссовер,1490087,7,17856
BMW,X3,2020,28601.0,Автомат,Передний,Седан,2090308,6,4767
Kia,Sportage,2017,125355.0,Механика,Передний,Кроссовер,411492,9,13928
Kia,Optima,2020,103677.0,Автомат,Полный,Седан,727894,6,17280
Kia,Rio,2018,98366.0,Автомат,Полный,Хэтчбек,616856,8,12296
BMW,X3,2009,329177.0,Механика,Полный,Седан,266859,17,19363
Kia,Sportage,2015,162872.0,Робот,Передний,Седан,288264,11,14807
Volkswagen,Polo,2008,166896.0,Автомат,Полный,Седан,291779,18,9272
Volkswagen,Polo,2018,99097.0,Автомат,Полный,Седан,640393,8,12387
Hyundai,Santa Fe,2018,102583.0,Механика,Передний,Седан,615683,8,12823
Hyundai,ix35,2015,117579.0,Механика,Полный,Седан,301348,11,10689
Toyota,RAV4,2009,286246.0,Автомат,Передний,Хэтчбек,271933,17,16838
Kia,Rio,2016,228400.0,Автомат,Полный,Седан,277295,10,22840
Toyota,Land Cruiser,2022,94837.0,Автомат,Задний,Хэтчбек,2012257,4,23709
Hyundai,Santa Fe,2019,53900.0,Автомат,Передний,Седан,998684,7,7700
Kia,Rio,2012,213312.0,Механика,Передний,Седан,338360,14,15237
Toyota,Camry,2021,67046.0,Робот,Передний,Седан,1788369,5,13409
Volkswagen,Tiguan,2016,210380.0,Механика,Полный,Седан,256520,10,21038
Toyota,Land Cruiser,2011,46994.0,Робот,Задний,Кроссовер,764169,15,3133
Toyota,RAV4,2008,459209.0,Автомат,Передний,Хэтчбек,291218,18,25512
Toyota,Corolla,2011,325805.0,Автомат,Задний,Хэтчбек,336869,15,21720
Hyundai,ix35,2013,262932.0,Автомат,Передний,Кроссовер,281126,13,20226
Volkswagen,Golf,2020,103119.0,Автомат,Полный,Седан,842198,6,17186
Toyota,Corolla,2009,236125.0,Механика,Передний,Кроссовер,255118,17,13890
Volkswagen,Tiguan,2024,34365.0,Автомат,Передний,Седан,1831496,2,17182
Hyundai,ix35,2024,38910.0,Механика,Передний,Кроссовер,1725712,2,19455
Toyota,Corolla,2010,60802.0,Автомат,Передний,Хэтчбек,537454,16,3800
BMW,X5,2023,64320.0,Механика,Передний,Хэтчбек,2480302,3,21440
Toyota,Camry,2016,113059.0,Механика,Полный,Кроссовер,968421,10,11306
Hyundai,Santa Fe,2024,34684.0,Автомат,Полный,Седан,1506977,2,17342
Kia,Rio,2014,99776.0,Автомат,Полный,Хэтчбек,305219,12,8315
Volkswagen,Tiguan,2014,205406.0,Автомат,Задний,Седан,320927,12,17117
Hyundai,Santa Fe,2011,306366.0,Автомат,Задний,Седан,335074,15,20424
BMW,X5,2019,95480.0,Автомат,Полный,Хэтчбек,1336547,7,13640
BMW,5 Series,2009,387800.0,Автомат,Передний,Седан,290508,17,22812
BMW,3 Series,2011,257139.0,Автомат,Передний,Кроссовер,300589,15,17143
Volkswagen,Golf,2021,53124.0,Автомат,Полный,Хэтчбек,1284817,5,10625
Kia,Optima,2022,72493.0,Автомат,Полный,Седан,1350543,4,18123
Volkswagen,Passat,2015,113634.0,Автомат,Полный,Кроссовер,401768,11,10330
BMW,X3,2018,120235.0,Автомат,Передний,Кроссовер,1280907,8,15029
Kia,Sportage,2011,160029.0,Механика,Передний,Хэтчбек,275015,15,10669
Hyundai,Santa Fe,2022,69443.0,Робот,Полный,Кроссовер,1196717,4,17361
Volkswagen,Golf,2011,245745.0,Автомат,Передний,Кроссовер,284920,15,16383
Volkswagen,Tiguan,2022,35183.0,Автомат,Полный,Хэтчбек,1509719,4,8796
Hyundai,ix35,2012,294290.0,Автомат,Полный,Кроссовер,292019,14,21021
Volkswagen,Golf,2008,291351.0,Механика,Передний,Седан,312418,18,16186
BMW,3 Series,2020,100813.0,Механика,Полный,Хэтчбек,1612758,6,16802
Toyota,Land Cruiser,2008,247333.0,Автомат,Полный,Кроссовер,307505,18,13741
Toyota,Land Cruiser,2018,130434.0,Автомат,Полный,Кроссовер,1243201,8,16304
Toyota,RAV4,2019,92406.0,Автомат,Полный,Кроссовер,1672725,7,13201
Toyota,Corolla,2021,100757.0,Автомат,Передний,Седан,1833641,5,20151
Volkswagen,Polo,2008,259524.0,Автомат,Полный,Кроссовер,318601,18,14418
Hyundai,ix35,2021,73439.0,Автомат,Полный,Кроссовер,1205220,5,14688
Kia,Sportage,2015,115368.0,Автомат,Передний,Кроссовер,364483,11,10488
Volkswagen,Passat,2010,181260.0,Механика,Полный,Кроссовер,327658,16,11329
Hyundai,Santa Fe,2014,168609.0,Автомат,Передний,Кроссовер,255802,12,14051
Toyota,RAV4,2010,305789.0,Автомат,Передний,Кроссовер,314632,16,19112
Toyota,Corolla,2013,212518.0,Автомат,Полный,Седан,257862,13,16348
Toyota,Corolla,2009,285754.0,Автомат,Передний,Хэтчбек,287729,17,16809
Volkswagen,Polo,2020,87036.0,Автомат,Передний,Хэтчбек,787705,6,14506
BMW,X3,2021,113602.0,Робот,Полный,Седан,1702093,5,22720
Hyundai,ix35,2016,135603.0,Автомат,Передний,Седан,310566,10,13560
BMW,5 Series,2010,369994.0,Автомат,Передний,Хэтчбек,312552,16,23125
Kia,Sportage,2022,62137.0,Автомат,Задний,Кроссовер,1123105,4,15534
Kia,Ceed,2020,93324.0,Автомат,Полный,Хэтчбек,902004,6,15554
Toyota,RAV4,2009,54926.0,Автомат,Задний,Седан,538287,17,3231
Kia,Sportage,2016,92926.0,Автомат,Полный,Седан,443749,10,9293
Kia,Sportage,2024,33609.0,Автомат,Полный,Хэтчбек,1641155,2,16804
Kia,Optima,2017,140121.0,Механика,Полный,Хэтчбек,390485,9,15569
Kia,Sportage,2018,110322.0,Автомат,Задний,Хэтчбек,647819,8,13790
Hyundai,ix35,2019,111368.0,Механика,Задний,Хэтчбек,618567,7,15910
Hyundai,Solaris,2017,207639.0,Автомат,Полный,Кроссовер,342109,9,23071
Volkswagen,Passat,2015,166931.0,Механика,Передний,Кроссовер,281872,11,15176
Volkswagen,Passat,2020,112838.0,Автомат,Передний,Хэтчбек,716458,6,18806
Kia,Ceed,2023,41215.0,Автомат,Полный,Хэтчбек,1273119,3,13738
Hyundai,ix35,2014,166107.0,Механика,Передний,Кроссовер,324198,12,13842
Hyundai,Solaris,2010,240524.0,Робот,Передний,Седан,284036,16,15033
Volkswagen,Polo,2010,253022.0,Механика,Полный,Хэтчбек,291678,16,15814
Volkswagen,Passat,2011,140351.0,Автомат,Полный,Кроссовер,270997,15,9357
Hyundai,ix35,2019,107166.0,Механика,Передний,Кроссовер,789422,7,15309
Kia,Ceed,2011,278355.0,Автомат,Полный,Седан,291529,15,18557
Hyundai,Solaris,2019,133823.0,Механика,Передний,Хэтчбек,708585,7,19118
Toyota,Land Cruiser,2015,144250.0,Автомат,Передний,Кроссовер,800061,11,13114
Volkswagen,Polo,2020,123232.0,Робот,Полный,Хэтчбек,703119,6,20539
BMW,3 Series,2023,44212.0,Механика,Передний,Хэтчбек,2509916,3,14737
Volkswagen,Polo,2021,84954.0,Механика,Полный,Седан,1076144,5,16991
Volkswagen,Tiguan,2023,38647.0,Механика,Передний,Седан,1278634,3,12882
Toyota,Land Cruiser,2013,262890.0,Автомат,Передний,Седан,313551,13,20222
Hyundai,Tucson,2009,206494.0,Механика,Задний,Хэтчбек,303568,17,12147
Volkswagen,Tiguan,2008,234294.0,Автомат,Передний,Кроссовер,329969,18,13016
BMW,3 Series,2017,45485.0,Автомат,Полный,Кроссовер,1163944,9,5054
Volkswagen,Polo,2022,35144.0,Автомат,Полный,Кроссовер,1353221,4,8786
Kia,Sportage,2023,43547.0,Автомат,Передний,Кроссовер,1535305,3,14516
Toyota,RAV4,2024,38047.0,Автомат,Передний,Хэтчбек,2836618,2,19024
Hyundai,Santa Fe,2017,102994.0,Автомат,Полный,Седан,628080,9,11444
BMW,X5,2013,158667.0,Робот,Полный,Кроссовер,466954,13,12205
Kia,Sportage,2016,149251.0,Автомат,Передний,Хэтчбек,291885,10,14925
Kia,Sportage,2010,290585.0,Автомат,Полный,Хэтчбек,311543,16,18162
Hyundai,Tucson,2013,222066.0,Механика,Передний,Седан,323867,13,17082
Hyundai,Santa Fe,2017,244047.0,Автомат,Полный,Хэтчбек,262416,9,27116
Toyota,RAV4,2024,39454.0,Механика,Передний,Седан,2994065,2,19727
Volkswagen,Passat,2015,158826.0,Автомат,Полный,Седан,293107,11,14439
Kia,Ceed,2011,346068.0,Автомат,Полный,Кроссовер,319184,15,23071
Hyundai,Solaris,2013,132854.0,Автомат,Передний,Кроссовер,311870,13,10220
Hyundai,Santa Fe,2015,195458.0,Механика,Задний,Кроссовер,275970,11,17769
Kia,Optima,2016,228387.0,Механика,Передний,Хэтчбек,326492,10,22839
BMW,3 Series,2014,195035.0,Механика,Передний,Седан,420617,12,16253
Hyundai,Tucson,2022,77627.0,Механика,Передний,Седан,1179412,4,19407
Kia,Optima,2013,137520.0,Механика,Передний,Кроссовер,263264,13,10578
BMW,5 Series,2019,111278.0,Робот,Передний,Кроссовер,1623176,7,15897
Volkswagen,Polo,2016,126841.0,Автомат,Передний,Хэтчбек,330058,10,12684
Hyundai,Tucson,2021,76024.0,Автомат,Передний,Кроссовер,1004576,5,15205
Toyota,Camry,2010,161385.0,Автомат,Передний,Седан,299354,16,10087
Kia,Sportage,2008,262472.0,Механика,Передний,Седан,337765,18,14582
BMW,X3,2015,103650.0,Механика,Передний,Хэтчбек,953703,11,9423
Volkswagen,Golf,2008,320952.0,Автомат,Полный,Седан,313745,18,17831
Kia,Sportage,2024,34052.0,Автомат,Полный,Хэтчбек,1725379,2,17026
BMW,5 Series,2015,187364.0,Механика,Полный,Седан,528633,11,17033
BMW,X3,2015,108450.0,Механика,Передний,Кроссовер,823965,11,9859
BMW,X3,2020,80937.0,Автомат,Передний,Хэтчбек,1903347,6,13490
Hyundai,Tucson,2010,321011.0,Робот,Полный,Кроссовер,313294,16,20063
BMW,3 Series,2018,101172.0,Механика,Полный,Кроссовер,1111470,8,12646
Hyundai,Tucson,2015,125933.0,Автомат,Полный,Кроссовер,322490,11,11448
Hyundai,ix35,2015,209216.0,Автомат,Передний,Седан,318884,11,19020
Toyota,Land Cruiser,2013,174574.0,Автомат,Полный,Кроссовер,410626,13,13429
Toyota,RAV4,2023,56111.0,Автомат,Полный,Седан,2585609,3,18704
BMW,X3,2010,156981.0,Автомат,Задний,Седан,276934,16,9811
Kia,Optima,2015,148899.0,Механика,Задний,Седан,286398,11,13536
BMW,X5,2024,20817.0,Механика,Задний,Кроссовер,2848567,2,10408
Kia,Rio,2014,181325.0,Автомат,Полный,Кроссовер,340891,12,15110
Volkswagen,Tiguan,2022,46314.0,Механика,Передний,Кроссовер,1165726,4,11578
Hyundai,Santa Fe,2015,136680.0,Автомат,Передний,Кроссовер,290843,11,12425
Volkswagen,Tiguan,2020,89392.0,Автомат,Передний,Кроссовер,881986,6,14899
BMW,3 Series,2017,137571.0,Механика,Полный,Кроссовер,1051385,9,15286
Toyota,Land Cruiser,2018,113175.0,Автомат,Полный,Хэтчбек,1137864,8,14147
Toyota,RAV4,2017,201194.0,Автомат,Полный,Хэтчбек,806106,9,22355
Volkswagen,Passat,2013,211610.0,Автомат,Полный,Кроссовер,303430,13,16278
Toyota,Camry,2014,236098.0,Механика,Полный,Кроссовер,300081,12,19675
Volkswagen,Passat,2020,84112.0,Механика,Передний,Кроссовер,892719,6,14019
Hyundai,Tucson,2012,131566.0,Механика,Передний,Седан,269900,14,9398
Hyundai,Solaris,2023,44280.0,Механика,Передний,Хэтчбек,1337456,3,14760
Toyota,Corolla,2013,175062.0,Автомат,Передний,Хэтчбек,382051,13,13466
Kia,Sportage,2016,136894.0,Автомат,Задний,Кроссовер,333821,10,13689
Volkswagen,Polo,2010,340643.0,Автомат,Полный,Хэтчбек,303982,16,21290
Kia,Rio,2017,160333.0,Автомат,Задний,Хэтчбек,338039,9,17815
Hyundai,ix35,2016,106949.0,Механика,Передний,Хэтчбек,465484,10,10695
Toyota,RAV4,2013,145237.0,Механика,Полный,Хэтчбек,465900,13,11172
Hyundai,Santa Fe,2010,333466.0,Автомат,Полный,Седан,280673,16,20842
Toyota,Land Cruiser,2016,160179.0,Автомат,Полный,Кроссовер,907927,10,16018
Kia,Ceed,2008,321432.0,Автомат,Передний,Седан,308629,18,17857
BMW,3 Series,2024,29497.0,Механика,Передний,Седан,2950848,2,14748
Toyota,Camry,2021,110691.0,Автомат,Передний,Седан,1626319,5,22138
Toyota,RAV4,2022,57353.0,Автомат,Передний,Хэтчбек,2495767,4,14338
Kia,Sportage,2011,286575.0,Механика,Передний,Кроссовер,260454,15,19105
Kia,Ceed,2024,39403.0,Автомат,Полный,Кроссовер,1702264,2,19702
Toyota,RAV4,2016,168863.0,Автомат,Передний,Хэтчбек,680927,10,16886
Kia,Optima,2024,37700.0,Автомат,Передний,Хэтчбек,1602572,2,18850
BMW,5 Series,2012,119838.0,Автомат,Передний,Кроссовер,548895,14,8560
Hyundai,Solaris,2011,244655.0,Механика,Передний,Кроссовер,263905,15,16310
Kia,Sportage,2014,257662.0,Автомат,Передний,Седан,278049,12,21472
Kia,Ceed,2010,163353.0,Механика,Полный,Седан,266860,16,10210
Volkswagen,Golf,2024,34097.0,Автомат,Передний,Седан,1736913,2,17048
BMW,X5,2023,25005.0,Механика,Передний,Кроссовер,2208347,3,8335
BMW,X3,2024,37549.0,Автомат,Задний,Седан,2511506,2,18774
Hyundai,Tucson,2013,247686.0,Автомат,Передний,Хэтчбек,328154,13,19053
BMW,3 Series,2014,159685.0,Механика,Передний,Кроссовер,506123,12,13307
Volkswagen,Passat,2022,53480.0,Механика,Передний,Хэтчбек,1438226,4,13370
Toyota,Corolla,2021,71152.0,Автомат,Передний,Хэтчбек,1668842,5,14230
Toyota,RAV4,2008,303973.0,Автомат,Передний,Седан,299462,18,16887
Kia,Ceed,2016,142442.0,Автомат,Полный,Кроссовер,281986,10,14244
Toyota,Camry,2017,145205.0,Автомат,Передний,Кроссовер,1008452,9,16134
BMW,X3,2014,120682.0,Механика,Передний,Седан,635906,12,10057
Kia,Optima,2016,143893.0,Механика,Полный,Хэтчбек,324160,10,14389
BMW,3 Series,2021,87799.0,Автомат,Полный,Кроссовер,1788378,5,17560
Toyota,RAV4,2021,54836.0,Автомат,Полный,Кроссовер,1931035,5,10967
Kia,Ceed,2016,206011.0,Автомат,Передний,Кроссовер,339055,10,20601
Kia,Ceed,2008,165614.0,Автомат,Задний,Хэтчбек,323014,18,9201
BMW,X3,2013,145814.0,Механика,Полный,Кроссовер,583104,13,11216
BMW,X3,2013,188049.0,Автомат,Передний,Кроссовер,330683,13,14465
Kia,Ceed,2020,87898.0,Механика,Передний,Кроссовер,833350,6,14650
Kia,Rio,2016,140676.0,Механика,Полный,Хэтчбек,312400,10,14068
Volkswagen,Passat,2017,102423.0,Автомат,Передний,Седан,549464,9,11380
Volkswagen,Passat,2020,73636.0,Автомат,Передний,Кроссовер,864744,6,12273
Toyota,RAV4,2015,293750.0,Автомат,Полный,Хэтчбек,293337,11,26705
Toyota,RAV4,2009,132304.0,Автомат,Передний,Седан,332006,17,7783
Volkswagen,Golf,2013,265009.0,Механика,Полный,Кроссовер,333312,13,20385
Hyundai,ix35,2024,33479.0,Автомат,Передний,Кроссовер,1762861,2,16740
Toyota,Camry,2022,85390.0,Автомат,Полный,Седан,1853320,4,21348
Toyota,Camry,2010,258887.0,Робот,Задний,Хэтчбек,320281,16,16180
Volkswagen,Golf,2009,286176.0,Автомат,Полный,Седан,289196,17,16834
Hyundai,Solaris,2021,50967.0,Автомат,Передний,Кроссовер,1315469,5,10193
Hyundai,Tucson,2020,114036.0,Автомат,Полный,Седан,855173,6,19006
Kia,Optima,2013,196245.0,Механика,Полный,Хэтчбек,278015,13,15096
Kia,Ceed,2023,61643.0,Механика,Передний,Кроссовер,1519619,3,20548
BMW,X5,2013,205600.0,Автомат,Полный,Хэтчбек,320337,13,15815
Toyota,Corolla,2018,83185.0,Автомат,Полный,Седан,1475477,8,10398
Hyundai,Santa Fe,2008,267079.0,Механика,Задний,Седан,259803,18,14838
Hyundai,Tucson,2010,313116.0,Робот,Передний,Седан,284224,16,19570
Toyota,Land Cruiser,2023,38350.0,Автомат,Полный,Седан,2400205,3,12783
BMW,5 Series,2021,59729.0,Механика,Задний,Хэтчбек,2174703,5,11946
Volkswagen,Tiguan,2013,219891.0,Автомат,Полный,Седан,290364,13,16915
BMW,X5,2020,93746.0,Автомат,Передний,Хэтчбек,1835034,6,15624
BMW,3 Series,2022,62867.0,Автомат,Полный,Седан,2161781,4,15717
Kia,Ceed,2015,121800.0,Механика,Полный,Хэтчбек,310844,11,11073
BMW,3 Series,2020,89542.0,Автомат,Полный,Кроссовер,1520647,6,14924
Toyota,Land Cruiser,2011,164753.0,Автомат,Полный,Кроссовер,336767,15,10984
Kia,Ceed,2017,87692.0,Робот,Передний,Хэтчбек,598254,9,9744
Kia,Ceed,2014,225755.0,Автомат,Передний,Хэтчбек,295667,12,18813
Hyundai,ix35,2010,238422.0,Автомат,Полный,Кроссовер,269214,16,14901
Toyota,RAV4,2009,291561.0,Робот,Полный,Седан,338413,17,17151
BMW,X3,2022,31242.0,Автомат,Передний,Кроссовер,2319669,4,7810
BMW,X5,2019,89644.0,Автомат,Передний,Кроссовер,1556195,7,12806
Volkswagen,Passat,2015,83098.0,Автомат,Передний,Кроссовер,531147,11,7554
BMW,X3,2024,32883.0,Автомат,Полный,Седан,2741228,2,16442
BMW,3 Series,2012,176675.0,Автомат,Полный,Седан,321920,14,12620
Hyundai,Tucson,2012,189483.0,Робот,Полный,Седан,303362,14,13534
Volkswagen,Polo,2019,93533.0,Автомат,Полный,Седан,707461,7,13362
BMW,3 Series,2022,44791.0,Автомат,Задний,Хэтчбек,2062291,4,11198
Hyundai,ix35,2013,50286.0,Автомат,Полный,Седан,512117,13,3868
Volkswagen,Polo,2013,190468.0,Автомат,Передний,Седан,285827,13,14651
Kia,Sportage,2010,218553.0,Автомат,Полный,Хэтчбек,329398,16,13660
Hyundai,Santa Fe,2011,243638.0,Автомат,Полный,Седан,332147,15,16243
Hyundai,ix35,2008,267079.0,Автомат,Передний,Кроссовер,331763,18,14838
Volkswagen,Passat,2017,84491.0,Механика,Передний,Седан,524225,9,9388
Volkswagen,Golf,2015,227898.0,Робот,Полный,Хэтчбек,292225,11,20718
Toyota,RAV4,2015,151663.0,Механика,Полный,Седан,759413,11,13788
Hyundai,Solaris,2020,112271.0,Автомат,Полный,Хэтчбек,734810,6,18712
Volkswagen,Tiguan,2015,126542.0,Робот,Полный,Хэтчбек,306767,11,11504
Kia,Optima,2012,246759.0,Автомат,Полный,Хэтчбек,328174,14,17626
BMW,X3,2020,112418.0,Робот,Передний,Кроссовер,1789377,6,18736
Toyota,Camry,2009,332214.0,Автомат,Передний,Кроссовер,312103,17,19542
Toyota,Corolla,2023,32377.0,Механика,Передний,Кроссовер,2621625,3,10792
BMW,X3,2024,47532.0,Автомат,Передний,Кроссовер,2520873,2,23766
Toyota,Land Cruiser,2011,229857.0,Механика,Передний,Кроссовер,343455,15,15324
Volkswagen,Passat,2013,193130.0,Автомат,Полный,Кроссовер,338355,13,14856
Volkswagen,Polo,2011,234278.0,Автомат,Передний,Кроссовер,288273,15,15619
Toyota,Camry,2022,73242.0,Автомат,Полный,Седан,2304456,4,18310
BMW,3 Series,2017,165367.0,Автомат,Передний,Седан,920789,9,18374
Toyota,Camry,2019,115329.0,Автомат,Полный,Седан,1235424,7,16476
BMW,3 Series,2019,105326.0,Автомат,Полный,Хэтчбек,1392626,7,15047
Hyundai,Solaris,2009,174121.0,Автомат,Передний,Хэтчбек,292198,17,10242
Volkswagen,Tiguan,2012,187913.0,Автомат,Передний,Кроссовер,337362,14,13422
Kia,Rio,2019,153758.0,Механика,Передний,Хэтчбек,588903,7,21965
Hyundai,Tucson,2013,342814.0,Автомат,Передний,Кроссовер,297767,13,26370
Volkswagen,Polo,2011,119903.0,Механика,Передний,Хэтчбек,333128,15,7994
Toyota,Land Cruiser,2020,57050.0,Автомат,Передний,Седан,1601038,6,9508
Volkswagen,Tiguan,2018,123416.0,Механика,Задний,Кроссовер,609586,8,15427
Hyundai,ix35,2011,225648.5,Механика,Передний,Хэтчбек,303348,15,15043
Hyundai,Santa Fe,2016,171954.0,Автомат,Полный,Кроссовер,314503,10,17195
Kia,Sportage,2014,202168.0,Робот,Передний,Кроссовер,290536,12,16847
BMW,5 Series,2017,121694.0,Автомат,Передний,Седан,963792,9,13522
Toyota,Land Cruiser,2018,145541.0,Механика,Передний,Хэтчбек,1137226,8,18193
Volkswagen,Passat,2018,93909.0,Механика,Передний,Хэтчбек,688331,8,11739
BMW,5 Series,2019,127761.0,Автомат,Передний,Кроссовер,1394691,7,18252
Toyota,Land Cruiser,2021,91290.0,Автомат,Передний,Седан,1594068,5,18258
Toyota,Camry,2022,29557.0,Автомат,Передний,Хэтчбек,2451370,4,7389
BMW,3 Series,2017,185973.0,Автомат,Полный,Хэтчбек,738780,9,20664
Kia,Rio,2024,24270.0,Робот,Полный,Кроссовер,1485159,2,12135
Kia,Ceed,2023,57941.0,Механика,Передний,Кроссовер,1568695,3,19314
BMW,X5,2008,198161.0,Автомат,Передний,Кроссовер,306816,18,11009
BMW,5 Series,2022,77341.0,Автомат,Передний,Седан,2095217,4,19335
Volkswagen,Passat,2020,89330.0,Механика,Полный,Хэтчбек,929454,6,14888
BMW,X3,2013,255085.0,Механика,Полный,Седан,312033,13,19622
Kia,Ceed,2022,58886.0,Механика,Передний,Хэтчбек,1124729,4,14722
BMW,5 Series,2017,134508.0,Автомат,Передний,Кроссовер,912984,9,14945
Kia,Rio,2014,147383.0,Робот,Передний,Кроссовер,255229,12,12282
BMW,5 Series,2009,259494.0,Робот,Задний,Хэтчбек,309718,17,15264
Toyota,RAV4,2009,369107.0,Робот,Полный,Кроссовер,335628,17,21712
Hyundai,Solaris,2009,328178.0,Автомат,Полный,Седан,329627,17,19305
Kia,Rio,2013,145711.0,Механика,Передний,Седан,269662,13,11209
Hyundai,Solaris,2013,271602.0,Робот,Задний,Хэтчбек,294305,13,20892
Toyota,Land Cruiser,2010,324625.0,Робот,Полный,Кроссовер,324672,16,20289
Toyota,Corolla,2023,44212.0,Автомат,Передний,Седан,2473183,3,14737
Hyundai,ix35,2019,70259.0,Автомат,Полный,Кроссовер,870569,7,10037
Kia,Ceed,2020,74296.0,Автомат,Полный,Кроссовер,944355,6,12383
Hyundai,Tucson,2011,197601.0,Автомат,Передний,Седан,309551,15,13173
Kia,Ceed,2011,197880.0,Механика,Полный,Хэтчбек,313358,15,13192
BMW,3 Series,2017,148153.0,Механика,Полный,Седан,1110566,9,16461
BMW,X3,2012,236370.0,Робот,Полный,Хэтчбек,309484,14,16884
Kia,Ceed,2017,124322.0,Механика,Передний,Хэтчбек,407403,9,13814
Toyota,RAV4,2021,78029.0,Механика,Передний,Седан,2036197,5,15606
BMW,X3,2018,173099.0,Автомат,Задний,Хэтчбек,1044004,8,21637
Kia,Sportage,2023,44020.0,Робот,Полный,Хэтчбек,1614425,3,14673
Hyundai,ix35,2018,108268.0,Механика,Полный,Седан,618750,8,13534
Kia,Sportage,2023,40909.0,Автомат,Передний,Седан,1538300,3,13636
Kia,Ceed,2008,235381.0,Автомат,Передний,Кроссовер,301281,18,13077
Hyundai,Tucson,2008,212021.0,Автомат,Полный,Седан,321725,18,11779
Toyota,Land Cruiser,2009,351788.0,Робот,Задний,Седан,295982,17,20693
BMW,5 Series,2008,330900.0,Автомат,Передний,Седан,323627,18,18383
Volkswagen,Polo,2013,219421.0,Автомат,Полный,Седан,288959,13,16879
BMW,3 Series,2019,125917.0,Механика,Задний,Кроссовер,1481996,7,17988
Kia,Ceed,2022,38860.0,Автомат,Полный,Хэтчбек,1201245,4,9715
BMW,X5,2018,100439.0,Автомат,Полный,Хэтчбек,1364981,8,12555
Volkswagen,Tiguan,2023,53930.0,Автомат,Полный,Хэтчбек,1227076,3,17977
Volkswagen,Polo,2014,142083.0,Механика,Полный,Кроссовер,305790,12,11840
Kia,Ceed,2011,293165.0,Механика,Передний,Седан,343087,15,19544
Toyota,RAV4,2017,133601.5,Автомат,Передний,Кроссовер,842081,9,14845
Toyota,RAV4,2021,73217.0,Автомат,Передний,Кроссовер,1956019,5,14643
Hyundai,Santa Fe,2019,90157.0,Робот,Полный,Седан,699730,7,12880
Kia,Optima,2014,184651.0,Автомат,Передний,Седан,303669,12,15388
Toyota,Camry,2024,28720.0,Автомат,Полный,Кроссовер,2524245,2,14360
Kia,Sportage,2013,308221.0,Механика,Полный,Кроссовер,256096,13,23709
Hyundai,Tucson,2023,67386.0,Автомат,Передний,Седан,1549878,3,22462
BMW,3 Series,2023,45779.0,Автомат,Передний,Хэтчбек,2514429,3,15260
BMW,X3,2018,136129.0,Автомат,Полный,Кроссовер,1064983,8,17016
Hyundai,Tucson,2010,289118.0,Робот,Полный,Кроссовер,261372,16,18070
Volkswagen,Golf,2015,168506.0,Робот,Передний,Седан,317893,11,15319
Hyundai,ix35,2009,323990.0,Автомат,Полный,Хэтчбек,258092,17,19058
Toyota,Corolla,2017,126471.0,Механика,Задний,Седан,1016726,9,14052
Hyundai,Santa Fe,2014,181325.0,Автомат,Передний,Хэтчбек,336101,12,15110
Toyota,RAV4,2010,217568.0,Механика,Задний,Хэтчбек,328121,16,13598
BMW,3 Series,2018,85278.0,Механика,Передний,Седан,1409802,8,10660
Kia,Sportage,2014,206852.0,Автомат,Передний,Седан,286283,12,17238
BMW,X5,2015,105335.0,Автомат,Передний,Седан,962368,11,9576
Volkswagen,Polo,2015,93551.0,Робот,Передний,Кроссовер,408112,11,8505
Volkswagen,Polo,2014,210937.0,Автомат,Передний,Хэтчбек,258527,12,17578
Kia,Ceed,2021,35732.0,Робот,Полный,Хэтчбек,1079533,5,7146
Kia,Optima,2024,25397.0,Автомат,Задний,Хэтчбек,1910934,2,12698
Toyota,Land Cruiser,2010,176715.0,Автомат,Полный,Хэтчбек,270007,16,11045
BMW,3 Series,2021,65690.0,Автомат,Передний,Седан,1963072,5,13138
BMW,5 Series,2009,295191.0,Механика,Полный,Кроссовер,286411,17,17364
Kia,Ceed,2011,305555.0,Механика,Задний,Хэтчбек,279553,15,20370
Kia,Optima,2010,254118.0,Робот,Полный,Хэтчбек,307566,16,15882
Toyota,Camry,2017,128927.0,Механика,Полный,Седан,1084726,9,14325
Toyota,Corolla,2010,279983.0,Робот,Передний,Хэтчбек,329326,16,17499
Toyota,Corolla,2021,94179.0,Механика,Передний,Седан,1694914,5,18836
Volkswagen,Golf,2013,225334.0,Робот,Передний,Хэтчбек,264350,13,17333
Volkswagen,Polo,2019,95840.0,Механика,Задний,Седан,679565,7,13691
Toyota,RAV4,2013,188387.0,Механика,Полный,Хэтчбек,370295,13,14491
Kia,Rio,2017,170153.0,Механика,Задний,Хэтчбек,275846,9,18906
BMW,X5,2023,62602.0,Автомат,Полный,Хэтчбек,2588165,3,20867
Hyundai,ix35,2009,330618.0,Автомат,Передний,Кроссовер,283537,17,19448
Volkswagen,Polo,2011,154270.0,Автомат,Полный,Седан,285499,15,10285
Toyota,Camry,2022,66528.0,Автомат,Передний,Хэтчбек,1933876,4,16632
Toyota,Camry,2016,277462.0,Автомат,Полный,Хэтчбек,354365,10,27746
Hyundai,Tucson,2021,101888.0,Автомат,Передний,Кроссовер,870832,5,20378
BMW,3 Series,2009,229336.0,Робот,Полный,Кроссовер,275178,17,13490
Hyundai,Tucson,2019,106473.0,Автомат,Полный,Хэтчбек,742409,7,15210
Hyundai,ix35,2021,82621.0,Механика,Передний,Кроссовер,1049267,5,16524
Volkswagen,Golf,2008,267079.0,Автомат,Полный,Кроссовер,310720,18,14838
BMW,3 Series,2011,237047.0,Робот,Передний,Хэтчбек,341603,15,15803
Hyundai,Tucson,2015,162872.0,Механика,Передний,Седан,450711,11,14807
BMW,3 Series,2020,55696.0,Автомат,Полный,Хэтчбек,1544587,6,9283
BMW,X3,2009,342465.0,Механика,Полный,Хэтчбек,299458,17,20145
Kia,Optima,2018,84067.0,Автомат,Передний,Хэтчбек,599667,8,10508
Toyota,Land Cruiser,2015,238383.0,Автомат,Передний,Кроссовер,365496,11,21671
Kia,Ceed,2014,137755.0,Механика,Полный,Седан,310456,12,11480
Hyundai,Santa Fe,2022,32525.0,Робот,Полный,Седан,1423540,4,8131
Volkswagen,Polo,2012,201603.0,Робот,Передний,Хэтчбек,320963,14,14400
Hyundai,ix35,2013,144371.0,Автомат,Задний,Хэтчбек,296015,13,11105
Toyota,RAV4,2015,136669.0,Автомат,Полный,Хэтчбек,688930,11,12424
Hyundai,Tucson,2012,272224.0,Механика,Полный,Седан,311456,14,19445
Kia,Ceed,2009,124304.0,Механика,Полный,Седан,276455,17,7312
Volkswagen,Golf,2020,112456.0,Механика,Полный,Хэтчбек,876969,6,18743
Kia,Ceed,2013,96935.0,Автомат,Передний,Кроссовер,344260,13,7457
Hyundai,Solaris,2024,27019.0,Автомат,Передний,Седан,1474143,2,13510
Kia,Optima,2009,219924.0,Автомат,Полный,Седан,302147,17,12937
Volkswagen,Polo,2008,267079.0,Механика,Полный,Кроссовер,288970,18,14838
Hyundai,Santa Fe,2014,140829.0,Автомат,Полный,Седан,310260,12,11736
BMW,X5,2019,126974.0,Автомат,Задний,Седан,1229329,7,18139
Volkswagen,Passat,2017,184202.0,Автомат,Передний,Кроссовер,320583,9,20467
Hyundai,Solaris,2023,48757.0,Механика,Передний,Хэтчбек,1527319,3,16252
Kia,Sportage,2017,137484.0,Автомат,Передний,Седан,459002,9,15276
Toyota,Corolla,2012,164215.0,Автомат,Полный,Хэтчбек,325413,14,11730
Kia,Optima,2018,100912.0,Механика,Передний,Хэтчбек,696565,8,12614
BMW,X3,2017,133601.5,Автомат,Полный,Хэтчбек,1151575,9,14845
Hyundai,Tucson,2023,58959.0,Автомат,Передний,Хэтчбек,1219309,3,19653
Toyota,Land Cruiser,2022,58886.0,Робот,Полный,Кроссовер,2112387,4,14722
Hyundai,Santa Fe,2021,48638.0,Механика,Полный,Седан,1195804,5,9728
Kia,Sportage,2023,52317.0,Автомат,Полный,Кроссовер,1577804,3,17439
Kia,Rio,2020,80611.0,Автомат,Полный,Седан,867824,6,13435
Toyota,Corolla,2017,53569.0,Автомат,Передний,Кроссовер,1347782,9,5952
BMW,X3,2014,252671.0,Автомат,Полный,Хэтчбек,335799,12,21056
Toyota,Camry,2017,65040.0,Автомат,Полный,Кроссовер,1090941,9,7227
Hyundai,Santa Fe,2008,219866.0,Механика,Полный,Кроссовер,336462,18,12215
BMW,X5,2013,239994.0,Механика,Передний,Хэтчбек,272987,13,18461
Hyundai,ix35,2010,175671.0,Механика,Полный,Кроссовер,294579,16,10979
Hyundai,Solaris,2008,319243.0,Автомат,Полный,Хэтчбек,319860,18,17736
Volkswagen,Golf,2023,22461.0,Механика,Полный,Хэтчбек,1585871,3,7487
Kia,Rio,2008,97838.0,Робот,Передний,Хэтчбек,261768,18,5435
Volkswagen,Tiguan,2024,24423.0,Механика,Передний,Седан,1558040,2,12212
Kia,Rio,2023,28979.0,Автомат,Передний,Хэтчбек,1614708,3,9660
Hyundai,Tucson,2009,337237.0,Механика,Передний,Кроссовер,276164,17,19837
Hyundai,Solaris,2021,61674.0,Автомат,Передний,Хэтчбек,1079572,5,12335
Hyundai,Tucson,2024,21734.0,Робот,Полный,Хэтчбек,1657977,2,10867
Kia,Optima,2017,150212.0,Механика,Передний,Хэтчбек,427692,9,16690
BMW,5 Series,2023,36217.0,Автомат,Передний,Кроссовер,2240439,3,12072
Toyota,Land Cruiser,2021,50151.0,Механика,Передний,Седан,2232466,5,10030
Hyundai,Tucson,2013,173108.0,Автомат,Передний,Хэтчбек,322247,13,13316
Toyota,Land Cruiser,2024,30720.0,Механика,Полный,Кроссовер,2775283,2,15360
Kia,Optima,2023,39048.0,Автомат,Передний,Хэтчбек,1313825,3,13016
Hyundai,Solaris,2015,248159.0,Механика,Полный,Кроссовер,340196,11,22560
Volkswagen,Polo,2021,73788.0,Автомат,Полный,Хэтчбек,1173652,5,14758
Toyota,Camry,2013,177934.0,Автомат,Задний,Седан,438105,13,13687
Kia,Optima,2021,76150.0,Автомат,Передний,Седан,1183347,5,15230
BMW,3 Series,2022,76235.0,Механика,Полный,Седан,1908462,4,19059
Hyundai,ix35,2010,179605.0,Механика,Передний,Седан,338668,16,11225
BMW,5 Series,2011,110513.0,Автомат,Полный,Хэтчбек,475837,15,7368
Toyota,Corolla,2020,70725.0,Робот,Передний,Хэтчбек,1789008,6,11788
Kia,Optima,2022,45247.0,Механика,Передний,Кроссовер,1143833,4,11312
Volkswagen,Golf,2012,320690.0,Робот,Полный,Кроссовер,260458,14,22906
Hyundai,Tucson,2021,85529.0,Автомат,Полный,Седан,975758,5,17106
BMW,5 Series,2022,67982.0,Механика,Полный,Кроссовер,2093583,4,16996
Hyundai,ix35,2024,32195.0,Механика,Передний,Хэтчбек,1742901,2,16098
Toyota,Camry,2022,58886.0,Механика,Полный,Хэтчбек,1905231,4,14722
Kia,Optima,2024,12108.0,Автомат,Передний,Хэтчбек,1741113,2,6054
Kia,Ceed,2013,148116.0,Автомат,Полный,Кроссовер,268856,13,11394
Toyota,Land Cruiser,2024,12760.0,Механика,Полный,Седан,2501364,2,6380
BMW,X3,2023,52070.0,Робот,Полный,Кроссовер,2515124,3,17357
BMW,X5,2010,304232.0,Автомат,Передний,Седан,260119,16,19014
Hyundai,Tucson,2022,22978.0,Автомат,Полный,Седан,1424348,4,5744
BMW,X5,2023,45247.0,Робот,Задний,Кроссовер,2293691,3,15082
BMW,3 Series,2016,195361.0,Автомат,Передний,Кроссовер,748144,10,19536
Kia,Ceed,2010,260228.0,Механика,Передний,Седан,325658,16,16264
Hyundai,Santa Fe,2008,85553.0,Автомат,Передний,Хэтчбек,323083,18,4753
Volkswagen,Tiguan,2024,23496.0,Механика,Полный,Седан,1709629,2,11748
Kia,Optima,2023,38173.0,Робот,Задний,Седан,1460760,3,12724
Hyundai,Santa Fe,2019,125229.0,Автомат,Полный,Кроссовер,594296,7,17890
Volkswagen,Tiguan,2016,123190.0,Автомат,Передний,Седан,342729,10,12319
Kia,Ceed,2013,304844.0,Автомат,Передний,Седан,264432,13,23450
Kia,Sportage,2019,87533.0,Механика,Передний,Кроссовер,718717,7,12505
Kia,Rio,2021,92459.0,Автомат,Передний,Седан,1127037,5,18492
Toyota,Corolla,2015,176678.0,Автомат,Полный,Хэтчбек,624612,11,16062
BMW,X3,2017,126490.0,Механика,Полный,Кроссовер,1174379,9,14054
BMW,3 Series,2010,235215.0,Робот,Передний,Кроссовер,318508,16,14701
Kia,Ceed,2014,108235.0,Автомат,Передний,Кроссовер,286393,12,9020
Hyundai,Tucson,2021,63846.0,Механика,Передний,Хэтчбек,1153914,5,12769
BMW,5 Series,2011,214267.0,Автомат,Полный,Хэтчбек,285778,15,14284
Toyota,Land Cruiser,2022,70145.0,Автомат,Передний,Хэтчбек,2331612,4,17536
Toyota,Land Cruiser,2009,282703.0,Робот,Передний,Седан,294224,17,16630
Volkswagen,Passat,2014,236749.0,Механика,Передний,Кроссовер,292110,12,19729
Hyundai,Solaris,2022,60764.0,Автомат,Передний,Седан,1322560,4,15191
BMW,X3,2013,230213.0,Автомат,Передний,Кроссовер,259142,13,17709
BMW,3 Series,2015,208603.0,Автомат,Полный,Кроссовер,521613,11,18964
Volkswagen,Polo,2016,206618.0,Автомат,Полный,Кроссовер,328207,10,20662
BMW,X3,2017,83290.0,Автомат,Полный,Седан,1369635,9,9254
Toyota,Camry,2012,179895.0,Автомат,Задний,Хэтчбек,333187,14,12850
Hyundai,Solaris,2012,256172.0,Механика,Передний,Кроссовер,286538,14,18298
Toyota,RAV4,2019,113015.0,Автомат,Передний,Седан,1562474,7,16145
Volkswagen,Golf,2015,127831.0,Робот,Передний,Кроссовер,315782,11,11621
Kia,Ceed,2023,29650.0,Механика,Передний,Седан,1703099,3,9883
Kia,Optima,2021,79184.0,Механика,Передний,Седан,1146131,5,15837
Hyundai,Santa Fe,2021,88823.0,Автомат,Передний,Седан,1121397,5,17765
Hyundai,ix35,2010,144528.0,Автомат,Полный,Седан,279661,16,9033
Hyundai,ix35,2011,196592.0,Механика,Передний,Хэтчбек,296065,15,13106
Volkswagen,Tiguan,2021,53386.0,Автомат,Передний,Хэтчбек,1158241,5,10677
Hyundai,Solaris,2023,53597.0,Автомат,Задний,Седан,1566017,3,17866
Toyota,Land Cruiser,2011,250649.0,Механика,Полный,Кроссовер,275494,15,16710
Kia,Sportage,2014,137816.0,Робот,Полный,Седан,299729,12,11485
BMW,5 Series,2022,58739.0,Механика,Полный,Хэтчбек,1965466,4,14685
Toyota,Corolla,2009,238953.0,Автомат,Передний,Кроссовер,290602,17,14056
Kia,Rio,2017,117362.0,Автомат,Полный,Хэтчбек,452592,9,13040
Volkswagen,Polo,2012,234321.0,Механика,Полный,Хэтчбек,313936,14,16737
Toyota,RAV4,2023,38628.0,Автомат,Задний,Хэтчбек,2713113,3,12876
Hyundai,Santa Fe,2022,43716.0,Механика,Передний,Седан,1356387,4,10929
Kia,Ceed,2020,98730.0,Автомат,Передний,Седан,819019,6,16455
Volkswagen,Tiguan,2008,178918.0,Автомат,Полный,Хэтчбек,258206,18,9940
BMW,X3,2015,158775.0,Автомат,Полный,Хэтчбек,605445,11,14434
Hyundai,Solaris,2024,24084.0,Автомат,Передний,Седан,1448690,2,12042
Hyundai,ix35,2017,165969.0,Механика,Передний,Седан,291989,9,18441
Toyota,Camry,2023,39590.0,Робот,Полный,Кроссовер,2402825,3,13197
Volkswagen,Passat,2013,303485.0,Механика,Полный,Седан,291630,13,23345
Hyundai,ix35,2008,333188.0,Автомат,Передний,Кроссовер,318325,18,18510
Volkswagen,Passat,2009,253761.5,Автомат,Передний,Хэтчбек,255818,17,14927
BMW,3 Series,2024,4401.0,Автомат,Передний,Хэтчбек,2546278,2,2200
Kia,Ceed,2022,46572.0,Автомат,Полный,Кроссовер,1275608,4,11643
Hyundai,ix35,2010,327944.0,Автомат,Передний,Хэтчбек,267195,16,20496
BMW,X5,2013,180386.0,Автомат,Передний,Кроссовер,420498,13,13876
Toyota,Corolla,2022,32865.0,Механика,Полный,Кроссовер,2368631,4,8216
Hyundai,ix35,2015,220081.0,Автомат,Полный,Кроссовер,255391,11,20007
Toyota,Camry,2008,206980.0,Робот,Полный,Седан,299515,18,11499
Toyota,RAV4,2010,159203.0,Автомат,Передний,Седан,333852,16,9950
Kia,Ceed,2024,34799.0,Автомат,Передний,Хэтчбек,1743674,2,17400
Volkswagen,Polo,2018,110102.0,Механика,Задний,Кроссовер,663960,8,13763
Toyota,Corolla,2021,121857.0,Механика,Передний,Седан,1748562,5,24371
BMW,X3,2021,77895.0,Механика,Полный,Седан,1830554,5,15579
Toyota,Land Cruiser,2012,235681.0,Механика,Передний,Седан,337006,14,16834
Volkswagen,Tiguan,2023,55898.0,Механика,Передний,Кроссовер,1569776,3,18633
Volkswagen,Golf,2017,120599.0,Автомат,Передний,Седан,499706,9,13400
Volkswagen,Golf,2021,63639.0,Механика,Передний,Кроссовер,1261686,5,12728
BMW,X3,2010,237882.0,Автомат,Передний,Кроссовер,288709,16,14868
Volkswagen,Golf,2016,193366.0,Робот,Полный,Хэтчбек,337044,10,19337
Hyundai,Santa Fe,2020,119674.0,Робот,Передний,Кроссовер,903304,6,19946
Hyundai,Santa Fe,2008,237669.0,Автомат,Задний,Кроссовер,283261,18,13204
Volkswagen,Passat,2015,118062.0,Автомат,Передний,Кроссовер,300245,11,10733
Hyundai,Solaris,2024,31889.0,Автомат,Передний,Хэтчбек,1840637,2,15944
Kia,Sportage,2013,245040.0,Механика,Передний,Седан,312599,13,18849
BMW,5 Series,2013,175891.0,Автомат,Полный,Хэтчбек,472562,13,13530
BMW,3 Series,2017,33655.0,Автомат,Полный,Кроссовер,1234497,9,3739
Hyundai,Tucson,2019,99316.0,Робот,Задний,Хэтчбек,714835,7,14188
BMW,3 Series,2020,86459.0,Механика,Передний,Седан,1501695,6,14410
Volkswagen,Polo,2013,167862.0,Автомат,Передний,Кроссовер,256180,13,12912
Kia,Rio,2019,147747.0,Механика,Передний,Седан,612757,7,21107
Hyundai,Solaris,2020,78684.0,Автомат,Передний,Кроссовер,1049999,6,13114
BMW,5 Series,2013,221697.0,Механика,Передний,Кроссовер,333944,13,17054
Toyota,Land Cruiser,2022,68875.0,Автомат,Передний,Кроссовер,1877750,4,17219
Toyota,Land Cruiser,2014,175076.0,Автомат,Полный,Хэтчбек,527460,12,14590
Volkswagen,Polo,2020,64284.0,Автомат,Задний,Седан,1096778,6,10714
BMW,X5,2013,232708.0,Механика,Полный,Кроссовер,274309,13,17901
Kia,Optima,2017,69838.0,Механика,Передний,Хэтчбек,630238,9,7760
Hyundai,Tucson,2014,194214.0,Автомат,Полный,Кроссовер,263422,12,16184
Volkswagen,Golf,2020,75884.0,Механика,Полный,Хэтчбек,898664,6,12647
Volkswagen,Golf,2023,63324.0,Автомат,Передний,Кроссовер,1296797,3,21108
Hyundai,Santa Fe,2020,103683.0,Автомат,Задний,Кроссовер,807986,6,17280
Volkswagen,Tiguan,2009,321003.0,Автомат,Полный,Хэтчбек,273116,17,18883
Toyota,Camry,2011,148604.0,Механика,Полный,Седан,363230,15,9907
Kia,Sportage,2019,151962.0,Автомат,Задний,Кроссовер,511201,7,21709
Volkswagen,Tiguan,2020,77137.0,Механика,Полный,Седан,821432,6,12856
Kia,Rio,2022,88868.0,Механика,Полный,Хэтчбек,1025501,4,22217
Toyota,Corolla,2021,51071.0,Механика,Задний,Кроссовер,2011999,5,10214
Toyota,RAV4,2013,185190.0,Механика,Полный,Хэтчбек,337040,13,14245
Hyundai,ix35,2015,129531.0,Механика,Полный,Хэтчбек,315174,11,11776
Toyota,Land Cruiser,2016,104599.0,Автомат,Полный,Кроссовер,872825,10,10460
Kia,Sportage,2017,152801.0,Механика,Передний,Хэтчбек,351898,9,16978
Kia,Rio,2018,72807.0,Робот,Полный,Седан,855895,8,9101
BMW,X5,2013,186445.0,Автомат,Передний,Кроссовер,345205,13,14342
Hyundai,Santa Fe,2022,41140.0,Автомат,Полный,Кроссовер,1261428,4,10285
Toyota,Camry,2013,213306.0,Автомат,Передний,Хэтчбек,281815,13,16408
Kia,Ceed,2009,405834.0,Автомат,Полный,Хэтчбек,338772,17,23873
Hyundai,ix35,2021,92281.0,Автомат,Полный,Седан,932808,5,18456
Toyota,Land Cruiser,2020,78002.0,Механика,Полный,Кроссовер,1716539,6,13000
Hyundai,ix35,2008,123707.0,Автомат,Полный,Кроссовер,264466,18,6873
Hyundai,ix35,2012,200820.0,Автомат,Полный,Кроссовер,318915,14,14344
Kia,Ceed,2019,116263.0,Автомат,Задний,Седан,632970,7,16609
Hyundai,Solaris,2018,103907.0,Автомат,Задний,Седан,648106,8,12988
Kia,Sportage,2011,225648.5,Автомат,Полный,Хэтчбек,283079,15,15043
Hyundai,ix35,2023,32959.0,Механика,Передний,Седан,1516799,3,10986
BMW,X5,2023,43679.0,Автомат,Полный,Хэтчбек,2340942,3,14560
Toyota,Land Cruiser,2023,48319.0,Автомат,Полный,Кроссовер,2771660,3,16106
Volkswagen,Tiguan,2019,134912.0,Механика,Задний,Кроссовер,664737,7,19273
Volkswagen,Golf,2019,90784.0,Автомат,Передний,Кроссовер,694474,7,12969
Kia,Optima,2009,163813.0,Автомат,Полный,Кроссовер,321581,17,9636
Hyundai,ix35,2008,377443.0,Автомат,Передний,Седан,315636,18,20969
Hyundai,Santa Fe,2018,111883.0,Робот,Полный,Кроссовер,551587,8,13985
Volkswagen,Tiguan,2013,199071.0,Механика,Полный,Кроссовер,271662,13,15313
Toyota,Camry,2018,108155.0,Автомат,Полный,Кроссовер,1128712,8,13519
Volkswagen,Golf,2016,139084.0,Автомат,Полный,Хэтчбек,351009,10,13908
Hyundai,Santa Fe,2011,174634.0,Робот,Полный,Седан,287789,15,11642
Toyota,RAV4,2024,44915.0,Робот,Полный,Хэтчбек,2352685,2,22458
Volkswagen,Tiguan,2012,193613.0,Автомат,Полный,Седан,316188,14,13830
Volkswagen,Golf,2020,70387.0,Автомат,Передний,Седан,1008261,6,11731
BMW,X3,2023,37145.0,Механика,Передний,Кроссовер,2436382,3,12382
Hyundai,Solaris,2024,32131.0,Автомат,Полный,Кроссовер,1647332,2,16066
Kia,Ceed,2011,221841.0,Механика,Передний,Седан,294224,15,14789
BMW,3 Series,2016,176615.0,Автомат,Полный,Кроссовер,703112,10,17662
Toyota,Corolla,2022,67422.0,Механика,Полный,Хэтчбек,2276148,4,16856
Hyundai,Tucson,2008,127169.0,Механика,Полный,Хэтчбек,335501,18,7065
Kia,Optima,2008,232544.0,Автомат,Полный,Седан,279469,18,12919
Volkswagen,Passat,2013,253489.0,Автомат,Полный,Кроссовер,320760,13,19499
Toyota,Camry,2008,255795.0,Автомат,Передний,Кроссовер,316351,18,14211
BMW,3 Series,2023,34947.0,Автомат,Передний,Хэтчбек,2768860,3,11649
BMW,X3,2020,97547.0,Механика,Полный,Кроссовер,1827338,6,16258
BMW,5 Series,2020,153385.0,Механика,Полный,Седан,1372397,6,25564
Kia,Rio,2011,228734.0,Механика,Передний,Хэтчбек,286919,15,15249
Toyota,Land Cruiser,2012,183897.0,Автомат,Полный,Хэтчбек,284270,14,13136
Hyundai,ix35,2019,88041.0,Механика,Передний,Хэтчбек,750651,7,12577
Kia,Sportage,2021,47360.0,Механика,Полный,Хэтчбек,1123967,5,9472
Hyundai,Santa Fe,2018,156089.0,Робот,Передний,Хэтчбек,422644,8,19511
Volkswagen,Golf,2023,22475.0,Механика,Передний,Хэтчбек,1516559,3,7492
Hyundai,Santa Fe,2010,266778.0,Механика,Полный,Хэтчбек,342801,16,16674
Kia,Ceed,2013,240563.0,Автомат,Полный,Хэтчбек,322280,13,18505
Volkswagen,Tiguan,2021,94805.0,Автомат,Передний,Седан,990696,5,18961
Kia,Sportage,2011,149158.0,Механика,Полный,Седан,318974,15,9944
Toyota,Camry,2010,201349.0,Механика,Полный,Кроссовер,291413,16,12584
Toyota,Land Cruiser,2014,213452.0,Автомат,Полный,Седан,438556,12,17788
Toyota,RAV4,2021,26624.0,Автомат,Задний,Хэтчбек,2311627,5,5325
Hyundai,Solaris,2013,211743.0,Автомат,Полный,Кроссовер,270878,13,16288
Toyota,Corolla,2022,52560.0,Робот,Полный,Кроссовер,2365327,4,13140
Volkswagen,Passat,2008,290827.0,Автомат,Передний,Хэтчбек,301396,18,16157
Hyundai,Solaris,2020,89542.0,Автомат,Полный,Хэтчбек,941918,6,14924
Hyundai,Tucson,2021,73788.0,Автомат,Передний,Хэтчбек,955772,5,14758
Hyundai,ix35,2016,167563.0,Автомат,Полный,Хэтчбек,317972,10,16756
Toyota,Camry,2012,221822.0,Автомат,Передний,Седан,285337,14,15844
Volkswagen,Passat,2015,146597.0,Механика,Задний,Седан,307047,11,13327
Kia,Rio,2013,195998.0,Механика,Полный,Седан,295044,13,15077
Hyundai,Tucson,2011,133964.0,Механика,Передний,Седан,337477,15,8931
Hyundai,Tucson,2009,263665.0,Механика,Передний,Кроссовер,335986,17,15510
Toyota,RAV4,2012,214261.0,Механика,Передний,Седан,259554,14,15304
Hyundai,Tucson,2011,182358.0,Автомат,Передний,Хэтчбек,336621,15,12157
Volkswagen,Golf,2020,106406.0,Автомат,Передний,Кроссовер,946830,6,17734
Volkswagen,Polo,2013,260854.0,Механика,Полный,Седан,326097,13,20066
BMW,X5,2021,54557.0,Автомат,Полный,Хэтчбек,2160282,5,10911
BMW,X5,2014,157805.0,Автомат,Передний,Седан,602427,12,13150
Hyundai,Santa Fe,2010,179381.0,Автомат,Передний,Хэтчбек,263228,16,11211
BMW,3 Series,2017,96396.0,Автомат,Передний,Седан,1164572,9,10711
Kia,Ceed,2021,73288.0,Автомат,Передний,Хэтчбек,1171672,5,14658
Toyota,Land Cruiser,2010,268553.0,Робот,Передний,Седан,299319,16,16785
Hyundai,Santa Fe,2016,196837.0,Автомат,Задний,Кроссовер,294950,10,19684
Toyota,Land Cruiser,2021,64880.0,Автомат,Передний,Седан,2040777,5,12976
BMW,X3,2021,115711.0,Автомат,Полный,Седан,1995894,5,23142
Hyundai,ix35,2021,90784.0,Автомат,Передний,Хэтчбек,1052773,5,18157
Kia,Rio,2020,72303.0,Механика,Задний,Хэтчбек,1089696,6,12050
Toyota,Corolla,2008,308953.0,Механика,Передний,Хэтчбек,342848,18,17164
Kia,Ceed,2020,55133.0,Автомат,Полный,Седан,907214,6,9189
Kia,Ceed,2011,201592.0,Автомат,Полный,Хэтчбек,334950,15,13439
Hyundai,Solaris,2009,251522.0,Робот,Передний,Седан,274825,17,14795
Volkswagen,Tiguan,2014,204483.0,Автомат,Полный,Кроссовер,279108,12,17040
Kia,Sportage,2022,72686.0,Механика,Полный,Кроссовер,1130874,4,18172
BMW,X5,2009,189924.0,Автомат,Передний,Кроссовер,325404,17,11172
Volkswagen,Polo,2008,283883.0,Автомат,Передний,Хэтчбек,274220,18,15771
Kia,Sportage,2020,135556.0,Автомат,Полный,Седан,774952,6,22593
Kia,Ceed,2020,69648.0,Автомат,Передний,Хэтчбек,950566,6,11608
BMW,X5,2016,201889.0,Автомат,Передний,Кроссовер,667251,10,20189
Volkswagen,Golf,2023,35492.0,Механика,Передний,Хэтчбек,1654148,3,11831
Kia,Ceed,2009,310100.0,Автомат,Полный,Хэтчбек,307291,17,18241
Kia,Sportage,2013,195641.0,Автомат,Полный,Хэтчбек,298608,13,15049
Kia,Optima,2008,363167.0,Автомат,Полный,Хэтчбек,332070,18,20176
Volkswagen,Golf,2013,179859.0,Автомат,Передний,Седан,274069,13,13835
Volkswagen,Golf,2008,150914.0,Механика,Полный,Кроссовер,276934,18,8384
Toyota,Land Cruiser,2013,195510.0,Автомат,Полный,Хэтчбек,324405,13,15039
Volkswagen,Golf,2011,279782.0,Автомат,Передний,Хэтчбек,290063,15,18652
Kia,Ceed,2022,66166.0,Робот,Полный,Кроссовер,1063817,4,16542
Volkswagen,Passat,2019,132363.0,Автомат,Полный,Седан,551997,7,18909
Hyundai,Solaris,2010,266513.0,Автомат,Полный,Кроссовер,284410,16,16657
Toyota,Camry,2024,24495.0,Автомат,Передний,Седан,2903638,2,12248
Volkswagen,Passat,2023,42616.0,Автомат,Передний,Кроссовер,1633551,3,14205
BMW,X3,2017,251741.0,Автомат,Полный,Хэтчбек,626816,9,27971
Toyota,Land Cruiser,2013,281360.0,Механика,Передний,Кроссовер,305922,13,21643
BMW,3 Series,2017,160157.0,Автомат,Задний,Кроссовер,1070185,9,17795
Volkswagen,Tiguan,2012,212565.0,Автомат,Задний,Седан,343255,14,15183
Volkswagen,Golf,2008,233910.0,Автомат,Задний,Седан,330886,18,12995
Volkswagen,Golf,2015,173883.0,Автомат,Передний,Хэтчбек,301392,11,15808
BMW,5 Series,2011,106559.0,Автомат,Передний,Седан,462234,15,7104
Kia,Optima,2024,24646.0,Автомат,Полный,Хэтчбек,1505339,2,12323
Toyota,RAV4,2021,58857.0,Механика,Полный,Хэтчбек,1781963,5,11771
Toyota,Corolla,2024,32219.0,Автомат,Передний,Кроссовер,2606587,2,16110
BMW,X3,2015,126396.0,Механика,Задний,Седан,781707,11,11491
Hyundai,Santa Fe,2018,127743.0,Автомат,Задний,Кроссовер,474147,8,15968
BMW,X5,2011,297064.0,Автомат,Передний,Седан,279838,15,19804
Volkswagen,Tiguan,2011,204831.0,Автомат,Передний,Седан,316046,15,13655
Kia,Sportage,2012,168999.0,Автомат,Полный,Кроссовер,292123,14,12071
BMW,X5,2016,146835.0,Механика,Передний,Седан,1301816,10,14684
Kia,Rio,2019,66389.0,Автомат,Задний,Седан,979644,7,9484
Volkswagen,Passat,2011,295744.0,Робот,Полный,Седан,317908,15,19716
Hyundai,Solaris,2018,107501.0,Механика,Передний,Кроссовер,573176,8,13438
Hyundai,Tucson,2018,133292.0,Автомат,Передний,Хэтчбек,473569,8,16662
Hyundai,Santa Fe,2011,186099.0,Механика,Полный,Седан,317916,15,12407
BMW,5 Series,2023,42898.0,Автомат,Полный,Кроссовер,2647693,3,14299
Toyota,Corolla,2024,32447.0,Автомат,Полный,Кроссовер,2836301,2,16224
Kia,Ceed,2020,121103.0,Механика,Полный,Седан,707052,6,20184
Toyota,Camry,2009,313640.0,Автомат,Передний,Седан,256978,17,18449
BMW,X5,2010,215375.0,Автомат,Задний,Седан,265966,16,13461
Volkswagen,Passat,2013,202620.0,Автомат,Передний,Седан,311344,13,15586
Kia,Rio,2018,163496.0,Автомат,Передний,Седан,486236,8,20437
BMW,X3,2012,136973.0,Робот,Полный,Седан,484441,14,9784
BMW,5 Series,2011,202580.0,Автомат,Полный,Хэтчбек,333348,15,13505
BMW,X3,2012,333385.0,Робот,Задний,Хэтчбек,260744,14,23813
Volkswagen,Polo,2020,105171.0,Механика,Передний,Кроссовер,748069,6,17528
Volkswagen,Tiguan,2022,54687.0,Автомат,Полный,Кроссовер,1229006,4,13672
Hyundai,ix35,2022,70993.0,Автомат,Полный,Кроссовер,1347282,4,17748
BMW,5 Series,2012,208183.0,Робот,Передний,Кроссовер,330138,14,14870
Volkswagen,Passat,2024,42640.0,Автомат,Передний,Хэтчбек,1795013,2,21320
Toyota,Corolla,2024,41150.0,Механика,Полный,Хэтчбек,3087844,2,20575
Volkswagen,Polo,2023,55639.0,Автомат,Передний,Хэтчбек,1597086,3,18546
Volkswagen,Polo,2024,15719.0,Механика,Полный,Кроссовер,1958942,2,7860
Hyundai,Tucson,2011,275543.0,Механика,Задний,Кроссовер,335629,15,18370
Volkswagen,Tiguan,2024,24706.0,Автомат,Задний,Седан,1836653,2,12353
Kia,Ceed,2013,135689.0,Робот,Передний,Хэтчбек,262698,13,10438
Hyundai,ix35,2016,141874.0,Автомат,Полный,Седан,305416,10,14187
Hyundai,Solaris,2013,174013.0,Автомат,Полный,Кроссовер,293868,13,13386
Toyota,Camry,2015,191052.0,Автомат,Полный,Седан,577476,11,17368
Toyota,RAV4,2017,157428.0,Робот,Передний,Хэтчбек,826620,9,17492
Volkswagen,Passat,2008,215589.0,Робот,Задний,Кроссовер,262933,18,11977
Volkswagen,Polo,2011,166479.0,Автомат,Передний,Кроссовер,256343,15,11099
BMW,3 Series,2021,73119.0,Механика,Передний,Хэтчбек,2048315,5,14624
BMW,5 Series,2016,148446.0,Автомат,Передний,Седан,865949,10,14845
BMW,5 Series,2008,195217.0,Автомат,Полный,Хэтчбек,325932,18,10845
Hyundai,Solaris,2017,177155.0,Механика,Полный,Седан,325728,9,19684
Hyundai,Tucson,2019,144526.0,Автомат,Полный,Кроссовер,641596,7,20647
Hyundai,Santa Fe,2010,188330.0,Автомат,Полный,Кроссовер,259811,16,11771
Toyota,RAV4,2020,167184.0,Автомат,Передний,Седан,1552060,6,27864
Toyota,Camry,2024,23003.0,Автомат,Передний,Седан,2783348,2,11502
Hyundai,ix35,2008,225276.0,Автомат,Полный,Хэтчбек,333589,18,12515
Volkswagen,Tiguan,2023,22009.0,Робот,Полный,Седан,1396560,3,7336
BMW,X3,2022,60637.0,Автомат,Передний,Кроссовер,2389947,4,15159
Kia,Rio,2010,290141.0,Автомат,Полный,Хэтчбек,262101,16,18134
Volkswagen,Polo,2014,181325.0,Механика,Полный,Седан,280386,12,15110
Hyundai,ix35,2020,119696.0,Автомат,Передний,Кроссовер,692801,6,19949
Kia,Ceed,2018,118196.0,Автомат,Полный,Седан,505641,8,14774
Kia,Ceed,2018,104411.0,Автомат,Передний,Седан,728548,8,13051
BMW,X5,2009,274855.0,Автомат,Полный,Хэтчбек,293951,17,16168
Kia,Optima,2008,188682.0,Автомат,Передний,Кроссовер,335168,18,10482
Kia,Rio,2010,145307.0,Робот,Полный,Седан,327386,16,9082
Kia,Rio,2009,178705.0,Автомат,Передний,Седан,308077,17,10512
Hyundai,Santa Fe,2011,152990.0,Робот,Передний,Кроссовер,316680,15,10199
BMW,X5,2019,117327.0,Автомат,Передний,Кроссовер,1405717,7,16761
Toyota,Camry,2019,87419.0,Механика,Передний,Хэтчбек,1320787,7,12488
Hyundai,Tucson,2014,124791.0,Автомат,Передний,Седан,264422,12,10399
Toyota,Corolla,2015,141758.0,Автомат,Передний,Хэтчбек,801101,11,12887
Kia,Ceed,2014,172915.0,Механика,Передний,Седан,299598,12,14410
Toyota,RAV4,2018,116047.0,Механика,Полный,Кроссовер,1232066,8,14506
Toyota,RAV4,2022,68561.0,Автомат,Полный,Седан,2464593,4,17140
Volkswagen,Polo,2011,215696.0,Механика,Передний,Седан,276094,15,14380
Kia,Optima,2016,197538.0,Автомат,Полный,Кроссовер,262986,10,19754
Hyundai,Santa Fe,2021,89735.0,Робот,Полный,Седан,1084548,5,17947
Kia,Optima,2021,85408.0,Автомат,Полный,Кроссовер,1018977,5,17082
Hyundai,Tucson,2012,262414.0,Автомат,Передний,Кроссовер,314714,14,18744
Volkswagen,Passat,2008,348835.0,Механика,Передний,Хэтчбек,308842,18,19380
Toyota,Camry,2009,247021.0,Автомат,Передний,Седан,280994,17,14531
Kia,Optima,2016,160440.0,Автомат,Передний,Седан,280611,10,16044
Toyota,Corolla,2022,38322.0,Робот,Полный,Хэтчбек,2358478,4,9580
Toyota,Corolla,2019,98905.0,Автомат,Полный,Хэтчбек,1364115,7,14129
Kia,Rio,2009,212030.0,Механика,Передний,Седан,340639,17,12472
BMW,5 Series,2015,151340.0,Автомат,Полный,Хэтчбек,687738,11,13758
Kia,Ceed,2019,67149.0,Автомат,Полный,Кроссовер,753202,7,9593
Kia,Rio,2013,156509.0,Механика,Передний,Седан,270344,13,12039
Kia,Ceed,2013,256315.0,Автомат,Передний,Кроссовер,255296,13,19717
Kia,Optima,2008,359903.0,Автомат,Передний,Кроссовер,310481,18,19995
Hyundai,Santa Fe,2023,57474.0,Механика,Задний,Хэтчбек,1217807,3,19158
Volkswagen,Polo,2021,65030.0,Автомат,Задний,Хэтчбек,1160116,5,13006
Kia,Sportage,2014,191468.0,Автомат,Передний,Хэтчбек,329630,12,15956
Volkswagen,Tiguan,2018,121906.0,Автомат,Передний,Кроссовер,555743,8,15238
Volkswagen,Golf,2014,95643.0,Автомат,Передний,Хэтчбек,332518,12,7970
Kia,Rio,2018,129953.0,Автомат,Полный,Хэтчбек,544210,8,16244
Hyundai,ix35,2016,68626.0,Автомат,Полный,Кроссовер,624531,10,6863
Hyundai,ix35,2020,61292.0,Автомат,Полный,Кроссовер,1093287,6,10215
BMW,5 Series,2017,147845.0,Автомат,Передний,Кроссовер,1122486,9,16427
Hyundai,Santa Fe,2019,107925.0,Автомат,Передний,Кроссовер,766794,7,15418
Volkswagen,Polo,2022,43991.0,Автомат,Передний,Седан,1405670,4,10998
Kia,Ceed,2021,50930.0,Робот,Полный,Седан,1058847,5,10186
Kia,Ceed,2018,153793.0,Автомат,Полный,Хэтчбек,419808,8,19224
Toyota,Camry,2024,30172.0,Механика,Полный,Хэтчбек,2930412,2,15086
BMW,3 Series,2019,84908.0,Механика,Полный,Хэтчбек,1418498,7,12130
Toyota,Corolla,2012,209749.0,Автомат,Задний,Кроссовер,322230,14,14982
Hyundai,Solaris,2016,69500.0,Механика,Полный,Кроссовер,582765,10,6950
Volkswagen,Golf,2020,108635.0,Автомат,Полный,Хэтчбек,733740,6,18106
Kia,Sportage,2013,194619.0,Автомат,Задний,Кроссовер,316237,13,14971
BMW,5 Series,2018,164907.0,Робот,Передний,Кроссовер,983662,8,20613
Toyota,Camry,2021,84307.0,Автомат,Передний,Хэтчбек,1770540,5,16861
Toyota,Corolla,2014,182075.0,Механика,Задний,Седан,487494,12,15173
Volkswagen,Golf,2011,218377.0,Автомат,Передний,Хэтчбек,287132,15,14558
Volkswagen,Tiguan,2022,60778.0,Автомат,Передний,Хэтчбек,1159864,4,15194
Hyundai,ix35,2018,178926.0,Автомат,Передний,Хэтчбек,421567,8,22366
Volkswagen,Polo,2017,186154.0,Механика,Передний,Хэтчбек,313852,9,20684
Kia,Ceed,2014,168973.0,Автомат,Передний,Седан,318960,12,14081
Kia,Rio,2018,98733.0,Механика,Передний,Седан,698994,8,12342
Hyundai,Tucson,2022,51459.0,Автомат,Задний,Хэтчбек,1144966,4,12865
Toyota,Land Cruiser,2012,261842.0,Механика,Полный,Хэтчбек,279348,14,18703
Volkswagen,Tiguan,2010,221594.0,Автомат,Передний,Хэтчбек,341673,16,13850
Kia,Ceed,2023,42518.0,Механика,Полный,Седан,1465875,3,14173
Toyota,Camry,2016,122002.0,Механика,Передний,Кроссовер,918640,10,12200
Kia,Optima,2011,211097.0,Автомат,Передний,Седан,260057,15,14073
Kia,Ceed,2015,206352.0,Автомат,Полный,Кроссовер,279223,11,18759
Hyundai,Solaris,2018,127104.0,Механика,Передний,Седан,585049,8,15888
Kia,Optima,2013,266290.0,Автомат,Передний,Хэтчбек,324258,13,20484
Kia,Optima,2014,64706.0,Робот,Полный,Кроссовер,472256,12,5392
Toyota,Camry,2024,33464.0,Автомат,Полный,Кроссовер,2940879,2,16732
BMW,3 Series,2017,146276.0,Автомат,Полный,Кроссовер,877130,9,16253
BMW,X3,2010,308859.0,Механика,Полный,Седан,276915,16,19304
BMW,X3,2019,109081.0,Автомат,Полный,Седан,1576579,7,15583
BMW,5 Series,2016,75980.0,Механика,Полный,Кроссовер,961932,10,7598
Hyundai,ix35,2024,22910.0,Механика,Передний,Хэтчбек,1691401,2,11455
BMW,5 Series,2009,219602.0,Механика,Передний,Хэтчбек,324495,17,12918
Toyota,Corolla,2016,137721.0,Автомат,Передний,Кроссовер,835385,10,13772
Kia,Sportage,2024,34476.0,Механика,Полный,Седан,1638582,2,17238
Hyundai,Santa Fe,2017,124060.0,Механика,Передний,Седан,484373,9,13784
Hyundai,Solaris,2016,141293.0,Механика,Полный,Хэтчбек,343611,10,14129
BMW,X3,2008,329817.0,Автомат,Передний,Седан,282058,18,18323
Hyundai,ix35,2018,152003.0,Робот,Передний,Седан,536632,8,19000
Hyundai,Santa Fe,2010,195416.0,Автомат,Полный,Седан,340494,16,12214
Volkswagen,Golf,2023,67774.0,Автомат,Передний,Хэтчбек,1331384,3,22591
Kia,Sportage,2012,175378.0,Механика,Передний,Седан,300649,14,12527
Volkswagen,Passat,2013,161124.0,Автомат,Полный,Седан,256414,13,12394
Volkswagen,Passat,2017,202632.0,Механика,Полный,Седан,258811,9,22515
Toyota,Corolla,2008,269713.0,Робот,Полный,Седан,325391,18,14984
Kia,Optima,2016,112242.0,Механика,Полный,Кроссовер,476991,10,11224
Toyota,Corolla,2012,228113.0,Автомат,Полный,Седан,306023,14,16294
Volkswagen,Golf,2022,59976.0,Автомат,Задний,Седан,1393829,4,14994
BMW,3 Series,2022,70527.0,Автомат,Передний,Кроссовер,2030742,4,17632
Hyundai,Tucson,2012,187355.0,Автомат,Передний,Кроссовер,343545,14,13382
Volkswagen,Golf,2015,157275.0,Автомат,Передний,Хэтчбек,313679,11,14298
Kia,Sportage,2022,39389.0,Автомат,Задний,Хэтчбек,1224315,4,9847
Toyota,Land Cruiser,2018,142445.0,Автомат,Полный,Седан,1078724,8,17806
Toyota,Camry,2022,69219.0,Автомат,Передний,Кроссовер,2129567,4,17305
Kia,Ceed,2022,21635.0,Автомат,Задний,Седан,1333572,4,5409
Toyota,RAV4,2015,122405.0,Робот,Полный,Хэтчбек,906414,11,11128
Volkswagen,Tiguan,2010,203804.0,Автомат,Передний,Кроссовер,329252,16,12738
Volkswagen,Passat,2014,257515.0,Механика,Передний,Хэтчбек,332078,12,21460
Kia,Sportage,2008,267079.0,Робот,Задний,Хэтчбек,290221,18,14838
BMW,X5,2014,160604.0,Механика,Полный,Хэтчбек,514225,12,13384
Toyota,Camry,2009,301807.0,Автомат,Передний,Хэтчбек,280409,17,17753
Kia,Ceed,2013,223541.0,Механика,Полный,Кроссовер,261303,13,17195
Toyota,Camry,2019,93965.0,Автомат,Передний,Кроссовер,1625043,7,13424
Toyota,RAV4,2018,129502.0,Робот,Передний,Седан,1078006,8,16188
Kia,Optima,2014,223500.0,Автомат,Передний,Седан,255309,12,18625
Hyundai,ix35,2011,247316.0,Автомат,Полный,Кроссовер,289307,15,16488
Kia,Sportage,2013,246672.0,Автомат,Задний,Седан,334072,13,18975
Toyota,Camry,2021,64557.0,Автомат,Передний,Хэтчбек,1762259,5,12911
Kia,Optima,2023,19441.0,Механика,Передний,Кроссовер,1691190,3,6480
Volkswagen,Polo,2024,34828.0,Механика,Полный,Кроссовер,1517990,2,17414
BMW,3 Series,2018,142625.0,Автомат,Задний,Хэтчбек,1204371,8,17828
Toyota,Land Cruiser,2022,52255.0,Механика,Передний,Седан,2297825,4,13064
Kia,Optima,2014,218629.0,Робот,Полный,Седан,277722,12,18219
BMW,X3,2010,285023.0,Автомат,Задний,Хэтчбек,292452,16,17814
Kia,Sportage,2019,132843.0,Автомат,Передний,Кроссовер,593416,7,18978
Hyundai,ix35,2009,333372.0,Автомат,Полный,Хэтчбек,289935,17,19610
Hyundai,ix35,2013,166736.0,Автомат,Полный,Хэтчбек,306171,13,12826
Hyundai,Solaris,2008,282398.0,Автомат,Передний,Кроссовер,296434,18,15689
Toyota,Land Cruiser,2013,156925.0,Автомат,Передний,Хэтчбек,540992,13,12071
Hyundai,Solaris,2018,115578.0,Автомат,Передний,Кроссовер,554109,8,14447
Kia,Rio,2011,225196.0,Автомат,Передний,Седан,305934,15,15013
BMW,X5,2011,178636.0,Механика,Полный,Хэтчбек,259176,15,11909
Toyota,RAV4,2011,191129.0,Автомат,Полный,Седан,334475,15,12742
BMW,X3,2012,300343.0,Автомат,Задний,Седан,293381,14,21453
Volkswagen,Tiguan,2023,43949.0,Автомат,Полный,Хэтчбек,1327529,3,14650
BMW,5 Series,2020,69321.0,Механика,Передний,Седан,1726038,6,11554
Volkswagen,Tiguan,2019,143007.0,Автомат,Задний,Седан,645758,7,20430
Toyota,RAV4,2008,210118.0,Механика,Полный,Седан,298192,18,11673
BMW,X3,2020,31834.0,Автомат,Передний,Кроссовер,1776675,6,5306
Kia,Ceed,2011,183328.0,Автомат,Полный,Седан,337970,15,12222
Kia,Optima,2010,186625.0,Механика,Полный,Хэтчбек,332789,16,11664
Volkswagen,Golf,2015,73178.0,Механика,Передний,Седан,494332,11,6653
Hyundai,Santa Fe,2008,313222.0,Механика,Полный,Хэтчбек,309571,18,17401
Kia,Ceed,2017,118621.0,Автомат,Полный,Хэтчбек,491759,9,13180
BMW,5 Series,2023,47836.0,Механика,Задний,Седан,2162170,3,15945
Volkswagen,Tiguan,2018,109476.0,Механика,Передний,Кроссовер,607342,8,13684
BMW,X3,2017,127967.0,Механика,Полный,Кроссовер,901541,9,14219
Hyundai,Tucson,2020,72705.0,Робот,Полный,Седан,926523,6,12118
Kia,Ceed,2018,121031.5,Робот,Полный,Хэтчбек,775041,8,15129
Toyota,Corolla,2015,182133.0,Робот,Передний,Кроссовер,565921,11,16558
Kia,Optima,2009,238264.0,Автомат,Полный,Седан,322454,17,14016
Toyota,Land Cruiser,2008,208265.0,Автомат,Полный,Седан,328421,18,11570
Toyota,Corolla,2018,149406.0,Автомат,Полный,Седан,1038020,8,18676
Volkswagen,Passat,2019,136882.0,Механика,Передний,Кроссовер,658892,7,19555
Kia,Ceed,2017,154862.0,Автомат,Передний,Кроссовер,352121,9,17207
BMW,X3,2008,249907.0,Автомат,Полный,Хэтчбек,308657,18,13884
Volkswagen,Passat,2016,176729.0,Автомат,Полный,Кроссовер,267535,10,17673
Toyota,RAV4,2016,193766.0,Автомат,Передний,Хэтчбек,652975,10,19377
Hyundai,ix35,2008,392152.0,Автомат,Полный,Седан,316340,18,21786
Volkswagen,Golf,2012,203449.0,Автомат,Передний,Седан,331607,14,14532
Hyundai,ix35,2023,47715.0,Автомат,Передний,Кроссовер,1282075,3,15905
Volkswagen,Polo,2013,223562.0,Автомат,Задний,Седан,336793,13,17197
BMW,3 Series,2016,103780.0,Автомат,Полный,Кроссовер,911290,10,10378
Kia,Sportage,2020,28316.0,Автомат,Задний,Хэтчбек,1245351,6,4719
BMW,3 Series,2022,69058.0,Механика,Полный,Хэтчбек,2021679,4,17264
BMW,X3,2016,188675.0,Автомат,Полный,Кроссовер,667643,10,18868
Volkswagen,Polo,2016,208290.0,Автомат,Передний,Хэтчбек,255915,10,20829
Toyota,RAV4,2023,39422.0,Механика,Передний,Седан,2664730,3,13141
Volkswagen,Tiguan,2022,73848.0,Робот,Передний,Седан,1068849,4,18462
Hyundai,Solaris,2012,256195.0,Робот,Полный,Седан,311142,14,18300
BMW,5 Series,2023,63836.0,Автомат,Полный,Кроссовер,2317844,3,21279
Hyundai,Solaris,2017,75513.0,Автомат,Передний,Седан,639416,9,8390
BMW,5 Series,2018,149424.0,Механика,Полный,Седан,1138274,8,18678
Hyundai,Santa Fe,2013,288511.0,Робот,Полный,Кроссовер,259912,13,22193
Volkswagen,Tiguan,2020,71291.0,Автомат,Полный,Кроссовер,1073870,6,11882
Volkswagen,Polo,2023,39233.0,Робот,Передний,Седан,1639932,3,13078
Volkswagen,Polo,2020,106754.0,Автомат,Полный,Хэтчбек,828776,6,17792
BMW,5 Series,2020,23891.0,Автомат,Задний,Хэтчбек,1620975,6,3982
BMW,5 Series,2009,166872.0,Механика,Полный,Хэтчбек,295422,17,9816
BMW,X3,2013,204159.0,Автомат,Передний,Хэтчбек,295768,13,15705
Volkswagen,Tiguan,2020,66997.0,Автомат,Передний,Кроссовер,989715,6,11166
Hyundai,ix35,2008,228595.0,Автомат,Передний,Хэтчбек,306913,18,12700
Hyundai,Solaris,2011,117590.0,Автомат,Передний,Хэтчбек,287424,15,7839
Volkswagen,Golf,2008,361029.0,Автомат,Передний,Хэтчбек,268041,18,20057
Kia,Sportage,2019,155024.0,Робот,Полный,Хэтчбек,539895,7,22146
Kia,Sportage,2012,188101.0,Механика,Передний,Хэтчбек,300496,14,13436
Toyota,RAV4,2022,35301.0,Механика,Полный,Седан,2010181,4,8825
Toyota,Camry,2009,320785.0,Автомат,Передний,Хэтчбек,280390,17,18870
Volkswagen,Golf,2020,6245.0,Автомат,Полный,Хэтчбек,1167406,6,1041
BMW,5 Series,2021,49979.0,Автомат,Передний,Кроссовер,2157349,5,9996
BMW,X3,2010,392446.0,Автомат,Задний,Кроссовер,280839,16,24528
Toyota,Land Cruiser,2024,31819.0,Автомат,Полный,Хэтчбек,2955347,2,15910
Hyundai,Solaris,2017,91170.0,Механика,Полный,Седан,537647,9,10130
Volkswagen,Polo,2013,127826.0,Механика,Задний,Хэтчбек,328001,13,9833
Kia,Optima,2008,278225.0,Автомат,Полный,Седан,337680,18,15457
BMW,X3,2014,195046.0,Автомат,Полный,Седан,424017,12,16254
BMW,X3,2019,119953.0,Автомат,Передний,Хэтчбек,1549969,7,17136
Toyota,RAV4,2016,146696.0,Автомат,Полный,Седан,739791,10,14670
Volkswagen,Golf,2009,269566.0,Автомат,Передний,Кроссовер,277512,17,15857
Hyundai,Santa Fe,2023,44212.0,Автомат,Полный,Кроссовер,1592034,3,14737
Kia,Optima,2011,238540.0,Автомат,Полный,Седан,261347,15,15903
BMW,X3,2014,171438.0,Автомат,Передний,Седан,579206,12,14286
Volkswagen,Polo,2023,41763.0,Автомат,Полный,Кроссовер,1645314,3,13921
Hyundai,Tucson,2014,192138.0,Механика,Передний,Хэтчбек,344346,12,16012
Volkswagen,Golf,2017,222314.0,Механика,Полный,Хэтчбек,341193,9,24702
Volkswagen,Tiguan,2021,73417.0,Автомат,Передний,Хэтчбек,1015334,5,14683
BMW,X5,2008,331191.0,Автомат,Полный,Седан,329323,18,18400
Toyota,Land Cruiser,2024,18621.0,Автомат,Задний,Хэтчбек,2887895,2,9310
Volkswagen,Tiguan,2010,85343.0,Автомат,Полный,Кроссовер,299141,16,5334
Toyota,Camry,2017,148662.0,Автомат,Полный,Кроссовер,1024298,9,16518
Kia,Optima,2009,276090.0,Автомат,Передний,Кроссовер,268486,17,16241
Kia,Ceed,2008,279822.0,Робот,Передний,Седан,295946,18,15546
BMW,X5,2016,116700.0,Автомат,Полный,Кроссовер,893259,10,11670
Volkswagen,Polo,2012,309826.0,Автомат,Передний,Кроссовер,324239,14,22130
Volkswagen,Tiguan,2013,257837.0,Механика,Передний,Седан,317802,13,19834
Hyundai,Tucson,2009,193903.0,Автомат,Передний,Кроссовер,268586,17,11406
Hyundai,Santa Fe,2018,154317.0,Автомат,Полный,Седан,514505,8,19290
Toyota,Land Cruiser,2012,225504.0,Автомат,Передний,Кроссовер,269089,14,16107
Toyota,RAV4,2016,125154.0,Механика,Полный,Кроссовер,985010,10,12515
BMW,X3,2013,193130.0,Автомат,Передний,Кроссовер,565489,13,14856
Toyota,RAV4,2014,221265.0,Автомат,Полный,Кроссовер,385813,12,18439
BMW,3 Series,2022,42453.0,Автомат,Полный,Кроссовер,2584045,4,10613
Hyundai,Solaris,2015,162872.0,Автомат,Передний,Хэтчбек,333375,11,14807
Hyundai,Tucson,2016,156537.0,Автомат,Полный,Хэтчбек,310768,10,15654
Volkswagen,Golf,2015,167747.0,Механика,Передний,Кроссовер,297337,11,15250
Volkswagen,Golf,2017,154820.0,Автомат,Полный,Кроссовер,342939,9,17202
Toyota,Camry,2012,188145.0,Автомат,Передний,Седан,256757,14,13439
Hyundai,ix35,2024,25358.0,Автомат,Передний,Хэтчбек,1819931,2,12679
Toyota,Land Cruiser,2016,178265.0,Автомат,Передний,Хэтчбек,775916,10,17826
Volkswagen,Tiguan,2012,181676.0,Автомат,Передний,Кроссовер,255899,14,12977
Toyota,Land Cruiser,2010,283338.0,Автомат,Полный,Седан,292674,16,17709
Kia,Ceed,2017,105347.0,Робот,Передний,Кроссовер,485788,9,11705
Toyota,Camry,2022,45937.0,Автомат,Задний,Кроссовер,2025060,4,11484
BMW,X5,2014,213378.0,Автомат,Передний,Хэтчбек,360030,12,17782
Toyota,Land Cruiser,2017,109812.0,Автомат,Передний,Хэтчбек,1263183,9,12201
Toyota,Camry,2010,141957.0,Механика,Полный,Кроссовер,330915,16,8872
Kia,Optima,2011,238638.0,Механика,Полный,Кроссовер,319428,15,15909
Toyota,Corolla,2022,42553.0,Автомат,Полный,Хэтчбек,1937103,4,10638
BMW,3 Series,2018,197752.0,Механика,Задний,Седан,931737,8,24719
BMW,X5,2022,81843.0,Механика,Передний,Хэтчбек,2039759,4,20461
Kia,Sportage,2011,251073.0,Автомат,Задний,Седан,268737,15,16738
BMW,3 Series,2023,40949.0,Автомат,Полный,Кроссовер,2782721,3,13650
BMW,3 Series,2009,271850.0,Автомат,Задний,Кроссовер,339026,17,15991
Volkswagen,Polo,2018,143616.0,Автомат,Полный,Хэтчбек,446299,8,17952
Hyundai,Santa Fe,2018,105833.0,Автомат,Полный,Седан,611796,8,13229
Volkswagen,Polo,2016,159542.0,Автомат,Передний,Кроссовер,270527,10,15954
Kia,Sportage,2023,52387.0,Автомат,Передний,Хэтчбек,1623950,3,17462
Toyota,Land Cruiser,2021,71438.0,Автомат,Передний,Кроссовер,1789349,5,14288
Hyundai,ix35,2020,70076.0,Автомат,Полный,Хэтчбек,1071832,6,11679
Kia,Sportage,2023,68592.0,Автомат,Передний,Хэтчбек,1493173,3,22864
Hyundai,Santa Fe,2016,149356.0,Робот,Задний,Седан,301495,10,14936
Kia,Optima,2011,92474.0,Автомат,Передний,Кроссовер,277280,15,6165
Hyundai,Solaris,2009,253761.5,Автомат,Задний,Хэтчбек,338878,17,14927
Kia,Ceed,2012,247433.0,Автомат,Передний,Кроссовер,319128,14,17674
Volkswagen,Golf,2021,96332.0,Автомат,Передний,Кроссовер,1033980,5,19266
Hyundai,ix35,2012,269010.0,Робот,Передний,Хэтчбек,273749,14,19215
Kia,Ceed,2023,52829.0,Механика,Передний,Хэтчбек,1209425,3,17610
Toyota,Camry,2020,106378.0,Автомат,Передний,Хэтчбек,1506504,6,17730
Toyota,Camry,2010,247100.0,Механика,Полный,Хэтчбек,268552,16,15444
BMW,3 Series,2011,67354.0,Автомат,Задний,Кроссовер,624456,15,4490
Kia,Ceed,2009,297263.0,Механика,Полный,Седан,323362,17,17486
Hyundai,Tucson,2011,280020.0,Автомат,Задний,Кроссовер,296545,15,18668
Volkswagen,Passat,2022,53516.0,Механика,Задний,Седан,1331749,4,13379
Volkswagen,Polo,2021,73164.0,Автомат,Передний,Хэтчбек,1080483,5,14633
Toyota,Camry,2021,118297.0,Автомат,Полный,Седан,2034559,5,23659
BMW,5 Series,2014,243232.0,Механика,Передний,Седан,339388,12,20269
Hyundai,Santa Fe,2023,38340.0,Автомат,Задний,Кроссовер,1522631,3,12780
BMW,X5,2017,105333.0,Механика,Полный,Седан,1016853,9,11704
Kia,Optima,2016,127091.0,Механика,Передний,Хэтчбек,398662,10,12709
Hyundai,ix35,2022,34594.0,Автомат,Передний,Седан,1203441,4,8648
BMW,5 Series,2010,102583.0,Механика,Передний,Кроссовер,411855,16,6411
Toyota,RAV4,2012,265905.0,Автомат,Полный,Хэтчбек,302076,14,18993
Volkswagen,Golf,2010,149977.0,Автомат,Полный,Кроссовер,320753,16,9374
Hyundai,Solaris,2008,342215.0,Механика,Полный,Кроссовер,286215,18,19012
Toyota,Corolla,2024,30172.0,Автомат,Передний,Кроссовер,2468576,2,15086
Hyundai,ix35,2020,111567.0,Механика,Передний,Кроссовер,711460,6,18594
Kia,Sportage,2013,208960.0,Механика,Полный,Хэтчбек,337592,13,16074
Toyota,Corolla,2018,121031.5,Механика,Передний,Седан,1105906,8,15129
Hyundai,Tucson,2020,93308.0,Робот,Передний,Кроссовер,882043,6,15551
Hyundai,Tucson,2020,94479.0,Автомат,Передний,Седан,963177,6,15746
BMW,3 Series,2021,81901.0,Механика,Полный,Хэтчбек,1780462,5,16380
Volkswagen,Tiguan,2024,22544.0,Механика,Передний,Кроссовер,1437871,2,11272
Toyota,RAV4,2019,83017.0,Механика,Задний,Кроссовер,1541724,7,11860
Volkswagen,Passat,2017,179772.0,Автомат,Передний,Кроссовер,272815,9,19975
Volkswagen,Tiguan,2022,67791.0,Механика,Передний,Кроссовер,1385950,4,16948
BMW,5 Series,2010,251780.0,Механика,Задний,Кроссовер,275956,16,15736
Toyota,Camry,2012,194121.0,Автомат,Полный,Кроссовер,265136,14,13866
Kia,Rio,2011,261769.0,Механика,Полный,Седан,323574,15,17451
Toyota,RAV4,2010,212673.0,Механика,Передний,Кроссовер,263615,16,13292
BMW,X3,2024,21199.0,Автомат,Полный,Седан,2889367,2,10600
BMW,X5,2017,155786.0,Механика,Полный,Седан,949730,9,17310
BMW,3 Series,2008,185195.0,Автомат,Передний,Хэтчбек,328570,18,10289
BMW,5 Series,2010,319143.0,Механика,Полный,Кроссовер,318744,16,19946
Kia,Ceed,2024,32724.0,Автомат,Полный,Седан,1525474,2,16362
Kia,Rio,2011,167608.0,Автомат,Задний,Хэтчбек,271031,15,11174
Hyundai,Santa Fe,2014,214414.0,Механика,Передний,Седан,270678,12,17868
Kia,Ceed,2024,30443.0,Автомат,Передний,Кроссовер,1440623,2,15222
Hyundai,Tucson,2009,271517.0,Механика,Передний,Хэтчбек,311746,17,15972
Volkswagen,Passat,2015,186146.0,Механика,Передний,Седан,304861,11,16922
BMW,5 Series,2010,209300.0,Механика,Задний,Кроссовер,292900,16,13081
Toyota,RAV4,2017,98780.0,Автомат,Полный,Седан,1148449,9,10976
Kia,Optima,2020,123068.0,Механика,Передний,Кроссовер,860134,6,20511
Volkswagen,Passat,2010,213006.0,Автомат,Передний,Хэтчбек,272460,16,13313
Kia,Rio,2019,101229.0,Механика,Передний,Кроссовер,782699,7,14461
Volkswagen,Passat,2017,168120.0,Автомат,Передний,Кроссовер,273627,9,18680
Toyota,RAV4,2011,279551.0,Автомат,Передний,Седан,337435,15,18637
Hyundai,Solaris,2012,156335.0,Автомат,Полный,Кроссовер,319895,14,11167
Kia,Sportage,2009,146703.0,Механика,Полный,Седан,334570,17,8630
Kia,Ceed,2008,252761.0,Механика,Передний,Кроссовер,323995,18,14042
Kia,Sportage,2008,282548.0,Робот,Задний,Седан,274166,18,15697
Hyundai,ix35,2010,178606.0,Механика,Задний,Кроссовер,335182,16,11163
BMW,3 Series,2020,106939.0,Автомат,Полный,Кроссовер,1712633,6,17823
BMW,5 Series,2008,232961.0,Автомат,Задний,Хэтчбек,320788,18,12942
Hyundai,ix35,2013,193130.0,Механика,Передний,Кроссовер,272948,13,14856
Kia,Rio,2011,307350.0,Автомат,Передний,Хэтчбек,264801,15,20490
Kia,Rio,2011,186509.0,Механика,Полный,Кроссовер,274463,15,12434
BMW,3 Series,2015,180584.0,Автомат,Полный,Кроссовер,602077,11,16417
Volkswagen,Passat,2015,185418.0,Автомат,Передний,Хэтчбек,339314,11,16856
BMW,X5,2015,250649.0,Механика,Задний,Кроссовер,378777,11,22786
BMW,X3,2016,132431.0,Автомат,Задний,Хэтчбек,1031492,10,13243
BMW,3 Series,2008,135068.0,Автомат,Полный,Кроссовер,290861,18,7504
Volkswagen,Tiguan,2012,332994.0,Механика,Передний,Кроссовер,281257,14,23785
Kia,Ceed,2014,255978.0,Автомат,Передний,Кроссовер,272932,12,21332
Volkswagen,Polo,2018,132005.0,Автомат,Полный,Кроссовер,568381,8,16501
BMW,X3,2008,235140.0,Автомат,Передний,Седан,309018,18,13063
Volkswagen,Golf,2020,123359.0,Автомат,Задний,Седан,846567,6,20560
Hyundai,Tucson,2012,128754.0,Механика,Передний,Кроссовер,302565,14,9197
Toyota,RAV4,2008,239788.0,Автомат,Передний,Кроссовер,297299,18,13322
BMW,3 Series,2009,376100.0,Автомат,Передний,Кроссовер,296880,17,22124
Kia,Rio,2023,60311.0,Механика,Полный,Седан,1312674,3,20104
Hyundai,Solaris,2017,130111.0,Механика,Полный,Седан,484783,9,14457
BMW,X3,2011,222090.0,Автомат,Полный,Кроссовер,325674,15,14806
Volkswagen,Passat,2022,87838.0,Механика,Передний,Седан,1322134,4,21960
Toyota,Corolla,2010,188520.0,Автомат,Полный,Хэтчбек,290076,16,11782
Hyundai,Santa Fe,2013,224451.0,Механика,Полный,Кроссовер,331897,13,17265
Volkswagen,Golf,2014,151735.0,Автомат,Задний,Седан,264995,12,12645
Toyota,Land Cruiser,2015,211900.0,Автомат,Передний,Седан,450894,11,19264
Volkswagen,Passat,2019,80799.0,Механика,Задний,Хэтчбек,820476,7,11543
Kia,Sportage,2012,205617.0,Автомат,Полный,Кроссовер,323236,14,14687
BMW,3 Series,2010,174845.0,Автомат,Передний,Кроссовер,326133,16,10928
BMW,3 Series,2013,370334.0,Автомат,Передний,Кроссовер,318025,13,28487
Volkswagen,Passat,2010,237882.0,Автомат,Полный,Хэтчбек,332199,16,14868
BMW,X5,2017,21456.0,Автомат,Передний,Хэтчбек,1487904,9,2384
Kia,Optima,2023,50987.0,Автомат,Полный,Кроссовер,1454421,3,16996
Volkswagen,Passat,2024,43286.0,Робот,Полный,Кроссовер,1774471,2,21643
Volkswagen,Polo,2022,53003.0,Автомат,Полный,Хэтчбек,1377637,4,13251
Kia,Sportage,2010,211639.0,Робот,Передний,Седан,273893,16,13227
Hyundai,ix35,2012,150336.0,Автомат,Полный,Кроссовер,286222,14,10738
Volkswagen,Golf,2011,264879.0,Автомат,Передний,Хэтчбек,309873,15,17659
Hyundai,Tucson,2021,71003.0,Механика,Задний,Седан,1129099,5,14201
BMW,X5,2009,334682.0,Робот,Передний,Кроссовер,337534,17,19687
Hyundai,Santa Fe,2008,305865.0,Механика,Передний,Хэтчбек,343879,18,16992
Volkswagen,Tiguan,2021,43094.0,Автомат,Полный,Седан,1147226,5,8619
BMW,3 Series,2012,180210.0,Робот,Задний,Кроссовер,285866,14,12872
Hyundai,Solaris,2017,87910.0,Автомат,Передний,Седан,544143,9,9768
Kia,Rio,2019,54730.0,Автомат,Передний,Хэтчбек,772350,7,7819
Volkswagen,Polo,2009,250078.0,Автомат,Задний,Кроссовер,326980,17,14710
Toyota,Corolla,2010,283276.0,Автомат,Передний,Кроссовер,317095,16,17705
Kia,Optima,2023,51482.0,Автомат,Полный,Хэтчбек,1532705,3,17161
Toyota,RAV4,2016,147092.0,Автомат,Передний,Кроссовер,967293,10,14709
BMW,5 Series,2023,46404.0,Автомат,Передний,Кроссовер,2393706,3,15468
Kia,Rio,2009,271580.0,Автомат,Полный,Седан,269632,17,15975
Toyota,RAV4,2008,256630.0,Робот,Полный,Седан,296285,18,14257
Kia,Optima,2021,43659.0,Автомат,Полный,Седан,1160980,5,8732
BMW,3 Series,2009,249274.0,Механика,Передний,Седан,337936,17,14663
BMW,5 Series,2014,219163.0,Робот,Полный,Кроссовер,342767,12,18264
Toyota,Camry,2021,81646.0,Робот,Передний,Хэтчбек,1913891,5,16329
BMW,3 Series,2008,341063.0,Автомат,Задний,Кроссовер,297629,18,18948
Kia,Optima,2008,264322.0,Автомат,Полный,Кроссовер,332173,18,14685
Kia,Optima,2011,233637.0,Автомат,Полный,Хэтчбек,296373,15,15576
Toyota,Corolla,2018,127493.0,Автомат,Полный,Кроссовер,1354500,8,15937
BMW,X3,2009,312470.0,Робот,Задний,Седан,283566,17,18381
BMW,3 Series,2013,269176.0,Автомат,Передний,Хэтчбек,324117,13,20706
Toyota,Camry,2011,251683.0,Автомат,Передний,Хэтчбек,290807,15,16779
Kia,Sportage,2021,38456.0,Автомат,Передний,Седан,1159324,5,7691
Toyota,Corolla,2017,91045.0,Робот,Полный,Кроссовер,1150014,9,10116
Toyota,Corolla,2014,177077.0,Автомат,Полный,Седан,474715,12,14756
BMW,X3,2020,94567.0,Механика,Задний,Кроссовер,1675239,6,15761
Toyota,RAV4,2020,136028.0,Автомат,Передний,Кроссовер,1521381,6,22671
Volkswagen,Tiguan,2020,86902.0,Автомат,Задний,Хэтчбек,912257,6,14484
Volkswagen,Passat,2024,29857.0,Механика,Передний,Кроссовер,1868726,2,14928
Hyundai,Santa Fe,2022,37327.0,Автомат,Полный,Седан,1476544,4,9332
Volkswagen,Tiguan,2016,121107.0,Автомат,Передний,Седан,370935,10,12111
Hyundai,Solaris,2023,38056.0,Автомат,Передний,Хэтчбек,1276670,3,12685
Volkswagen,Golf,2020,128355.0,Автомат,Передний,Хэтчбек,860653,6,21392
Volkswagen,Golf,2011,231978.0,Механика,Передний,Хэтчбек,334187,15,15465
Hyundai,ix35,2024,35116.0,Автомат,Передний,Кроссовер,1612424,2,17558
Toyota,Camry,2019,152492.0,Автомат,Полный,Хэтчбек,1243159,7,21785
Toyota,Corolla,2021,94250.0,Автомат,Передний,Кроссовер,2083403,5,18850
BMW,3 Series,2023,54557.0,Механика,Полный,Седан,2756574,3,18186
Hyundai,Tucson,2020,119783.0,Механика,Передний,Хэтчбек,769473,6,19964
Volkswagen,Polo,2020,97675.0,Автомат,Передний,Седан,834936,6,16279
Hyundai,Tucson,2012,225589.0,Автомат,Передний,Седан,328539,14,16114
Hyundai,ix35,2023,58347.0,Механика,Полный,Седан,1581537,3,19449
Toyota,Camry,2020,118833.0,Автомат,Передний,Кроссовер,1599839,6,19806
Toyota,RAV4,2010,204088.0,Автомат,Полный,Кроссовер,330615,16,12756
BMW,5 Series,2019,95792.0,Автомат,Полный,Седан,1656791,7,13685
Toyota,RAV4,2023,57417.0,Автомат,Полный,Хэтчбек,2543465,3,19139
Hyundai,ix35,2023,55760.0,Автомат,Полный,Седан,1341694,3,18587
Toyota,RAV4,2008,267079.0,Робот,Полный,Кроссовер,323568,18,14838
BMW,X3,2008,234528.0,Механика,Передний,Хэтчбек,261344,18,13029
Hyundai,Santa Fe,2010,347774.0,Механика,Полный,Седан,265322,16,21736
Toyota,Land Cruiser,2020,70722.0,Робот,Полный,Кроссовер,1975511,6,11787
BMW,X3,2024,15492.0,Механика,Передний,Кроссовер,2754130,2,7746
Kia,Ceed,2018,65017.0,Механика,Передний,Кроссовер,677493,8,8127
Hyundai,ix35,2024,26224.0,Механика,Передний,Седан,1483491,2,13112
Toyota,RAV4,2021,23358.0,Робот,Передний,Хэтчбек,2212420,5,4672
Toyota,Corolla,2016,217783.0,Механика,Полный,Кроссовер,561527,10,21778
Volkswagen,Polo,2021,80813.0,Автомат,Передний,Кроссовер,948564,5,16163
Toyota,Corolla,2022,65256.0,Автомат,Задний,Хэтчбек,2440201,4,16314
Kia,Sportage,2014,250251.0,Автомат,Полный,Кроссовер,298925,12,20854
BMW,X5,2021,87917.0,Автомат,Передний,Кроссовер,1600151,5,17583
Toyota,Camry,2013,160971.0,Механика,Задний,Кроссовер,436026,13,12382
Volkswagen,Passat,2012,159166.0,Автомат,Передний,Кроссовер,256303,14,11369
Hyundai,ix35,2017,140967.0,Автомат,Полный,Хэтчбек,433970,9,15663
BMW,X5,2020,111032.0,Автомат,Передний,Кроссовер,1834475,6,18505
Volkswagen,Polo,2020,127174.0,Автомат,Передний,Седан,719990,6,21196
Kia,Rio,2019,146612.0,Автомат,Задний,Кроссовер,532677,7,20945
Kia,Optima,2024,32070.0,Автомат,Передний,Кроссовер,1794606,2,16035
Toyota,Land Cruiser,2013,244432.0,Автомат,Полный,Седан,322495,13,18802
BMW,5 Series,2017,122027.0,Автомат,Полный,Хэтчбек,1211340,9,13559
Hyundai,Santa Fe,2019,131509.0,Автомат,Передний,Хэтчбек,606708,7,18787
Volkswagen,Golf,2022,56913.0,Автомат,Передний,Хэтчбек,1396220,4,14228
Hyundai,Solaris,2024,29340.0,Механика,Передний,Седан,1622556,2,14670
Toyota,Corolla,2016,148068.0,Автомат,Полный,Седан,969629,10,14807
Kia,Optima,2021,60668.0,Механика,Задний,Седан,1198994,5,12134
Volkswagen,Tiguan,2019,91736.0,Механика,Полный,Кроссовер,752259,7,13105
Kia,Optima,2014,254500.0,Автомат,Передний,Кроссовер,321791,12,21208
Volkswagen,Passat,2016,123445.0,Автомат,Передний,Кроссовер,435187,10,12344
Toyota,Land Cruiser,2015,229647.0,Автомат,Полный,Хэтчбек,447904,11,20877
Kia,Ceed,2016,198703.0,Автомат,Передний,Кроссовер,272150,10,19870
Hyundai,ix35,2021,85219.0,Механика,Передний,Хэтчбек,1061961,5,17044
Volkswagen,Passat,2019,104903.0,Механика,Передний,Хэтчбек,721291,7,14986
Hyundai,Solaris,2024,30180.0,Механика,Полный,Кроссовер,1801609,2,15090
BMW,X3,2022,80768.0,Механика,Задний,Хэтчбек,1812828,4,20192
Volkswagen,Tiguan,2019,39965.0,Автомат,Полный,Седан,1023478,7,5709
Volkswagen,Passat,2024,30172.0,Автомат,Передний,Хэтчбек,1751840,2,15086
Toyota,Land Cruiser,2012,228410.0,Автомат,Передний,Седан,340190,14,16315
Toyota,Land Cruiser,2022,82761.0,Автомат,Полный,Хэтчбек,1967592,4,20690
Kia,Ceed,2018,135580.0,Автомат,Задний,Седан,568770,8,16948
Kia,Rio,2022,84458.0,Механика,Передний,Седан,1240309,4,21114
Volkswagen,Golf,2019,93520.0,Автомат,Передний,Кроссовер,672865,7,13360
BMW,3 Series,2024,27081.0,Автомат,Передний,Хэтчбек,3028781,2,13540
Volkswagen,Passat,2008,269644.0,Автомат,Полный,Хэтчбек,268761,18,14980
BMW,X3,2015,170624.0,Автомат,Передний,Кроссовер,558415,11,15511
Toyota,RAV4,2010,200577.0,Механика,Передний,Хэтчбек,290934,16,12536
Toyota,Land Cruiser,2014,145058.0,Автомат,Полный,Кроссовер,625024,12,12088
Toyota,Corolla,2008,244445.0,Механика,Полный,Кроссовер,314751,18,13580
Volkswagen,Passat,2008,392886.0,Механика,Полный,Хэтчбек,273824,18,21827
Volkswagen,Tiguan,2023,11009.0,Робот,Полный,Хэтчбек,1648575,3,3670
BMW,X3,2009,268680.0,Механика,Передний,Седан,259138,17,15805
Toyota,Corolla,2019,103164.0,Автомат,Полный,Кроссовер,1568553,7,14738
BMW,3 Series,2015,200078.0,Механика,Передний,Седан,532646,11,18189
Toyota,Camry,2021,66208.0,Механика,Полный,Седан,2243605,5,13242
Kia,Sportage,2023,60945.0,Автомат,Передний,Хэтчбек,1563594,3,20315
Hyundai,Santa Fe,2016,133701.0,Механика,Задний,Хэтчбек,346889,10,13370
Kia,Optima,2011,177242.0,Автомат,Задний,Седан,259928,15,11816
Hyundai,Solaris,2017,109076.0,Автомат,Передний,Седан,541469,9,12120
Toyota,Land Cruiser,2019,140471.0,Механика,Передний,Седан,1352115,7,20067
Toyota,Corolla,2018,88322.0,Автомат,Передний,Кроссовер,1368073,8,11040
Kia,Rio,2015,181810.0,Автомат,Полный,Седан,297602,11,16528
Volkswagen,Passat,2012,256050.0,Автомат,Передний,Седан,284620,14,18289
Toyota,Corolla,2012,334827.0,Автомат,Задний,Кроссовер,312064,14,23916
Toyota,Land Cruiser,2020,92852.0,Механика,Полный,Седан,1753458,6,15475
Toyota,RAV4,2022,24170.0,Автомат,Передний,Кроссовер,1984306,4,6042
Kia,Sportage,2022,84709.0,Механика,Задний,Хэтчбек,1233156,4,21177
Volkswagen,Tiguan,2017,46499.0,Автомат,Передний,Седан,788207,9,5167
Hyundai,Tucson,2024,24081.0,Механика,Полный,Седан,1849477,2,12040
Toyota,Camry,2015,125549.0,Автомат,Полный,Кроссовер,886874,11,11414
Hyundai,Solaris,2014,174382.0,Автомат,Полный,Кроссовер,303872,12,14532
BMW,X5,2011,225648.5,Механика,Передний,Седан,498969,15,15043
Toyota,Corolla,2017,66459.0,Механика,Полный,Хэтчбек,1247114,9,7384
Hyundai,ix35,2024,38381.0,Автомат,Полный,Кроссовер,1575367,2,19190
Volkswagen,Tiguan,2016,164606.0,Автомат,Передний,Седан,269608,10,16461
Hyundai,Solaris,2023,48890.0,Механика,Полный,Хэтчбек,1282990,3,16297
Kia,Rio,2022,75131.0,Автомат,Полный,Седан,1080916,4,18783
Kia,Optima,2012,366878.0,Автомат,Передний,Седан,270206,14,26206
Toyota,Corolla,2016,180428.0,Автомат,Полный,Хэтчбек,760873,10,18043
Toyota,Corolla,2024,32943.0,Механика,Передний,Седан,2909480,2,16472
Hyundai,ix35,2011,287803.0,Автомат,Полный,Седан,316814,15,19187
Toyota,Land Cruiser,2020,72811.0,Механика,Полный,Седан,1537543,6,12135
Kia,Optima,2014,189185.0,Механика,Задний,Хэтчбек,316558,12,15765
Kia,Sportage,2012,228022.0,Робот,Задний,Кроссовер,327832,14,16287
BMW,X3,2022,47498.0,Механика,Передний,Седан,2101830,4,11874
BMW,X3,2017,196106.0,Механика,Задний,Седан,751622,9,21790
BMW,5 Series,2020,70200.0,Механика,Передний,Кроссовер,1647903,6,11700
BMW,X3,2022,72460.0,Автомат,Передний,Седан,1867321,4,18115
Volkswagen,Polo,2010,205188.0,Автомат,Полный,Хэтчбек,266830,16,12824
Volkswagen,Golf,2017,165457.0,Автомат,Полный,Седан,365996,9,18384
Toyota,RAV4,2008,267079.0,Автомат,Передний,Седан,289783,18,14838
Hyundai,ix35,2008,311342.0,Автомат,Передний,Кроссовер,283863,18,17297
Kia,Rio,2022,53675.0,Автомат,Передний,Седан,1389133,4,13419
Volkswagen,Polo,2019,131509.0,Механика,Передний,Хэтчбек,719321,7,18787
Volkswagen,Golf,2011,85153.0,Механика,Передний,Хэтчбек,276457,15,5677
BMW,5 Series,2012,150391.0,Автомат,Задний,Седан,397064,14,10742
Kia,Rio,2024,28449.0,Механика,Передний,Кроссовер,1426377,2,14224
Kia,Optima,2019,79930.0,Робот,Полный,Седан,755138,7,11419
Toyota,Corolla,2019,85409.0,Автомат,Полный,Кроссовер,1582536,7,12201
BMW,5 Series,2020,53058.0,Автомат,Полный,Кроссовер,1617679,6,8843
Kia,Ceed,2023,46357.0,Автомат,Передний,Хэтчбек,1277222,3,15452
Volkswagen,Passat,2018,78205.0,Автомат,Задний,Хэтчбек,618101,8,9776
BMW,5 Series,2016,122636.0,Механика,Полный,Кроссовер,814730,10,12264
Volkswagen,Polo,2011,174678.0,Механика,Задний,Хэтчбек,281674,15,11645
Hyundai,ix35,2019,109250.0,Автомат,Передний,Кроссовер,792116,7,15607
Kia,Rio,2015,240227.0,Автомат,Передний,Хэтчбек,306045,11,21839
BMW,5 Series,2010,289614.0,Автомат,Передний,Кроссовер,257627,16,18101
Volkswagen,Polo,2022,48684.0,Механика,Передний,Седан,1230334,4,12171
Volkswagen,Golf,2016,146835.0,Механика,Полный,Кроссовер,300467,10,14684
BMW,3 Series,2012,185721.0,Автомат,Передний,Хэтчбек,262764,14,13266
Kia,Sportage,2009,128415.0,Механика,Полный,Кроссовер,312718,17,7554
BMW,5 Series,2022,48199.0,Автомат,Полный,Хэтчбек,2200943,4,12050
Kia,Ceed,2018,92236.0,Механика,Полный,Хэтчбек,606064,8,11530
BMW,5 Series,2022,59684.0,Механика,Передний,Седан,2431060,4,14921
Volkswagen,Polo,2015,151185.0,Автомат,Полный,Кроссовер,303271,11,13744
Volkswagen,Golf,2021,60965.0,Автомат,Полный,Хэтчбек,1226053,5,12193
Hyundai,Tucson,2020,83825.0,Автомат,Задний,Хэтчбек,846853,6,13971
BMW,3 Series,2012,257438.0,Автомат,Передний,Седан,335335,14,18388
Toyota,RAV4,2020,84662.0,Механика,Передний,Седан,1637968,6,14110
Kia,Ceed,2023,28202.0,Робот,Передний,Кроссовер,1430634,3,9401
Hyundai,Tucson,2013,137351.0,Автомат,Полный,Кроссовер,319381,13,10565
Volkswagen,Tiguan,2018,146107.0,Автомат,Полный,Хэтчбек,437443,8,18263
Toyota,Camry,2012,224163.0,Робот,Полный,Седан,282382,14,16012
Kia,Optima,2019,111402.0,Автомат,Задний,Хэтчбек,733296,7,15915
Hyundai,ix35,2010,108891.0,Автомат,Передний,Кроссовер,264628,16,6806
Toyota,Land Cruiser,2009,219211.0,Автомат,Передний,Кроссовер,285925,17,12895
BMW,5 Series,2017,84700.0,Автомат,Передний,Хэтчбек,1125371,9,9411
Toyota,Corolla,2022,64069.0,Механика,Передний,Хэтчбек,1944709,4,16017
Toyota,Land Cruiser,2015,114785.0,Механика,Передний,Седан,742966,11,10435
Volkswagen,Tiguan,2011,258694.0,Автомат,Передний,Кроссовер,259554,15,17246
Kia,Optima,2008,253432.0,Автомат,Передний,Кроссовер,323009,18,14080
Kia,Ceed,2019,92331.0,Механика,Передний,Седан,754157,7,13190
BMW,3 Series,2018,57723.0,Робот,Передний,Кроссовер,1651195,8,7215
Volkswagen,Polo,2013,154866.0,Механика,Передний,Седан,281251,13,11913
Toyota,Land Cruiser,2009,248254.0,Робот,Передний,Седан,271257,17,14603
Toyota,Corolla,2010,273763.0,Механика,Полный,Хэтчбек,300998,16,17110
Kia,Optima,2023,23729.0,Автомат,Полный,Кроссовер,1323662,3,7910
Hyundai,Solaris,2017,76473.0,Автомат,Задний,Хэтчбек,589930,9,8497
Toyota,Land Cruiser,2021,80268.0,Механика,Полный,Седан,2110650,5,16054
BMW,3 Series,2012,335576.0,Автомат,Передний,Седан,284791,14,23970
BMW,X5,2009,239524.0,Автомат,Задний,Хэтчбек,295884,17,14090
Kia,Ceed,2019,102673.0,Механика,Передний,Седан,650080,7,14668
Hyundai,Santa Fe,2015,112064.0,Автомат,Передний,Кроссовер,377633,11,10188
Kia,Optima,2016,97727.0,Автомат,Полный,Кроссовер,437238,10,9773
Hyundai,Solaris,2014,264397.0,Механика,Передний,Кроссовер,327787,12,22033
Kia,Rio,2009,338838.0,Автомат,Полный,Хэтчбек,294590,17,19932
BMW,X3,2018,109224.0,Механика,Передний,Кроссовер,1193817,8,13653
BMW,5 Series,2017,67103.0,Автомат,Передний,Седан,1258287,9,7456
Volkswagen,Golf,2022,89783.0,Механика,Задний,Кроссовер,1162900,4,22446
Volkswagen,Polo,2011,129236.0,Автомат,Передний,Седан,310078,15,8616
Toyota,Camry,2014,205532.0,Автомат,Полный,Кроссовер,410810,12,17128
Volkswagen,Polo,2017,151631.0,Автомат,Полный,Хэтчбек,395571,9,16848
Kia,Optima,2013,270468.0,Автомат,Полный,Седан,343893,13,20805
Hyundai,Tucson,2019,83712.0,Механика,Полный,Седан,842365,7,11959
BMW,3 Series,2018,147832.0,Автомат,Передний,Седан,1112380,8,18479
Hyundai,Tucson,2020,91732.0,Автомат,Полный,Кроссовер,997670,6,15289
Volkswagen,Passat,2017,182966.0,Робот,Полный,Седан,270078,9,20330
Toyota,Corolla,2010,422208.0,Автомат,Передний,Хэтчбек,296633,16,26388
Kia,Ceed,2014,157554.0,Механика,Передний,Хэтчбек,283645,12,13130
Volkswagen,Polo,2015,154780.0,Автомат,Полный,Кроссовер,297780,11,14071
Hyundai,Solaris,2023,57389.0,Робот,Полный,Кроссовер,1356021,3,19130
Toyota,Corolla,2014,209980.0,Автомат,Полный,Кроссовер,341315,12,17498
Toyota,Corolla,2016,255641.0,Автомат,Полный,Седан,432445,10,25564
Kia,Ceed,2011,178936.0,Механика,Передний,Хэтчбек,296060,15,11929
Toyota,RAV4,2012,290955.0,Автомат,Полный,Кроссовер,262148,14,20782
BMW,X5,2017,197245.0,Робот,Передний,Хэтчбек,792980,9,21916
BMW,X3,2022,85151.0,Механика,Полный,Кроссовер,2303922,4,21288
Hyundai,Solaris,2013,209886.0,Механика,Передний,Седан,302678,13,16145
BMW,X3,2024,44435.0,Автомат,Задний,Кроссовер,2930002,2,22218
Hyundai,ix35,2013,188369.0,Автомат,Передний,Хэтчбек,300757,13,14490
Kia,Ceed,2024,26448.0,Автомат,Полный,Хэтчбек,1880841,2,13224
Hyundai,Solaris,2012,326394.0,Автомат,Задний,Седан,312689,14,23314
Volkswagen,Tiguan,2022,68083.0,Автомат,Задний,Хэтчбек,1075952,4,17021
BMW,X5,2019,130410.0,Механика,Передний,Хэтчбек,1393520,7,18630
Toyota,Corolla,2009,278309.0,Автомат,Передний,Седан,331261,17,16371
Kia,Optima,2019,92322.0,Механика,Полный,Кроссовер,705608,7,13189
Kia,Sportage,2011,193688.0,Механика,Передний,Седан,327086,15,12913
Kia,Rio,2010,237882.0,Робот,Передний,Седан,313960,16,14868
Toyota,Corolla,2009,136204.0,Автомат,Передний,Кроссовер,301624,17,8012
Kia,Rio,2015,254428.0,Автомат,Передний,Кроссовер,344979,11,23130
Volkswagen,Tiguan,2012,149987.0,Автомат,Передний,Хэтчбек,260839,14,10713
BMW,5 Series,2011,189335.0,Автомат,Передний,Седан,262201,15,12622
Hyundai,Santa Fe,2012,145876.0,Механика,Полный,Хэтчбек,274260,14,10420
Toyota,Corolla,2023,65604.0,Автомат,Передний,Хэтчбек,2379786,3,21868
Hyundai,Solaris,2024,28515.0,Механика,Передний,Седан,1446795,2,14258
Toyota,Camry,2010,376186.0,Автомат,Передний,Кроссовер,341180,16,23512
Volkswagen,Golf,2017,108184.0,Робот,Полный,Хэтчбек,601717,9,12020
BMW,3 Series,2022,53629.0,Автомат,Задний,Седан,2304814,4,13407
Hyundai,Tucson,2009,252334.0,Механика,Передний,Хэтчбек,307924,17,14843
Toyota,Camry,2016,125881.0,Механика,Полный,Хэтчбек,792164,10,12588
BMW,3 Series,2024,19434.0,Механика,Передний,Хэтчбек,2844660,2,9717
Toyota,RAV4,2018,163692.0,Автомат,Полный,Кроссовер,1119303,8,20462
BMW,X3,2019,85879.0,Автомат,Задний,Кроссовер,1552344,7,12268
BMW,5 Series,2020,91156.0,Автомат,Передний,Кроссовер,1604390,6,15193
BMW,X3,2012,310680.0,Механика,Полный,Хэтчбек,299257,14,22191
Kia,Sportage,2016,143361.0,Механика,Передний,Седан,290870,10,14336
Kia,Ceed,2012,222328.0,Робот,Передний,Хэтчбек,279101,14,15881
Toyota,Corolla,2020,93854.0,Автомат,Полный,Седан,1892130,6,15642
BMW,5 Series,2018,121031.5,Автомат,Передний,Седан,1088829,8,15129
Toyota,Corolla,2012,250029.0,Автомат,Передний,Кроссовер,328990,14,17859
Toyota,Corolla,2014,90809.0,Автомат,Передний,Седан,822932,12,7567
Toyota,Corolla,2016,133478.0,Механика,Полный,Седан,889967,10,13348
Toyota,Corolla,2013,263708.0,Автомат,Передний,Кроссовер,302777,13,20285
Hyundai,Tucson,2014,162348.0,Робот,Полный,Кроссовер,300310,12,13529
BMW,5 Series,2009,281907.0,Автомат,Задний,Хэтчбек,344493,17,16583
Volkswagen,Tiguan,2013,237359.0,Автомат,Полный,Седан,274988,13,18258
Kia,Sportage,2020,100161.0,Автомат,Полный,Седан,788591,6,16694
Toyota,Land Cruiser,2018,160892.0,Автомат,Полный,Хэтчбек,996389,8,20112
Hyundai,ix35,2020,95037.0,Механика,Полный,Кроссовер,786187,6,15840
Toyota,Corolla,2010,203917.0,Автомат,Задний,Кроссовер,294958,16,12745
Kia,Ceed,2018,81880.0,Робот,Полный,Седан,720001,8,10235
Hyundai,Tucson,2016,136175.0,Автомат,Полный,Хэтчбек,352579,10,13618
Kia,Sportage,2019,75861.0,Автомат,Задний,Кроссовер,783057,7,10837
Hyundai,Tucson,2016,110689.0,Автомат,Полный,Хэтчбек,483320,10,11069
Kia,Ceed,2011,206546.0,Автомат,Передний,Хэтчбек,293800,15,13770
Kia,Ceed,2018,91080.0,Автомат,Передний,Хэтчбек,746240,8,11385
Hyundai,Solaris,2021,90742.0,Автомат,Полный,Хэтчбек,876162,5,18148
Toyota,Land Cruiser,2010,263021.0,Автомат,Передний,Седан,267503,16,16439
Kia,Rio,2022,39164.0,Робот,Передний,Хэтчбек,1388777,4,9791
Toyota,Corolla,2008,192357.0,Механика,Передний,Кроссовер,309506,18,10686
Hyundai,Santa Fe,2022,67722.0,Автомат,Передний,Хэтчбек,1178327,4,16930
BMW,X5,2019,52074.0,Механика,Полный,Хэтчбек,1601351,7,7439
BMW,X3,2010,292179.0,Механика,Передний,Хэтчбек,316936,16,18261
BMW,X3,2010,416852.0,Механика,Передний,Хэтчбек,273850,16,26053
Toyota,Camry,2011,168957.0,Механика,Полный,Седан,343925,15,11264
Toyota,Camry,2011,214837.0,Автомат,Полный,Седан,320023,15,14322
Hyundai,Santa Fe,2021,67138.0,Робот,Полный,Хэтчбек,1243444,5,13428
Volkswagen,Polo,2022,126366.0,Автомат,Передний,Хэтчбек,1003532,4,31592
Kia,Rio,2009,199029.0,Автомат,Передний,Хэтчбек,275902,17,11708
Volkswagen,Polo,2023,53088.0,Автомат,Передний,Седан,1233628,3,17696
Hyundai,Solaris,2010,127179.0,Механика,Полный,Хэтчбек,323329,16,7949
Hyundai,ix35,2022,63703.0,Автомат,Передний,Кроссовер,1214247,4,15926
Volkswagen,Passat,2017,146150.0,Автомат,Полный,Кроссовер,415680,9,16239
Hyundai,Santa Fe,2012,176997.0,Автомат,Полный,Седан,301464,14,12643
BMW,X3,2015,239608.0,Автомат,Полный,Кроссовер,374576,11,21783
Toyota,Land Cruiser,2013,92420.0,Автомат,Задний,Хэтчбек,696289,13,7109
Hyundai,Tucson,2008,218786.0,Механика,Полный,Кроссовер,291812,18,12155
BMW,5 Series,2021,86788.0,Механика,Передний,Седан,1967849,5,17358
BMW,5 Series,2020,108196.0,Автомат,Задний,Хэтчбек,1663715,6,18033
Volkswagen,Polo,2022,58665.0,Механика,Передний,Хэтчбек,1322419,4,14666
Toyota,Land Cruiser,2011,176868.0,Автомат,Полный,Кроссовер,275561,15,11791
Hyundai,Tucson,2015,178075.0,Автомат,Полный,Кроссовер,273711,11,16189
BMW,X3,2016,187543.0,Автомат,Передний,Хэтчбек,631330,10,18754
BMW,5 Series,2015,138182.0,Автомат,Передний,Кроссовер,690248,11,12562
Kia,Sportage,2010,254301.0,Автомат,Передний,Кроссовер,317184,16,15894
Toyota,RAV4,2011,124882.0,Автомат,Передний,Кроссовер,415144,15,8325
BMW,3 Series,2009,224730.0,Робот,Полный,Кроссовер,289238,17,13219
Toyota,Land Cruiser,2024,36068.0,Механика,Передний,Седан,2765216,2,18034
Toyota,Land Cruiser,2024,40040.0,Автомат,Передний,Седан,2675423,2,20020
Volkswagen,Golf,2016,122905.0,Автомат,Передний,Седан,357285,10,12290
Volkswagen,Polo,2018,126699.0,Робот,Полный,Кроссовер,635787,8,15837
BMW,X3,2020,35975.0,Автомат,Передний,Седан,1839330,6,5996
BMW,X5,2020,55683.0,Механика,Полный,Кроссовер,1855536,6,9280
BMW,X5,2016,174185.0,Механика,Передний,Седан,795254,10,17418
Hyundai,Tucson,2013,123255.0,Автомат,Передний,Хэтчбек,312272,13,9481
Toyota,RAV4,2016,182277.0,Автомат,Передний,Хэтчбек,662098,10,18228
BMW,3 Series,2021,73788.0,Механика,Передний,Седан,2207509,5,14758
Toyota,Land Cruiser,2012,232968.0,Автомат,Передний,Хэтчбек,265801,14,16641
Kia,Sportage,2023,32543.0,Робот,Передний,Хэтчбек,1453991,3,10848
Toyota,RAV4,2022,74859.0,Автомат,Задний,Седан,2107431,4,18715
Toyota,Camry,2018,151215.0,Автомат,Задний,Кроссовер,963388,8,18902
Kia,Sportage,2015,99608.0,Автомат,Полный,Кроссовер,384042,11,9055
Toyota,RAV4,2009,288504.0,Робот,Передний,Кроссовер,327433,17,16971
Volkswagen,Polo,2021,75692.0,Автомат,Полный,Кроссовер,1149253,5,15138
Toyota,Camry,2019,94290.0,Автомат,Передний,Седан,1682552,7,13470
Toyota,Corolla,2023,57732.0,Механика,Полный,Хэтчбек,2537413,3,19244
Hyundai,Santa Fe,2014,193674.0,Автомат,Полный,Хэтчбек,317700,12,16140
BMW,3 Series,2015,208294.0,Механика,Передний,Хэтчбек,536628,11,18936
Toyota,RAV4,2013,147537.0,Автомат,Передний,Кроссовер,456942,13,11349
Kia,Optima,2023,62323.0,Механика,Полный,Седан,1476598,3,20774
Kia,Rio,2014,216244.0,Автомат,Полный,Хэтчбек,295619,12,18020
Kia,Sportage,2012,240821.0,Автомат,Передний,Хэтчбек,305328,14,17202
Hyundai,Santa Fe,2011,192073.0,Автомат,Передний,Кроссовер,268878,15,12805
BMW,X3,2023,50357.0,Механика,Передний,Хэтчбек,2568790,3,16786
Hyundai,Solaris,2021,72899.0,Автомат,Передний,Хэтчбек,1079884,5,14580
BMW,X3,2015,97171.0,Автомат,Полный,Кроссовер,788023,11,8834
BMW,X5,2008,224264.0,Автомат,Передний,Хэтчбек,336213,18,12459
BMW,3 Series,2020,110237.0,Автомат,Передний,Хэтчбек,1705557,6,18373
Kia,Optima,2014,212383.0,Автомат,Передний,Седан,322492,12,17699
Toyota,Corolla,2024,40113.0,Автомат,Передний,Хэтчбек,2717044,2,20056
Kia,Rio,2014,177553.0,Автомат,Полный,Хэтчбек,292476,12,14796
Kia,Sportage,2021,36202.0,Механика,Полный,Хэтчбек,1193571,5,7240
Volkswagen,Passat,2013,197895.0,Механика,Передний,Седан,343395,13,15223
Kia,Rio,2024,43252.0,Автомат,Полный,Седан,1660627,2,21626
Kia,Optima,2020,95149.0,Автомат,Полный,Седан,1002089,6,15858
Volkswagen,Polo,2019,117257.0,Автомат,Передний,Кроссовер,768102,7,16751
Kia,Sportage,2023,63707.0,Автомат,Передний,Седан,1301968,3,21236
Volkswagen,Polo,2011,296758.0,Механика,Передний,Седан,260277,15,19784
Volkswagen,Polo,2013,277636.0,Робот,Передний,Седан,294616,13,21357
BMW,3 Series,2022,72577.0,Автомат,Передний,Хэтчбек,1973380,4,18144
Toyota,Land Cruiser,2017,199711.0,Робот,Полный,Хэтчбек,864331,9,22190
Volkswagen,Polo,2014,216615.0,Автомат,Полный,Хэтчбек,308071,12,18051
Toyota,RAV4,2014,205312.0,Механика,Передний,Седан,416860,12,17109
Hyundai,Santa Fe,2017,82537.0,Автомат,Полный,Седан,607506,9,9171
Toyota,Corolla,2022,66775.0,Автомат,Передний,Кроссовер,2259123,4,16694
Kia,Ceed,2024,34918.0,Автомат,Передний,Хэтчбек,1394668,2,17459
Hyundai,ix35,2023,49297.0,Автомат,Задний,Хэтчбек,1559833,3,16432
Toyota,Land Cruiser,2014,265433.0,Механика,Передний,Хэтчбек,291912,12,22119
Hyundai,ix35,2021,42422.0,Механика,Полный,Кроссовер,1189586,5,8484
Toyota,RAV4,2024,39827.0,Автомат,Передний,Кроссовер,2504108,2,19914
Hyundai,Santa Fe,2008,218521.0,Механика,Передний,Хэтчбек,295311,18,12140
Hyundai,Solaris,2009,299813.0,Автомат,Полный,Седан,297533,17,17636
BMW,3 Series,2021,80835.0,Робот,Передний,Седан,1866678,5,16167
Hyundai,Tucson,2015,206736.0,Автомат,Передний,Хэтчбек,321164,11,18794
Hyundai,ix35,2011,186411.0,Механика,Передний,Хэтчбек,315650,15,12427
Volkswagen,Tiguan,2017,147458.0,Автомат,Полный,Седан,417090,9,16384
BMW,X5,2012,218636.0,Автомат,Полный,Седан,270764,14,15617
Volkswagen,Polo,2017,133601.5,Автомат,Полный,Хэтчбек,337141,9,14845
BMW,5 Series,2013,304311.0,Автомат,Полный,Седан,300188,13,23409
BMW,5 Series,2012,137609.0,Механика,Передний,Седан,415337,14,9829
Toyota,Camry,2014,191746.0,Автомат,Полный,Кроссовер,511458,12,15979
Kia,Ceed,2011,221433.0,Механика,Передний,Хэтчбек,307538,15,14762
Toyota,Land Cruiser,2009,369638.0,Автомат,Передний,Кроссовер,312584,17,21743
Kia,Ceed,2015,213751.0,Робот,Задний,Седан,281408,11,19432
Toyota,Land Cruiser,2013,168181.0,Автомат,Задний,Хэтчбек,485694,13,12937
Kia,Sportage,2017,206926.0,Автомат,Полный,Кроссовер,320710,9,22992
Hyundai,Santa Fe,2008,199819.0,Автомат,Полный,Кроссовер,343777,18,11101
Hyundai,Tucson,2015,105792.0,Автомат,Передний,Кроссовер,430434,11,9617
BMW,X3,2017,133601.5,Механика,Передний,Седан,1011142,9,14845
BMW,X5,2012,172083.0,Автомат,Полный,Хэтчбек,315440,14,12292
Kia,Rio,2022,35733.0,Автомат,Полный,Хэтчбек,1320286,4,8933
Volkswagen,Tiguan,2017,123637.0,Механика,Задний,Хэтчбек,432849,9,13737
BMW,X5,2016,196698.0,Автомат,Передний,Кроссовер,593646,10,19670
Volkswagen,Passat,2015,78024.0,Автомат,Полный,Седан,438500,11,7093
BMW,X5,2016,67010.0,Автомат,Полный,Седан,1241199,10,6701
Kia,Sportage,2020,88238.0,Автомат,Передний,Кроссовер,855888,6,14706
Hyundai,Santa Fe,2010,226485.0,Автомат,Передний,Кроссовер,344721,16,14155
Toyota,Camry,2020,85598.0,Автомат,Передний,Хэтчбек,1728886,6,14266
Volkswagen,Tiguan,2023,53125.0,Автомат,Полный,Кроссовер,1319984,3,17708
Kia,Optima,2021,100077.0,Механика,Передний,Кроссовер,862512,5,20015
Kia,Ceed,2024,23570.0,Автомат,Полный,Седан,1523669,2,11785
Hyundai,ix35,2015,126619.0,Автомат,Полный,Седан,316555,11,11511
Volkswagen,Tiguan,2020,85938.0,Автомат,Полный,Седан,890446,6,14323
Hyundai,ix35,2018,128103.0,Автомат,Задний,Кроссовер,596136,8,16013
Kia,Ceed,2023,48039.0,Робот,Полный,Кроссовер,1377484,3,16013
Hyundai,Solaris,2014,258473.0,Механика,Полный,Кроссовер,308411,12,21539
Volkswagen,Golf,2019,41706.0,Механика,Передний,Хэтчбек,994411,7,5958
Volkswagen,Tiguan,2017,133408.0,Робот,Полный,Кроссовер,438100,9,14823
Hyundai,Santa Fe,2010,277937.0,Механика,Полный,Кроссовер,265912,16,17371
Hyundai,ix35,2023,44212.0,Автомат,Полный,Хэтчбек,1244289,3,14737
Toyota,Land Cruiser,2022,59351.0,Автомат,Передний,Хэтчбек,2265317,4,14838
Kia,Sportage,2017,107797.0,Автомат,Полный,Хэтчбек,459209,9,11977
Kia,Sportage,2013,232232.0,Автомат,Передний,Кроссовер,269726,13,17864
BMW,3 Series,2014,218314.0,Механика,Передний,Кроссовер,342719,12,18193
Kia,Optima,2019,135054.0,Автомат,Передний,Хэтчбек,662983,7,19293
BMW,3 Series,2012,183875.0,Автомат,Задний,Кроссовер,285974,14,13134
Volkswagen,Polo,2018,106914.0,Механика,Полный,Кроссовер,577848,8,13364
Volkswagen,Passat,2012,143076.0,Автомат,Полный,Седан,273467,14,10220
Kia,Rio,2022,60856.0,Механика,Полный,Седан,1297308,4,15214
Hyundai,ix35,2011,216609.0,Автомат,Полный,Хэтчбек,274326,15,14441
Kia,Optima,2012,283561.0,Механика,Передний,Хэтчбек,262990,14,20254
Volkswagen,Tiguan,2017,167582.0,Автомат,Передний,Хэтчбек,326965,9,18620
Hyundai,Santa Fe,2008,332810.0,Автомат,Полный,Хэтчбек,308233,18,18489
Toyota,Corolla,2024,36125.0,Механика,Передний,Хэтчбек,2807764,2,18062
Kia,Rio,2011,354504.0,Автомат,Передний,Кроссовер,317659,15,23634
Toyota,Camry,2010,237882.0,Механика,Полный,Седан,261892,16,14868
Hyundai,Santa Fe,2022,61919.0,Автомат,Передний,Кроссовер,1144540,4,15480
Hyundai,Santa Fe,2008,470585.0,Автомат,Передний,Хэтчбек,262946,18,26144
Toyota,RAV4,2009,321763.0,Автомат,Полный,Кроссовер,267171,17,18927
BMW,5 Series,2020,82418.0,Автомат,Задний,Кроссовер,1560912,6,13736
Volkswagen,Tiguan,2018,115438.0,Автомат,Передний,Седан,566148,8,14430
Toyota,Land Cruiser,2014,183985.0,Механика,Полный,Хэтчбек,431119,12,15332
Toyota,Corolla,2013,216950.0,Автомат,Передний,Седан,309668,13,16688
Hyundai,Tucson,2017,37212.0,Автомат,Полный,Кроссовер,721607,9,4135
Toyota,RAV4,2014,127688.0,Автомат,Задний,Кроссовер,594195,12,10641
Toyota,Corolla,2012,183276.0,Механика,Передний,Хэтчбек,343592,14,13091
Kia,Optima,2017,177223.0,Робот,Передний,Седан,256709,9,19691
Hyundai,Santa Fe,2014,196296.0,Механика,Передний,Седан,297229,12,16358
Kia,Optima,2013,114300.0,Автомат,Передний,Кроссовер,313373,13,8792
Volkswagen,Tiguan,2016,147066.0,Робот,Передний,Кроссовер,285391,10,14707
BMW,X5,2023,47902.0,Робот,Полный,Кроссовер,2378463,3,15967
Hyundai,Tucson,2011,316162.0,Автомат,Полный,Кроссовер,338562,15,21077
Hyundai,ix35,2020,107521.0,Автомат,Передний,Хэтчбек,799538,6,17920
Kia,Rio,2017,61000.0,Автомат,Передний,Кроссовер,709003,9,6778
Toyota,Land Cruiser,2024,38464.0,Механика,Полный,Кроссовер,3034433,2,19232
Volkswagen,Golf,2016,90965.0,Робот,Передний,Хэтчбек,475600,10,9096
Toyota,Camry,2018,126108.0,Робот,Передний,Кроссовер,1242155,8,15764
BMW,X3,2012,297642.0,Автомат,Передний,Седан,301400,14,21260
Hyundai,Santa Fe,2012,175624.0,Автомат,Передний,Седан,334856,14,12545
Toyota,Camry,2017,156136.0,Автомат,Передний,Седан,815047,9,17348
BMW,3 Series,2011,158428.0,Механика,Передний,Седан,317845,15,10562
BMW,5 Series,2018,73824.0,Автомат,Полный,Седан,1286117,8,9228
Hyundai,Solaris,2019,113082.0,Автомат,Полный,Хэтчбек,629871,7,16155
BMW,X3,2015,128989.0,Механика,Передний,Кроссовер,690953,11,11726
Kia,Optima,2015,206753.0,Автомат,Передний,Кроссовер,330723,11,18796
BMW,X3,2017,151146.0,Автомат,Передний,Хэтчбек,945354,9,16794
Kia,Sportage,2015,162872.0,Автомат,Полный,Кроссовер,392604,11,14807
Toyota,Land Cruiser,2020,55508.0,Механика,Задний,Седан,1708141,6,9251
BMW,3 Series,2015,108851.0,Автомат,Полный,Кроссовер,954892,11,9896
Toyota,Corolla,2010,251885.0,Автомат,Полный,Хэтчбек,310569,16,15743
Hyundai,Santa Fe,2015,179830.0,Механика,Задний,Хэтчбек,320888,11,16348
Volkswagen,Passat,2014,159217.0,Автомат,Полный,Хэтчбек,290672,12,13268
Hyundai,Santa Fe,2022,96135.0,Автомат,Передний,Кроссовер,1143365,4,24034
Volkswagen,Polo,2020,97859.0,Автомат,Полный,Седан,760060,6,16310
BMW,X5,2021,83948.0,Автомат,Полный,Хэтчбек,1973055,5,16790
Toyota,Camry,2016,144364.0,Механика,Передний,Седан,950279,10,14436
Toyota,Land Cruiser,2020,100959.0,Автомат,Задний,Хэтчбек,1561901,6,16826
Hyundai,Tucson,2012,277929.0,Робот,Полный,Кроссовер,274582,14,19852
Volkswagen,Tiguan,2010,246444.0,Автомат,Полный,Кроссовер,316221,16,15403
Volkswagen,Polo,2016,161459.0,Механика,Задний,Хэтчбек,311080,10,16146
Toyota,RAV4,2015,184540.0,Механика,Передний,Седан,647332,11,16776
BMW,X3,2022,68653.0,Механика,Полный,Кроссовер,2206050,4,17163
Hyundai,Santa Fe,2008,100599.0,Автомат,Передний,Кроссовер,281013,18,5589
BMW,X3,2023,58190.0,Механика,Передний,Кроссовер,2597049,3,19397
Kia,Rio,2008,230490.0,Автомат,Передний,Седан,285244,18,12805
BMW,X5,2012,212565.0,Автомат,Передний,Седан,261513,14,15183
Kia,Rio,2016,214858.0,Автомат,Передний,Кроссовер,322669,10,21486
Hyundai,Solaris,2015,180231.0,Автомат,Полный,Кроссовер,299768,11,16385
Volkswagen,Golf,2012,213830.0,Механика,Полный,Хэтчбек,310907,14,15274
Kia,Ceed,2019,123875.0,Автомат,Задний,Седан,613193,7,17696
Kia,Rio,2011,291673.0,Автомат,Полный,Седан,284125,15,19445
Volkswagen,Passat,2016,158476.0,Механика,Передний,Хэтчбек,277652,10,15848
BMW,X3,2012,239370.0,Автомат,Полный,Седан,326577,14,17098
Hyundai,ix35,2022,56289.0,Механика,Передний,Седан,1151124,4,14072
Hyundai,Santa Fe,2023,42450.0,Робот,Передний,Седан,1346984,3,14150
Volkswagen,Tiguan,2013,141542.0,Автомат,Передний,Седан,324386,13,10888
BMW,5 Series,2011,277253.0,Автомат,Передний,Кроссовер,329521,15,18484
BMW,3 Series,2014,234707.0,Механика,Полный,Хэтчбек,303583,12,19559
Hyundai,ix35,2019,127478.0,Автомат,Передний,Кроссовер,676261,7,18211
Volkswagen,Golf,2016,161217.0,Автомат,Передний,Кроссовер,271751,10,16122
Toyota,Corolla,2017,156006.0,Автомат,Передний,Кроссовер,896162,9,17334
Volkswagen,Golf,2023,50291.0,Автомат,Передний,Седан,1229415,3,16764
Toyota,Land Cruiser,2019,84262.0,Робот,Передний,Седан,1486809,7,12037
Toyota,Corolla,2012,143433.0,Механика,Полный,Хэтчбек,476545,14,10245
Volkswagen,Passat,2010,293773.0,Механика,Передний,Хэтчбек,285981,16,18361
Hyundai,Tucson,2021,73788.0,Автомат,Передний,Кроссовер,934154,5,14758
Toyota,Camry,2022,47111.0,Автомат,Полный,Кроссовер,2346882,4,11778
Hyundai,Santa Fe,2018,143766.0,Механика,Передний,Хэтчбек,546769,8,17971
BMW,X3,2021,87822.0,Автомат,Задний,Хэтчбек,2084382,5,17564
Volkswagen,Tiguan,2021,69245.0,Автомат,Полный,Седан,1052905,5,13849
Toyota,Land Cruiser,2010,304775.0,Механика,Полный,Седан,318446,16,19048
Kia,Optima,2014,173649.0,Механика,Задний,Хэтчбек,316947,12,14471
Hyundai,Tucson,2017,148673.0,Автомат,Полный,Хэтчбек,367117,9,16519
Kia,Sportage,2009,226423.0,Механика,Передний,Кроссовер,276687,17,13319
Kia,Optima,2015,217179.0,Робот,Задний,Хэтчбек,315225,11,19744
Volkswagen,Tiguan,2013,248990.0,Механика,Передний,Хэтчбек,310872,13,19153
Kia,Sportage,2016,215018.0,Автомат,Полный,Кроссовер,340154,10,21502
Volkswagen,Passat,2014,219239.0,Автомат,Передний,Кроссовер,334476,12,18270
Toyota,RAV4,2010,136453.0,Робот,Полный,Хэтчбек,344385,16,8528
BMW,X3,2017,179680.0,Автомат,Передний,Хэтчбек,883317,9,19964
Toyota,Camry,2018,51885.0,Робот,Задний,Седан,1429946,8,6486
Volkswagen,Polo,2008,380159.0,Механика,Передний,Седан,287941,18,21120
Kia,Optima,2016,164722.0,Автомат,Полный,Кроссовер,272939,10,16472
BMW,3 Series,2011,164379.0,Робот,Полный,Кроссовер,294085,15,10959
Hyundai,Solaris,2015,194971.0,Механика,Передний,Кроссовер,256079,11,17725
BMW,3 Series,2024,36877.0,Механика,Полный,Седан,2403421,2,18438
BMW,X3,2024,24861.0,Механика,Передний,Хэтчбек,2428342,2,12430
Kia,Optima,2013,166596.0,Робот,Полный,Хэтчбек,276402,13,12815
BMW,3 Series,2013,168020.0,Автомат,Передний,Седан,381255,13,12925
Hyundai,ix35,2018,80290.0,Механика,Передний,Хэтчбек,616792,8,10036
Kia,Rio,2010,275934.0,Автомат,Передний,Хэтчбек,301752,16,17246
Volkswagen,Golf,2021,52301.0,Автомат,Передний,Седан,1020597,5,10460
Kia,Sportage,2014,193762.0,Автомат,Передний,Кроссовер,286849,12,16147
Toyota,Corolla,2011,267933.0,Механика,Задний,Хэтчбек,284677,15,17862
Hyundai,Santa Fe,2021,63307.0,Автомат,Задний,Седан,1138788,5,12661
Hyundai,Solaris,2009,233941.0,Автомат,Полный,Седан,291690,17,13761
Kia,Rio,2019,90546.0,Механика,Полный,Кроссовер,668122,7,12935
Hyundai,Solaris,2023,40944.0,Механика,Полный,Хэтчбек,1529848,3,13648
BMW,3 Series,2020,59922.0,Механика,Передний,Хэтчбек,1578364,6,9987
BMW,5 Series,2022,55921.0,Робот,Передний,Кроссовер,2389188,4,13980
BMW,X5,2019,89940.0,Механика,Передний,Седан,1278325,7,12849
Volkswagen,Tiguan,2021,72904.0,Механика,Полный,Седан,941725,5,14581
BMW,5 Series,2011,161102.0,Автомат,Полный,Кроссовер,326128,15,10740
Toyota,Land Cruiser,2018,125778.0,Автомат,Задний,Хэтчбек,1380029,8,15722
Toyota,Corolla,2021,57742.0,Автомат,Полный,Кроссовер,1735114,5,11548
BMW,3 Series,2014,201920.0,Автомат,Передний,Седан,401663,12,16827
BMW,5 Series,2010,181561.0,Механика,Передний,Хэтчбек,303403,16,11348
BMW,X5,2017,135267.0,Автомат,Передний,Седан,949029,9,15030
Toyota,RAV4,2009,268889.0,Автомат,Задний,Седан,318554,17,15817
BMW,3 Series,2016,121062.0,Автомат,Передний,Седан,1029730,10,12106
BMW,X3,2012,30841.0,Механика,Передний,Кроссовер,813473,14,2203
Volkswagen,Tiguan,2014,149041.0,Автомат,Передний,Хэтчбек,341830,12,12420
Volkswagen,Passat,2013,264130.0,Автомат,Полный,Хэтчбек,303274,13,20318
Toyota,RAV4,2010,334376.0,Автомат,Передний,Седан,310120,16,20898
Volkswagen,Tiguan,2018,152377.0,Робот,Полный,Седан,408839,8,19047
Kia,Ceed,2020,109807.0,Автомат,Передний,Седан,882809,6,18301
BMW,3 Series,2011,209086.0,Автомат,Передний,Кроссовер,306369,15,13939
Hyundai,ix35,2020,106726.0,Автомат,Передний,Хэтчбек,846602,6,17788
BMW,X5,2010,163260.0,Автомат,Полный,Седан,325452,16,10204
Volkswagen,Golf,2008,343728.0,Автомат,Передний,Кроссовер,326902,18,19096
BMW,3 Series,2019,132224.0,Автомат,Передний,Седан,1279266,7,18889
Kia,Ceed,2022,56968.0,Робот,Полный,Седан,1377273,4,14242
Toyota,Corolla,2019,61286.0,Автомат,Полный,Седан,1761442,7,8755
Toyota,Land Cruiser,2024,20897.0,Механика,Передний,Хэтчбек,3147932,2,10448
Hyundai,ix35,2013,164652.0,Автомат,Полный,Кроссовер,288566,13,12666
Hyundai,ix35,2014,231394.0,Автомат,Передний,Хэтчбек,290299,12,19283
Volkswagen,Tiguan,2014,191297.0,Механика,Передний,Хэтчбек,332872,12,15941
Volkswagen,Golf,2014,241363.0,Автомат,Передний,Седан,327483,12,20114
Kia,Rio,2019,81592.0,Автомат,Передний,Седан,745432,7,11656
Volkswagen,Passat,2011,208108.0,Механика,Передний,Хэтчбек,331614,15,13874
Volkswagen,Polo,2010,367815.0,Автомат,Полный,Седан,304408,16,22988
Volkswagen,Golf,2013,193130.0,Механика,Передний,Седан,274825,13,14856
Kia,Optima,2024,30078.0,Автомат,Передний,Хэтчбек,1867289,2,15039
Kia,Sportage,2024,36418.0,Механика,Передний,Хэтчбек,1545182,2,18209
Kia,Ceed,2011,212184.0,Робот,Полный,Седан,309013,15,14146
Volkswagen,Polo,2012,152074.0,Автомат,Полный,Седан,328859,14,10862
Hyundai,Tucson,2014,140050.0,Автомат,Передний,Седан,331612,12,11671
Toyota,Camry,2020,117187.0,Автомат,Передний,Седан,1615009,6,19531
BMW,5 Series,2016,135715.0,Автомат,Задний,Кроссовер,948853,10,13572
Kia,Sportage,2021,73174.0,Автомат,Полный,Хэтчбек,1004475,5,14635
Hyundai,Santa Fe,2022,87435.0,Автомат,Полный,Седан,1086167,4,21859
BMW,5 Series,2008,279232.0,Автомат,Передний,Кроссовер,284027,18,15513
Volkswagen,Passat,2012,264189.0,Автомат,Полный,Кроссовер,325071,14,18871
Toyota,Camry,2019,146133.0,Механика,Задний,Хэтчбек,1333431,7,20876
Hyundai,Solaris,2011,172856.0,Автомат,Передний,Седан,300143,15,11524
Kia,Rio,2010,208921.0,Автомат,Передний,Седан,259395,16,13058
Hyundai,ix35,2020,112394.0,Автомат,Передний,Седан,894212,6,18732
Toyota,RAV4,2023,28496.0,Робот,Полный,Седан,2698898,3,9499
Volkswagen,Golf,2022,27972.0,Автомат,Передний,Хэтчбек,1393283,4,6993
Toyota,RAV4,2020,107567.0,Робот,Передний,Хэтчбек,1782572,6,17928
BMW,X5,2014,115356.0,Механика,Полный,Седан,705625,12,9613
BMW,X3,2012,212565.0,Автомат,Полный,Хэтчбек,289310,14,15183
Hyundai,Solaris,2020,86612.0,Робот,Полный,Кроссовер,981175,6,14435
BMW,X5,2023,32752.0,Робот,Передний,Хэтчбек,2413468,3,10917
BMW,X5,2011,176036.0,Автомат,Передний,Седан,322944,15,11736
Volkswagen,Golf,2022,59517.0,Автомат,Полный,Кроссовер,1354359,4,14879
Toyota,Land Cruiser,2023,44212.0,Автомат,Передний,Хэтчбек,2594146,3,14737
BMW,X5,2008,275136.0,Робот,Полный,Кроссовер,337362,18,15285
Kia,Ceed,2019,61185.0,Механика,Передний,Кроссовер,841955,7,8741
Toyota,Corolla,2011,275421.0,Механика,Полный,Кроссовер,323138,15,18361
Toyota,Camry,2017,125065.0,Механика,Полный,Седан,1005785,9,13896
Toyota,RAV4,2015,182973.0,Автомат,Передний,Хэтчбек,623739,11,16634
BMW,X3,2013,195432.0,Автомат,Полный,Кроссовер,336047,13,15033
Volkswagen,Polo,2013,152170.0,Автомат,Передний,Кроссовер,341666,13,11705
Volkswagen,Tiguan,2021,60701.0,Робот,Полный,Хэтчбек,995652,5,12140
BMW,X3,2024,31799.0,Автомат,Передний,Кроссовер,3147394,2,15900
Volkswagen,Polo,2023,45701.0,Робот,Передний,Кроссовер,1594166,3,15234
Kia,Optima,2023,51402.0,Автомат,Передний,Седан,1432267,3,17134
Volkswagen,Passat,2012,239392.0,Автомат,Передний,Хэтчбек,339866,14,17099
Toyota,Land Cruiser,2010,296350.0,Автомат,Передний,Хэтчбек,306164,16,18522
BMW,3 Series,2013,172499.0,Механика,Полный,Седан,466981,13,13269
Toyota,Camry,2018,115418.0,Автомат,Передний,Седан,1189209,8,14427
Toyota,RAV4,2020,64933.0,Автомат,Полный,Кроссовер,1803862,6,10822
Volkswagen,Polo,2022,55159.0,Автомат,Передний,Кроссовер,1119728,4,13790
Toyota,RAV4,2014,182987.0,Автомат,Полный,Кроссовер,522273,12,15249
Toyota,Corolla,2018,121031.5,Автомат,Передний,Седан,1088128,8,15129
Volkswagen,Passat,2019,114935.0,Автомат,Передний,Седан,637402,7,16419
Toyota,Corolla,2013,335601.0,Автомат,Полный,Кроссовер,338179,13,25815
Kia,Ceed,2012,287591.0,Робот,Полный,Хэтчбек,286530,14,20542
Toyota,Land Cruiser,2014,141682.0,Механика,Полный,Хэтчбек,596444,12,11807
Volkswagen,Passat,2010,345910.0,Робот,Передний,Хэтчбек,260110,16,21619
Toyota,Camry,2018,71248.0,Механика,Передний,Хэтчбек,1486825,8,8906
Kia,Rio,2018,133596.0,Механика,Передний,Кроссовер,475594,8,16700
Volkswagen,Polo,2019,91565.0,Механика,Задний,Седан,765331,7,13081
BMW,X3,2014,187849.0,Механика,Полный,Хэтчбек,498810,12,15654
BMW,X5,2017,101980.0,Автомат,Передний,Седан,1091988,9,11331
Kia,Ceed,2017,91982.0,Механика,Полный,Хэтчбек,529583,9,10220
Kia,Rio,2013,177887.0,Автомат,Полный,Хэтчбек,328608,13,13684
Hyundai,Solaris,2012,164678.0,Автомат,Передний,Хэтчбек,301561,14,11763
Hyundai,Santa Fe,2010,235531.0,Автомат,Задний,Хэтчбек,272530,16,14721
Toyota,Corolla,2015,75479.0,Автомат,Передний,Хэтчбек,1113437,11,6862
Kia,Rio,2021,74090.0,Механика,Полный,Хэтчбек,1025217,5,14818
Volkswagen,Tiguan,2017,162656.0,Автомат,Полный,Седан,373654,9,18073
Kia,Rio,2015,153094.0,Автомат,Передний,Хэтчбек,319962,11,13918
Hyundai,Tucson,2017,155015.0,Автомат,Полный,Хэтчбек,349018,9,17224
BMW,3 Series,2024,27529.0,Автомат,Полный,Кроссовер,2854545,2,13764
Hyundai,ix35,2014,162710.0,Автомат,Полный,Кроссовер,318869,12,13559
Hyundai,Tucson,2018,184930.0,Автомат,Передний,Кроссовер,353764,8,23116
Kia,Rio,2021,80005.0,Робот,Передний,Кроссовер,1202196,5,16001
Volkswagen,Golf,2023,33744.0,Механика,Полный,Хэтчбек,1395399,3,11248
Kia,Rio,2011,210979.0,Автомат,Полный,Хэтчбек,303468,15,14065
Hyundai,ix35,2016,193047.0,Автомат,Передний,Седан,290717,10,19305
Hyundai,Tucson,2024,28740.0,Механика,Полный,Кроссовер,1660996,2,14370
Hyundai,Santa Fe,2018,121031.5,Механика,Полный,Кроссовер,425865,8,15129
Toyota,Land Cruiser,2010,246946.0,Механика,Полный,Седан,285386,16,15434
Kia,Optima,2011,162996.0,Механика,Полный,Кроссовер,289693,15,10866
Hyundai,Santa Fe,2018,112500.0,Автомат,Передний,Седан,642601,8,14062
Toyota,Camry,2018,101887.0,Механика,Задний,Кроссовер,1139032,8,12736
Toyota,Land Cruiser,2010,113051.0,Автомат,Передний,Хэтчбек,385667,16,7066
Toyota,Land Cruiser,2016,168693.0,Автомат,Задний,Хэтчбек,671823,10,16869
Hyundai,ix35,2022,42563.0,Автомат,Полный,Хэтчбек,1364196,4,10641
Toyota,RAV4,2012,246508.0,Автомат,Полный,Кроссовер,285189,14,17608
Volkswagen,Passat,2014,181325.0,Автомат,Задний,Кроссовер,332506,12,15110
Kia,Sportage,2016,224265.0,Автомат,Передний,Седан,279550,10,22426
BMW,X5,2015,158148.0,Автомат,Передний,Кроссовер,676123,11,14377
Hyundai,Solaris,2024,23115.0,Автомат,Задний,Хэтчбек,1733127,2,11558
Hyundai,Solaris,2022,39899.0,Механика,Полный,Хэтчбек,1281304,4,9975
Volkswagen,Tiguan,2018,138550.0,Механика,Передний,Седан,475373,8,17319
Volkswagen,Polo,2014,217017.0,Автомат,Передний,Седан,309404,12,18085
Kia,Optima,2009,351109.0,Автомат,Передний,Седан,267266,17,20653
BMW,X3,2010,174833.0,Автомат,Передний,Седан,322475,16,10927
Hyundai,Solaris,2022,45100.0,Робот,Передний,Седан,1170932,4,11275
Volkswagen,Tiguan,2015,207785.0,Автомат,Передний,Седан,275692,11,18890
BMW,5 Series,2024,23643.0,Автомат,Полный,Седан,2892757,2,11822
BMW,X5,2023,52728.0,Автомат,Полный,Кроссовер,2454618,3,17576
Hyundai,ix35,2020,69482.0,Механика,Полный,Седан,917229,6,11580
BMW,X3,2009,146874.0,Механика,Передний,Хэтчбек,318021,17,8640
Kia,Sportage,2008,319601.0,Автомат,Полный,Хэтчбек,313983,18,17756
Toyota,RAV4,2010,254210.0,Робот,Задний,Кроссовер,332038,16,15888
Kia,Sportage,2017,99390.0,Автомат,Полный,Кроссовер,541502,9,11043
Kia,Optima,2008,267079.0,Механика,Полный,Седан,289930,18,14838
BMW,X5,2012,245311.0,Автомат,Полный,Седан,276871,14,17522
Kia,Optima,2018,125487.0,Автомат,Полный,Хэтчбек,479712,8,15686
Volkswagen,Passat,2018,106431.0,Механика,Передний,Кроссовер,696861,8,13304
Kia,Ceed,2015,150270.0,Автомат,Передний,Седан,257803,11,13661
BMW,X3,2014,223576.0,Механика,Задний,Хэтчбек,351309,12,18631
Hyundai,ix35,2015,153591.0,Механика,Передний,Хэтчбек,263987,11,13963
Kia,Sportage,2010,340096.0,Механика,Полный,Хэтчбек,264566,16,21256
Volkswagen,Passat,2018,157469.0,Автомат,Передний,Седан,437394,8,19684
Toyota,Corolla,2011,271595.0,Автомат,Полный,Хэтчбек,329640,15,18106
Kia,Sportage,2012,185506.0,Механика,Полный,Хэтчбек,272639,14,13250
BMW,X5,2021,59555.0,Автомат,Полный,Седан,2259352,5,11911
Hyundai,ix35,2017,178269.0,Автомат,Полный,Хэтчбек,278207,9,19808
Toyota,Land Cruiser,2014,193231.0,Механика,Передний,Седан,405325,12,16103
Toyota,RAV4,2022,83368.0,Робот,Задний,Седан,1795674,4,20842
Hyundai,Tucson,2024,39295.0,Автомат,Полный,Кроссовер,1694733,2,19648
Kia,Optima,2015,197646.0,Механика,Передний,Хэтчбек,307441,11,17968
Volkswagen,Golf,2022,51659.0,Автомат,Полный,Седан,1421835,4,12915
Toyota,Land Cruiser,2011,255885.0,Автомат,Задний,Хэтчбек,314553,15,17059
BMW,3 Series,2012,227989.0,Механика,Задний,Седан,313074,14,16285
BMW,X3,2009,178659.0,Робот,Передний,Хэтчбек,342040,17,10509
BMW,X3,2016,213079.0,Автомат,Передний,Кроссовер,595137,10,21308
BMW,X5,2017,168028.0,Механика,Полный,Кроссовер,878736,9,18670
Hyundai,Solaris,2011,149148.0,Автомат,Передний,Седан,259634,15,9943
Hyundai,Santa Fe,2014,103001.0,Автомат,Полный,Кроссовер,365585,12,8583
Kia,Rio,2019,94539.0,Автомат,Передний,Хэтчбек,776654,7,13506
Toyota,Land Cruiser,2022,73312.0,Механика,Передний,Седан,2137829,4,18328
Hyundai,ix35,2016,213352.0,Робот,Передний,Седан,271839,10,21335
BMW,3 Series,2011,265907.0,Робот,Передний,Хэтчбек,303853,15,17727
Kia,Sportage,2018,179202.0,Механика,Задний,Седан,318877,8,22400
Kia,Ceed,2013,193879.0,Механика,Передний,Кроссовер,305942,13,14914
Kia,Rio,2024,27434.0,Автомат,Передний,Хэтчбек,1895324,2,13717
Kia,Sportage,2011,249015.0,Автомат,Полный,Кроссовер,323490,15,16601
BMW,3 Series,2011,284560.0,Автомат,Полный,Седан,310754,15,18971
Toyota,Camry,2014,203169.0,Автомат,Передний,Кроссовер,459641,12,16931
Toyota,RAV4,2010,232677.0,Механика,Передний,Кроссовер,331444,16,14542
Toyota,Camry,2020,135573.0,Механика,Передний,Седан,1357533,6,22596
Kia,Sportage,2008,166454.0,Механика,Передний,Седан,283492,18,9247
BMW,3 Series,2009,294088.0,Робот,Передний,Седан,304531,17,17299
Volkswagen,Tiguan,2024,33922.0,Автомат,Полный,Хэтчбек,1495328,2,16961
BMW,3 Series,2017,129591.0,Механика,Передний,Кроссовер,1071724,9,14399
Toyota,Camry,2015,153806.0,Автомат,Передний,Хэтчбек,603203,11,13982
Toyota,Camry,2024,42260.0,Механика,Передний,Хэтчбек,2582021,2,21130
Toyota,Camry,2017,86073.0,Механика,Передний,Кроссовер,1059253,9,9564
BMW,X5,2014,178266.0,Автомат,Передний,Седан,538091,12,14856
BMW,X5,2024,23626.0,Механика,Передний,Кроссовер,2810296,2,11813
Kia,Sportage,2022,51763.0,Механика,Передний,Седан,1308671,4,12941
Kia,Sportage,2020,85300.0,Автомат,Полный,Седан,996750,6,14217
Kia,Sportage,2021,108249.0,Механика,Передний,Кроссовер,926091,5,21650
BMW,5 Series,2023,58611.0,Механика,Полный,Кроссовер,2503968,3,19537
Kia,Optima,2014,222252.0,Автомат,Полный,Седан,334471,12,18521
Volkswagen,Polo,2016,146817.0,Автомат,Полный,Кроссовер,328344,10,14682
Kia,Optima,2019,119831.0,Автомат,Передний,Хэтчбек,593368,7,17119
Toyota,Corolla,2018,73926.0,Механика,Полный,Кроссовер,1529491,8,9241
Volkswagen,Tiguan,2016,190114.0,Автомат,Полный,Хэтчбек,272138,10,19011
Hyundai,Solaris,2019,89477.0,Механика,Передний,Кроссовер,757956,7,12782
Hyundai,Solaris,2009,225807.0,Автомат,Передний,Хэтчбек,285259,17,13283
Hyundai,Solaris,2023,60230.0,Механика,Полный,Кроссовер,1279191,3,20077
Hyundai,ix35,2008,228656.0,Механика,Передний,Хэтчбек,316332,18,12703
Volkswagen,Tiguan,2019,93990.0,Автомат,Передний,Кроссовер,861789,7,13427
Toyota,Land Cruiser,2023,57672.0,Механика,Полный,Седан,2077412,3,19224
Hyundai,ix35,2010,180954.0,Механика,Полный,Седан,270922,16,11310
BMW,3 Series,2023,38306.0,Механика,Передний,Кроссовер,2746290,3,12769
BMW,X5,2012,146441.0,Автомат,Полный,Седан,361549,14,10460
Hyundai,Tucson,2009,240100.0,Механика,Полный,Седан,307333,17,14124
Toyota,Camry,2012,213817.0,Механика,Передний,Кроссовер,311084,14,15273
Volkswagen,Polo,2010,101480.0,Автомат,Полный,Хэтчбек,282517,16,6342
BMW,X5,2016,167367.0,Механика,Передний,Седан,876064,10,16737
Volkswagen,Polo,2012,202505.0,Механика,Задний,Кроссовер,318276,14,14465
Hyundai,Tucson,2015,79152.0,Механика,Передний,Седан,504984,11,7196
Toyota,Land Cruiser,2008,384703.0,Автомат,Передний,Седан,274443,18,21372
Toyota,Camry,2018,86780.0,Автомат,Передний,Кроссовер,1412035,8,10848
Hyundai,Solaris,2020,60997.0,Автомат,Передний,Хэтчбек,855242,6,10166
Volkswagen,Golf,2014,125882.0,Механика,Передний,Кроссовер,326659,12,10490
Volkswagen,Golf,2008,242785.0,Автомат,Передний,Седан,299149,18,13488
Volkswagen,Passat,2010,228170.0,Механика,Полный,Седан,256791,16,14261
Volkswagen,Polo,2024,25685.0,Механика,Передний,Седан,1852134,2,12842
Toyota,Land Cruiser,2017,87558.0,Автомат,Полный,Хэтчбек,1098649,9,9729
BMW,3 Series,2016,180320.0,Механика,Передний,Хэтчбек,786637,10,18032
Volkswagen,Passat,2013,243786.0,Автомат,Передний,Хэтчбек,274656,13,18753
Kia,Rio,2017,120889.0,Автомат,Полный,Хэтчбек,550172,9,13432
Toyota,Camry,2010,222704.0,Автомат,Полный,Седан,336825,16,13919
Hyundai,Santa Fe,2023,31378.0,Автомат,Полный,Седан,1363913,3,10459
BMW,X5,2018,110053.0,Механика,Задний,Кроссовер,1307212,8,13757
Hyundai,ix35,2020,115857.0,Автомат,Передний,Седан,823463,6,19310
Volkswagen,Polo,2017,178751.0,Автомат,Полный,Кроссовер,268918,9,19861
Toyota,Camry,2014,181325.0,Механика,Передний,Кроссовер,418665,12,15110
Toyota,RAV4,2024,37978.0,Механика,Полный,Хэтчбек,2917089,2,18989
Kia,Optima,2022,42643.0,Механика,Задний,Хэтчбек,1127023,4,10661
Kia,Optima,2013,147903.0,Робот,Передний,Седан,273310,13,11377
BMW,3 Series,2009,277051.0,Автомат,Передний,Кроссовер,255527,17,16297
Volkswagen,Polo,2023,46565.0,Механика,Передний,Хэтчбек,1362391,3,15522
BMW,X3,2010,299538.0,Автомат,Передний,Хэтчбек,273118,16,18721
Toyota,RAV4,2010,232727.0,Автомат,Полный,Кроссовер,283947,16,14545
Kia,Ceed,2010,181287.0,Автомат,Полный,Кроссовер,308160,16,11330
BMW,5 Series,2012,166782.0,Автомат,Передний,Седан,381563,14,11913
Volkswagen,Polo,2019,68869.0,Автомат,Задний,Седан,845113,7,9838
BMW,5 Series,2016,198154.0,Автомат,Передний,Хэтчбек,671563,10,19815
Hyundai,ix35,2019,83691.0,Робот,Передний,Хэтчбек,911432,7,11956
Volkswagen,Passat,2023,47228.0,Автомат,Передний,Седан,1235059,3,15743
Toyota,RAV4,2008,372394.0,Автомат,Полный,Кроссовер,276286,18,20689
Volkswagen,Passat,2016,134571.0,Автомат,Передний,Кроссовер,340059,10,13457
Toyota,RAV4,2008,261606.0,Автомат,Передний,Кроссовер,264820,18,14534
Volkswagen,Tiguan,2014,181325.0,Автомат,Передний,Хэтчбек,330955,12,15110
Kia,Ceed,2009,229213.0,Автомат,Передний,Хэтчбек,262250,17,13483
Toyota,RAV4,2008,257915.0,Механика,Полный,Кроссовер,340158,18,14329
Kia,Rio,2013,200384.0,Механика,Задний,Хэтчбек,260886,13,15414
Toyota,RAV4,2019,82393.0,Механика,Полный,Кроссовер,1742367,7,11770
Kia,Rio,2022,66899.0,Автомат,Задний,Хэтчбек,1113930,4,16725
BMW,X3,2022,62137.0,Механика,Полный,Седан,2399913,4,15534
Hyundai,Santa Fe,2011,149534.0,Механика,Передний,Хэтчбек,343399,15,9969
BMW,5 Series,2010,310164.0,Робот,Передний,Хэтчбек,269109,16,19385
Toyota,Camry,2020,119246.0,Робот,Полный,Кроссовер,1402478,6,19874
Volkswagen,Polo,2020,130888.0,Механика,Полный,Кроссовер,718530,6,21815
Volkswagen,Polo,2019,139974.0,Робот,Передний,Седан,614261,7,19996
Toyota,Camry,2009,284243.0,Механика,Передний,Кроссовер,322376,17,16720
Hyundai,ix35,2018,87013.0,Автомат,Передний,Кроссовер,761336,8,10877
Kia,Rio,2013,177385.0,Механика,Полный,Седан,335543,13,13645
BMW,X3,2013,213980.0,Механика,Передний,Хэтчбек,330873,13,16460
Hyundai,Tucson,2015,175610.0,Автомат,Передний,Седан,312860,11,15965
Volkswagen,Golf,2014,105691.0,Автомат,Полный,Кроссовер,285619,12,8808
Volkswagen,Polo,2009,253761.5,Автомат,Задний,Кроссовер,322448,17,14927
Volkswagen,Golf,2012,355020.0,Автомат,Передний,Кроссовер,305284,14,25359
BMW,X5,2015,210799.0,Автомат,Полный,Седан,539840,11,19164
Hyundai,Solaris,2008,105536.0,Робот,Передний,Седан,308436,18,5863
Hyundai,Santa Fe,2010,263572.0,Автомат,Передний,Седан,312103,16,16473
Volkswagen,Golf,2010,302999.0,Автомат,Полный,Седан,256586,16,18937
Kia,Rio,2017,87138.0,Автомат,Задний,Кроссовер,622708,9,9682
Hyundai,Santa Fe,2024,36839.0,Автомат,Передний,Кроссовер,1848368,2,18420
Volkswagen,Polo,2024,28451.0,Механика,Передний,Кроссовер,1666466,2,14226
Hyundai,Solaris,2022,55520.0,Механика,Полный,Хэтчбек,1139760,4,13880
Kia,Optima,2018,101566.0,Автомат,Полный,Хэтчбек,675757,8,12696
Kia,Ceed,2012,137556.0,Механика,Полный,Кроссовер,274578,14,9825
Toyota,RAV4,2015,149093.0,Механика,Полный,Седан,749448,11,13554
Toyota,Corolla,2024,30172.0,Автомат,Передний,Седан,2784739,2,15086
BMW,3 Series,2014,193561.0,Робот,Задний,Хэтчбек,389155,12,16130
Volkswagen,Polo,2010,331656.0,Автомат,Передний,Хэтчбек,288988,16,20728
Toyota,Land Cruiser,2020,124856.0,Автомат,Передний,Кроссовер,1441046,6,20809
Kia,Sportage,2012,289717.0,Робот,Задний,Седан,298951,14,20694
Volkswagen,Tiguan,2016,169586.0,Механика,Задний,Хэтчбек,292191,10,16959
BMW,X5,2020,73360.0,Механика,Полный,Седан,1742804,6,12227
Toyota,Corolla,2008,108418.0,Робот,Полный,Хэтчбек,305246,18,6023
Volkswagen,Tiguan,2020,108104.0,Автомат,Полный,Седан,811347,6,18017
Kia,Ceed,2011,180642.0,Автомат,Полный,Хэтчбек,315391,15,12043
BMW,X5,2009,263971.0,Механика,Передний,Седан,302109,17,15528
Volkswagen,Golf,2020,49229.0,Механика,Задний,Кроссовер,1182215,6,8205
Hyundai,Solaris,2024,24283.0,Автомат,Задний,Кроссовер,1892387,2,12142
Hyundai,Santa Fe,2011,231911.0,Механика,Полный,Седан,302195,15,15461
BMW,3 Series,2022,50908.0,Механика,Полный,Хэтчбек,1937933,4,12727
Toyota,RAV4,2019,79136.0,Автомат,Передний,Хэтчбек,1410974,7,11305
Hyundai,Tucson,2010,247409.0,Механика,Передний,Хэтчбек,317466,16,15463
Kia,Optima,2012,160517.0,Механика,Полный,Хэтчбек,293111,14,11466
Volkswagen,Passat,2022,74639.0,Механика,Передний,Хэтчбек,1058304,4,18660
Hyundai,ix35,2008,176088.0,Автомат,Полный,Хэтчбек,326588,18,9783
Hyundai,ix35,2022,73068.0,Автомат,Передний,Седан,1038360,4,18267
Toyota,Land Cruiser,2017,140891.0,Автомат,Полный,Кроссовер,984988,9,15655
Volkswagen,Polo,2018,174467.0,Автомат,Передний,Седан,388569,8,21808
Kia,Ceed,2014,172742.0,Автомат,Передний,Хэтчбек,316315,12,14395
Kia,Optima,2019,94669.0,Механика,Передний,Кроссовер,745095,7,13524
Hyundai,Tucson,2017,116405.0,Автомат,Полный,Седан,564642,9,12934
Volkswagen,Passat,2009,132316.0,Автомат,Передний,Кроссовер,286108,17,7783
Kia,Rio,2016,101571.0,Автомат,Полный,Кроссовер,405388,10,10157
Kia,Ceed,2022,73086.0,Автомат,Передний,Седан,1066008,4,18272
Hyundai,Tucson,2016,172966.0,Автомат,Полный,Хэтчбек,314640,10,17297
Kia,Rio,2020,89542.0,Механика,Задний,Хэтчбек,976139,6,14924
Kia,Sportage,2021,55607.0,Автомат,Задний,Седан,1160600,5,11121
BMW,5 Series,2019,77455.0,Робот,Полный,Седан,1493169,7,11065
Volkswagen,Tiguan,2024,34691.0,Автомат,Полный,Хэтчбек,1399376,2,17346
Toyota,RAV4,2010,168864.0,Автомат,Полный,Кроссовер,284380,16,10554
Kia,Rio,2009,188939.0,Автомат,Полный,Хэтчбек,258715,17,11114
Hyundai,Tucson,2022,52865.0,Механика,Полный,Хэтчбек,1270361,4,13216
BMW,X5,2014,162338.0,Автомат,Передний,Седан,532056,12,13528
BMW,5 Series,2008,431221.0,Автомат,Передний,Кроссовер,309336,18,23957
Kia,Rio,2019,101248.0,Механика,Задний,Седан,646366,7,14464
Volkswagen,Tiguan,2014,139650.0,Робот,Полный,Кроссовер,306862,12,11638
Toyota,Camry,2013,216181.0,Механика,Полный,Хэтчбек,337702,13,16629
Hyundai,ix35,2010,245741.0,Механика,Передний,Седан,297072,16,15359
Volkswagen,Tiguan,2014,148312.0,Механика,Полный,Хэтчбек,329989,12,12359
Kia,Sportage,2010,214471.0,Автомат,Передний,Седан,283948,16,13404
Kia,Rio,2012,175012.0,Автомат,Передний,Кроссовер,277268,14,12501
Hyundai,ix35,2020,100042.0,Механика,Полный,Седан,770755,6,16674
Volkswagen,Passat,2008,308820.0,Автомат,Полный,Хэтчбек,263058,18,17157
Hyundai,Tucson,2024,30172.0,Автомат,Задний,Хэтчбек,1507640,2,15086
Toyota,Corolla,2013,177797.0,Механика,Передний,Седан,363207,13,13677
Kia,Optima,2022,67198.0,Автомат,Передний,Хэтчбек,1373495,4,16800
Volkswagen,Polo,2012,163549.0,Автомат,Передний,Хэтчбек,326508,14,11682
BMW,3 Series,2009,189230.0,Механика,Передний,Кроссовер,338639,17,11131
BMW,3 Series,2014,188206.0,Автомат,Передний,Седан,471925,12,15684
Toyota,Camry,2019,122497.0,Робот,Полный,Хэтчбек,1545573,7,17500
Hyundai,ix35,2018,79833.0,Автомат,Передний,Кроссовер,764866,8,9979
Kia,Rio,2018,149551.0,Автомат,Полный,Седан,495058,8,18694
Toyota,RAV4,2010,193885.0,Механика,Передний,Хэтчбек,264581,16,12118
BMW,X5,2019,106939.5,Механика,Полный,Хэтчбек,1291710,7,15277
Kia,Rio,2013,96356.0,Автомат,Передний,Хэтчбек,326429,13,7412
Kia,Sportage,2014,92472.0,Робот,Передний,Хэтчбек,327678,12,7706
BMW,3 Series,2015,109981.0,Автомат,Полный,Седан,742372,11,9998
Hyundai,ix35,2016,164770.0,Механика,Передний,Седан,341571,10,16477
Volkswagen,Polo,2013,133349.0,Автомат,Передний,Хэтчбек,266174,13,10258
Kia,Sportage,2022,79430.0,Робот,Полный,Хэтчбек,1152740,4,19858
Kia,Optima,2010,179813.0,Механика,Задний,Кроссовер,297402,16,11238
Hyundai,ix35,2011,404419.0,Автомат,Передний,Седан,322773,15,26961
BMW,5 Series,2019,74925.0,Механика,Задний,Седан,1753009,7,10704
Toyota,Land Cruiser,2024,18795.0,Механика,Передний,Седан,2751211,2,9398
BMW,3 Series,2016,209922.0,Механика,Передний,Седан,642433,10,20992
Kia,Optima,2012,244351.0,Автомат,Передний,Хэтчбек,322129,14,17454
Kia,Sportage,2014,153045.0,Автомат,Передний,Седан,340261,12,12754
Toyota,Corolla,2013,269590.0,Механика,Задний,Хэтчбек,310245,13,20738
Volkswagen,Polo,2019,106939.5,Автомат,Полный,Хэтчбек,963328,7,15277
Toyota,RAV4,2019,83215.0,Автомат,Задний,Седан,1698375,7,11888
Hyundai,Tucson,2016,104427.0,Автомат,Полный,Седан,443613,10,10443
Hyundai,Tucson,2014,257507.0,Механика,Передний,Хэтчбек,302995,12,21459
Volkswagen,Golf,2010,196418.0,Механика,Передний,Седан,307221,16,12276
Hyundai,Tucson,2017,177491.0,Автомат,Полный,Хэтчбек,266038,9,19721
Volkswagen,Tiguan,2022,65989.0,Механика,Полный,Седан,1162473,4,16497
Toyota,Corolla,2011,321886.0,Автомат,Передний,Хэтчбек,284554,15,21459
Kia,Sportage,2011,224642.0,Автомат,Полный,Хэтчбек,331470,15,14976
BMW,X3,2024,36409.0,Автомат,Передний,Седан,2528659,2,18204
Kia,Rio,2008,279481.0,Автомат,Полный,Седан,256975,18,15527
Toyota,Camry,2014,22288.0,Механика,Передний,Хэтчбек,1030639,12,1857
Kia,Ceed,2018,85970.0,Механика,Передний,Хэтчбек,785068,8,10746
BMW,3 Series,2016,89741.0,Робот,Полный,Седан,917829,10,8974
BMW,5 Series,2012,172555.0,Автомат,Передний,Седан,348776,14,12325
Volkswagen,Passat,2022,69056.0,Механика,Передний,Кроссовер,1182111,4,17264
Volkswagen,Golf,2024,23679.0,Автомат,Передний,Кроссовер,1615951,2,11840
Hyundai,Tucson,2023,41111.0,Автомат,Задний,Хэтчбек,1495741,3,13704
Toyota,Camry,2012,216050.0,Автомат,Полный,Кроссовер,320557,14,15432
Toyota,RAV4,2022,65052.0,Автомат,Полный,Хэтчбек,2369763,4,16263
Toyota,Corolla,2017,141289.0,Механика,Передний,Седан,1038374,9,15699
Hyundai,ix35,2020,65975.0,Автомат,Передний,Седан,1118065,6,10996
Volkswagen,Passat,2017,107327.0,Автомат,Полный,Седан,483700,9,11925
Kia,Rio,2014,166582.0,Автомат,Полный,Хэтчбек,344375,12,13882
Kia,Optima,2016,135921.0,Автомат,Задний,Хэтчбек,353816,10,13592
Kia,Rio,2023,66574.0,Механика,Передний,Кроссовер,1391497,3,22191
BMW,X5,2020,131112.0,Автомат,Передний,Седан,1508879,6,21852
Hyundai,ix35,2011,222477.0,Автомат,Передний,Хэтчбек,292305,15,14832
Toyota,Land Cruiser,2019,104517.0,Автомат,Передний,Седан,1368942,7,14931
Hyundai,ix35,2021,57370.0,Механика,Передний,Седан,1221826,5,11474
Toyota,Corolla,2017,157072.0,Автомат,Полный,Кроссовер,911080,9,17452
BMW,X5,2013,243272.0,Автомат,Задний,Седан,311695,13,18713
Toyota,Land Cruiser,2015,172720.0,Робот,Передний,Седан,653263,11,15702
BMW,3 Series,2021,64051.0,Автомат,Передний,Кроссовер,1851321,5,12810
Kia,Rio,2017,62964.0,Автомат,Передний,Кроссовер,786412,9,6996
Hyundai,Solaris,2012,242601.0,Автомат,Передний,Кроссовер,263498,14,17329
Volkswagen,Tiguan,2022,68598.0,Автомат,Полный,Седан,1048888,4,17150
Kia,Optima,2009,118247.0,Автомат,Передний,Кроссовер,329057,17,6956
Toyota,Camry,2015,208539.0,Автомат,Полный,Кроссовер,518372,11,18958
BMW,5 Series,2009,352589.0,Механика,Полный,Кроссовер,327818,17,20741
Kia,Rio,2018,148516.0,Механика,Передний,Хэтчбек,465593,8,18564
Kia,Ceed,2023,32525.0,Робот,Передний,Хэтчбек,1455450,3,10842
Volkswagen,Golf,2011,181533.0,Робот,Полный,Седан,296714,15,12102
Volkswagen,Passat,2017,124367.0,Автомат,Полный,Кроссовер,474252,9,13819
Kia,Rio,2009,204629.0,Автомат,Полный,Хэтчбек,317531,17,12037
BMW,3 Series,2016,152397.0,Автомат,Задний,Кроссовер,889163,10,15240
Hyundai,Santa Fe,2012,195412.0,Автомат,Полный,Хэтчбек,313862,14,13958
BMW,X5,2011,197992.0,Автомат,Передний,Седан,340798,15,13199
BMW,X5,2019,119204.0,Механика,Полный,Седан,1185202,7,17029
Kia,Ceed,2013,93454.0,Автомат,Передний,Хэтчбек,275014,13,7189
Hyundai,Solaris,2017,100829.0,Автомат,Полный,Хэтчбек,568887,9,11203
BMW,5 Series,2021,59569.0,Робот,Полный,Седан,2108111,5,11914
Volkswagen,Tiguan,2014,82667.0,Автомат,Передний,Седан,394422,12,6889
BMW,X5,2008,225541.0,Автомат,Передний,Кроссовер,339277,18,12530
BMW,X3,2023,42903.0,Автомат,Передний,Хэтчбек,2321451,3,14301
BMW,5 Series,2009,342423.0,Автомат,Передний,Кроссовер,281206,17,20143
Kia,Optima,2015,224955.0,Механика,Передний,Кроссовер,327138,11,20450
Hyundai,Santa Fe,2020,89672.0,Автомат,Полный,Седан,873064,6,14945
Kia,Ceed,2017,114611.0,Автомат,Полный,Седан,508469,9,12735
Volkswagen,Passat,2024,33298.0,Механика,Полный,Хэтчбек,1585833,2,16649
BMW,X3,2023,49519.0,Автомат,Полный,Кроссовер,2373268,3,16506
Volkswagen,Golf,2017,128030.0,Механика,Передний,Кроссовер,519816,9,14226
Hyundai,Santa Fe,2020,56741.0,Автомат,Передний,Седан,857987,6,9457
Hyundai,Santa Fe,2024,33377.0,Механика,Передний,Кроссовер,1756291,2,16688
Hyundai,Tucson,2008,265237.0,Автомат,Передний,Седан,313309,18,14735
BMW,3 Series,2017,152978.0,Автомат,Передний,Кроссовер,1049416,9,16998
Volkswagen,Polo,2015,152583.0,Робот,Передний,Кроссовер,260619,11,13871
Volkswagen,Golf,2012,235680.0,Автомат,Передний,Кроссовер,265203,14,16834
BMW,3 Series,2020,56262.0,Механика,Полный,Хэтчбек,1788228,6,9377
Volkswagen,Polo,2021,53363.0,Автомат,Передний,Хэтчбек,1106075,5,10673
Toyota,Land Cruiser,2016,133238.0,Робот,Полный,Седан,908041,10,13324
Hyundai,Solaris,2008,124352.0,Механика,Передний,Кроссовер,299126,18,6908
BMW,X5,2019,113860.0,Автомат,Передний,Кроссовер,1409221,7,16266
Toyota,RAV4,2014,143140.0,Автомат,Полный,Хэтчбек,643987,12,11928
BMW,3 Series,2021,109875.0,Автомат,Передний,Хэтчбек,1625238,5,21975
Kia,Optima,2017,166895.0,Автомат,Полный,Кроссовер,279639,9,18544
Volkswagen,Tiguan,2023,20551.0,Механика,Полный,Хэтчбек,1750468,3,6850
BMW,3 Series,2008,229181.0,Автомат,Полный,Хэтчбек,311040,18,12732
BMW,3 Series,2015,193045.0,Механика,Передний,Хэтчбек,543074,11,17550
Volkswagen,Polo,2010,376550.0,Автомат,Полный,Седан,330464,16,23534
Hyundai,Santa Fe,2020,78280.0,Автомат,Полный,Кроссовер,988596,6,13047
Kia,Rio,2011,170398.0,Автомат,Передний,Хэтчбек,286660,15,11360
Hyundai,Santa Fe,2013,215538.0,Механика,Полный,Седан,303857,13,16580
BMW,X3,2022,68452.0,Автомат,Передний,Хэтчбек,2310181,4,17113
Kia,Optima,2019,96666.0,Механика,Полный,Седан,850864,7,13809
Toyota,Land Cruiser,2022,85077.0,Механика,Полный,Седан,2028417,4,21269
Volkswagen,Polo,2008,249501.0,Механика,Полный,Кроссовер,329576,18,13861
BMW,X3,2021,94005.0,Механика,Передний,Седан,1814728,5,18801
Kia,Optima,2022,65152.0,Автомат,Передний,Кроссовер,1262383,4,16288
Volkswagen,Polo,2014,151452.0,Автомат,Задний,Кроссовер,329330,12,12621
Toyota,RAV4,2017,147522.0,Автомат,Полный,Хэтчбек,1084386,9,16391
Hyundai,Santa Fe,2023,58502.0,Автомат,Полный,Седан,1221969,3,19501
Volkswagen,Golf,2023,39222.0,Механика,Передний,Кроссовер,1536733,3,13074
BMW,5 Series,2021,98950.0,Робот,Передний,Седан,1806519,5,19790
Hyundai,ix35,2011,164542.0,Автомат,Полный,Хэтчбек,260404,15,10969
Kia,Ceed,2009,301898.0,Робот,Полный,Хэтчбек,330040,17,17759
Toyota,Land Cruiser,2018,122719.0,Механика,Полный,Кроссовер,1237523,8,15340
Kia,Rio,2016,81287.0,Механика,Передний,Кроссовер,505018,10,8129
Hyundai,ix35,2009,216232.0,Автомат,Передний,Хэтчбек,256295,17,12720
Toyota,Land Cruiser,2018,125161.0,Автомат,Полный,Хэтчбек,1230640,8,15645
Volkswagen,Polo,2011,178955.0,Механика,Передний,Хэтчбек,294212,15,11930
BMW,X5,2024,15630.0,Робот,Передний,Хэтчбек,2684361,2,7815
Volkswagen,Tiguan,2016,171212.0,Автомат,Передний,Кроссовер,306976,10,17121
Hyundai,Tucson,2017,128356.0,Механика,Передний,Хэтчбек,433959,9,14262
Kia,Rio,2010,296091.0,Робот,Передний,Хэтчбек,295225,16,18506
BMW,3 Series,2022,66001.0,Автомат,Полный,Седан,2334178,4,16500
Volkswagen,Polo,2024,38797.0,Автомат,Передний,Кроссовер,1669708,2,19398
Hyundai,Solaris,2024,38182.0,Механика,Полный,Кроссовер,1452211,2,19091
Hyundai,ix35,2011,305547.0,Автомат,Передний,Кроссовер,325378,15,20370
Hyundai,Solaris,2024,39925.0,Механика,Задний,Кроссовер,1415803,2,19962
BMW,5 Series,2020,41510.0,Робот,Задний,Кроссовер,1720626,6,6918
Kia,Sportage,2018,115523.0,Автомат,Передний,Хэтчбек,531336,8,14440
Kia,Ceed,2008,285671.0,Автомат,Передний,Кроссовер,288190,18,15871
Hyundai,Solaris,2015,141602.0,Автомат,Полный,Седан,280375,11,12873
Toyota,Corolla,2019,150731.0,Механика,Передний,Хэтчбек,1239520,7,21533
Volkswagen,Passat,2017,136830.0,Автомат,Полный,Кроссовер,373659,9,15203
Hyundai,Tucson,2008,316230.0,Автомат,Передний,Хэтчбек,342927,18,17568
Volkswagen,Passat,2011,171375.0,Автомат,Полный,Хэтчбек,340028,15,11425
Kia,Rio,2014,124384.0,Автомат,Полный,Кроссовер,266657,12,10365
Kia,Ceed,2022,63446.0,Автомат,Передний,Седан,1348845,4,15862
Hyundai,Santa Fe,2023,56234.0,Робот,Передний,Хэтчбек,1256095,3,18745
Kia,Ceed,2014,215159.0,Автомат,Полный,Седан,257265,12,17930
BMW,X3,2012,282927.0,Механика,Передний,Хэтчбек,291096,14,20209
Hyundai,ix35,2024,30172.0,Автомат,Задний,Хэтчбек,1612357,2,15086
Hyundai,Santa Fe,2014,159514.0,Автомат,Передний,Кроссовер,331770,12,13293
Kia,Optima,2018,125074.0,Автомат,Полный,Седан,611870,8,15634
Hyundai,Tucson,2024,25116.0,Автомат,Передний,Седан,1628372,2,12558
Kia,Sportage,2008,233060.0,Механика,Полный,Кроссовер,298623,18,12948
BMW,5 Series,2013,225312.0,Автомат,Передний,Хэтчбек,271684,13,17332
Toyota,Camry,2015,84881.0,Автомат,Полный,Кроссовер,991591,11,7716
Kia,Sportage,2011,258551.0,Автомат,Передний,Седан,326106,15,17237
Volkswagen,Golf,2008,311755.0,Автомат,Полный,Хэтчбек,313998,18,17320
BMW,X5,2009,342824.0,Механика,Передний,Седан,311959,17,20166
Hyundai,Tucson,2015,200873.0,Автомат,Передний,Кроссовер,276147,11,18261
Volkswagen,Golf,2023,47479.0,Автомат,Передний,Хэтчбек,1228196,3,15826
Toyota,RAV4,2011,297248.0,Автомат,Полный,Хэтчбек,277545,15,19817
Volkswagen,Tiguan,2010,240752.0,Автомат,Передний,Хэтчбек,259710,16,15047
Toyota,RAV4,2018,116920.0,Механика,Передний,Хэтчбек,1259379,8,14615
Toyota,Corolla,2018,183383.0,Автомат,Полный,Кроссовер,1144431,8,22923
Kia,Sportage,2017,149730.0,Автомат,Передний,Хэтчбек,333743,9,16637
BMW,3 Series,2017,114591.0,Автомат,Передний,Кроссовер,1248423,9,12732
BMW,X3,2011,257036.0,Механика,Полный,Кроссовер,292411,15,17136
Toyota,Camry,2009,396153.0,Автомат,Передний,Хэтчбек,264701,17,23303
Kia,Optima,2018,139251.0,Автомат,Передний,Седан,550856,8,17406
Kia,Sportage,2019,68551.0,Механика,Передний,Хэтчбек,805687,7,9793
Hyundai,Solaris,2015,113413.0,Автомат,Передний,Седан,354788,11,10310
Hyundai,Tucson,2016,144194.0,Механика,Передний,Хэтчбек,348081,10,14419
Kia,Ceed,2013,151241.0,Автомат,Полный,Кроссовер,315525,13,11634
Kia,Sportage,2010,219704.0,Механика,Передний,Хэтчбек,280369,16,13732
BMW,X3,2023,46844.0,Механика,Передний,Хэтчбек,2418491,3,15615
Hyundai,ix35,2013,204463.0,Автомат,Полный,Хэтчбек,298919,13,15728
Kia,Optima,2023,47466.0,Механика,Полный,Кроссовер,1589706,3,15822
BMW,X3,2017,173708.0,Автомат,Передний,Кроссовер,803581,9,19301
Hyundai,Solaris,2015,140104.0,Механика,Полный,Седан,283729,11,12737
Kia,Sportage,2021,67733.0,Автомат,Передний,Седан,978812,5,13547
Hyundai,Solaris,2022,62421.0,Механика,Полный,Хэтчбек,1345873,4,15605
Volkswagen,Golf,2015,171757.0,Механика,Передний,Хэтчбек,343198,11,15614
Hyundai,Tucson,2019,166567.0,Механика,Передний,Хэтчбек,458294,7,23795
Kia,Ceed,2019,114613.0,Автомат,Передний,Седан,602613,7,16373
Hyundai,ix35,2018,143504.0,Автомат,Передний,Седан,535922,8,17938
Hyundai,Solaris,2011,324302.0,Автомат,Передний,Кроссовер,333906,15,21620
Hyundai,Santa Fe,2024,26107.0,Автомат,Полный,Хэтчбек,1685512,2,13054
BMW,5 Series,2015,196199.0,Автомат,Передний,Хэтчбек,581572,11,17836
Volkswagen,Polo,2015,142675.0,Механика,Передний,Хэтчбек,266558,11,12970
Volkswagen,Polo,2023,52353.0,Автомат,Полный,Седан,1430504,3,17451
Hyundai,ix35,2021,77324.0,Автомат,Полный,Кроссовер,988460,5,15465
Volkswagen,Golf,2024,21523.0,Робот,Полный,Седан,1612610,2,10762
Kia,Optima,2019,135239.0,Автомат,Передний,Кроссовер,717689,7,19320
Kia,Sportage,2020,61385.0,Автомат,Передний,Хэтчбек,1003038,6,10231
Kia,Rio,2024,41078.0,Автомат,Полный,Седан,1450507,2,20539
Volkswagen,Golf,2021,45864.0,Автомат,Передний,Хэтчбек,1165833,5,9173
BMW,X3,2022,55242.0,Механика,Передний,Кроссовер,1985011,4,13810
BMW,X3,2024,36245.0,Робот,Передний,Хэтчбек,2381462,2,18122
Toyota,Corolla,2016,161399.0,Механика,Полный,Кроссовер,702491,10,16140
Kia,Rio,2020,92157.0,Автомат,Полный,Кроссовер,904865,6,15360
Volkswagen,Polo,2018,106124.0,Автомат,Полный,Седан,582221,8,13266
Hyundai,Solaris,2016,53008.0,Автомат,Передний,Кроссовер,650752,10,5301
Volkswagen,Polo,2022,59677.0,Механика,Передний,Хэтчбек,1365906,4,14919
Toyota,RAV4,2013,190304.0,Автомат,Передний,Хэтчбек,326802,13,14639
BMW,5 Series,2017,62135.0,Автомат,Полный,Хэтчбек,1300535,9,6904
BMW,X3,2010,261435.0,Механика,Полный,Кроссовер,300708,16,16340
BMW,5 Series,2020,123798.0,Автомат,Передний,Хэтчбек,1486249,6,20633
Volkswagen,Tiguan,2013,125812.0,Автомат,Полный,Седан,287192,13,9678
Toyota,Corolla,2018,56888.0,Автомат,Передний,Кроссовер,1655220,8,7111
BMW,5 Series,2019,84337.0,Автомат,Передний,Кроссовер,1326342,7,12048
Toyota,RAV4,2017,133601.5,Автомат,Полный,Кроссовер,804964,9,14845
Volkswagen,Tiguan,2023,54529.0,Автомат,Полный,Хэтчбек,1598312,3,18176
Toyota,Camry,2024,13410.0,Автомат,Полный,Кроссовер,2789201,2,6705
Volkswagen,Polo,2020,72278.0,Автомат,Полный,Седан,822800,6,12046
Kia,Optima,2019,113377.0,Робот,Передний,Хэтчбек,735977,7,16197
Volkswagen,Golf,2012,243219.0,Автомат,Передний,Кроссовер,297228,14,17373
BMW,X3,2015,130824.0,Автомат,Полный,Хэтчбек,740207,11,11893
Hyundai,Santa Fe,2010,171525.0,Механика,Полный,Седан,300887,16,10720
Kia,Ceed,2021,51018.0,Автомат,Полный,Хэтчбек,1095603,5,10204
Toyota,Land Cruiser,2013,180374.0,Механика,Передний,Хэтчбек,370427,13,13875
Toyota,Corolla,2015,141152.0,Механика,Полный,Хэтчбек,788544,11,12832
Kia,Optima,2015,186170.0,Механика,Полный,Хэтчбек,274336,11,16925
Toyota,Corolla,2014,189575.0,Автомат,Полный,Седан,458839,12,15798
Kia,Optima,2023,51677.0,Автомат,Полный,Седан,1408600,3,17226
Hyundai,Santa Fe,2017,143175.0,Механика,Передний,Кроссовер,348758,9,15908
Toyota,Corolla,2018,98550.0,Автомат,Передний,Кроссовер,1149782,8,12319
Kia,Sportage,2023,66412.0,Автомат,Передний,Седан,1267379,3,22137
Kia,Sportage,2011,233862.0,Автомат,Полный,Хэтчбек,299512,15,15591
Toyota,Corolla,2009,169448.0,Автомат,Передний,Хэтчбек,339789,17,9968
Volkswagen,Passat,2024,36675.0,Автомат,Задний,Хэтчбек,1632156,2,18338
Volkswagen,Polo,2011,71706.0,Автомат,Передний,Седан,285533,15,4780
Kia,Ceed,2017,106824.0,Механика,Передний,Кроссовер,532413,9,11869
Toyota,RAV4,2024,39824.0,Автомат,Полный,Седан,2821182,2,19912
Toyota,Corolla,2012,151681.0,Механика,Полный,Хэтчбек,361140,14,10834
Hyundai,Solaris,2024,30172.0,Робот,Полный,Хэтчбек,1733798,2,15086
Kia,Rio,2018,73187.0,Автомат,Передний,Кроссовер,750172,8,9148
Toyota,Land Cruiser,2020,71316.0,Механика,Передний,Кроссовер,1692558,6,11886
Hyundai,Solaris,2017,173853.0,Автомат,Передний,Кроссовер,336503,9,19317
Toyota,Corolla,2014,203734.0,Автомат,Задний,Хэтчбек,390318,12,16978
Toyota,Camry,2009,160899.0,Механика,Полный,Кроссовер,316064,17,9465
BMW,X3,2008,248982.0,Автомат,Передний,Кроссовер,339403,18,13832
Toyota,RAV4,2016,115533.0,Робот,Полный,Хэтчбек,1078001,10,11553
Hyundai,Santa Fe,2014,132561.0,Автомат,Задний,Хэтчбек,264597,12,11047
Volkswagen,Tiguan,2022,39041.0,Механика,Задний,Седан,1505380,4,9760
Kia,Sportage,2019,55052.0,Автомат,Передний,Седан,849285,7,7865
Toyota,RAV4,2021,89783.0,Автомат,Полный,Хэтчбек,1932748,5,17957
Toyota,RAV4,2015,233947.0,Механика,Полный,Хэтчбек,400027,11,21268
BMW,5 Series,2018,220373.0,Механика,Передний,Кроссовер,972155,8,27547
Volkswagen,Polo,2012,311328.0,Автомат,Передний,Хэтчбек,287332,14,22238
Toyota,RAV4,2020,131466.0,Механика,Полный,Хэтчбек,1538985,6,21911
Volkswagen,Passat,2022,51313.0,Механика,Передний,Седан,1243519,4,12828
Toyota,Camry,2015,199652.0,Автомат,Полный,Кроссовер,588336,11,18150
Hyundai,Santa Fe,2022,44190.0,Автомат,Полный,Кроссовер,1460732,4,11048
Toyota,RAV4,2017,203764.0,Автомат,Полный,Седан,779445,9,22640
Toyota,Land Cruiser,2021,63746.0,Автомат,Полный,Хэтчбек,2135063,5,12749
Toyota,Land Cruiser,2016,183568.0,Автомат,Передний,Кроссовер,670301,10,18357
Volkswagen,Tiguan,2016,107727.0,Автомат,Полный,Седан,421380,10,10773
Kia,Sportage,2018,122519.0,Робот,Полный,Седан,603051,8,15315
Hyundai,Santa Fe,2015,122763.0,Автомат,Полный,Седан,349931,11,11160
BMW,5 Series,2012,259694.0,Автомат,Полный,Кроссовер,298408,14,18550
Toyota,RAV4,2022,55227.0,Автомат,Передний,Кроссовер,2344875,4,13807
Hyundai,ix35,2020,105255.0,Механика,Полный,Седан,757160,6,17542
Hyundai,ix35,2019,110083.0,Автомат,Полный,Седан,777732,7,15726
BMW,X3,2009,183493.0,Автомат,Полный,Хэтчбек,322676,17,10794
Hyundai,Tucson,2023,58698.0,Автомат,Передний,Хэтчбек,1466203,3,19566
Hyundai,Tucson,2015,224699.0,Механика,Полный,Седан,338702,11,20427
Volkswagen,Tiguan,2015,183656.0,Автомат,Задний,Хэтчбек,329609,11,16696
Volkswagen,Passat,2016,132565.0,Механика,Полный,Кроссовер,333818,10,13256
Volkswagen,Polo,2012,240436.0,Автомат,Передний,Седан,322587,14,17174
BMW,X5,2009,261037.0,Механика,Передний,Седан,310408,17,15355
Volkswagen,Polo,2013,229609.0,Автомат,Полный,Кроссовер,342045,13,17662
Volkswagen,Golf,2012,313868.0,Автомат,Полный,Седан,296210,14,22419
Hyundai,Santa Fe,2020,50838.0,Робот,Передний,Седан,1152697,6,8473
Toyota,Camry,2015,187415.0,Механика,Полный,Хэтчбек,562022,11,17038
Kia,Optima,2024,36983.0,Механика,Передний,Кроссовер,1397574,2,18492
Toyota,RAV4,2012,185461.0,Автомат,Полный,Хэтчбек,261726,14,13247
BMW,X3,2019,80417.0,Механика,Полный,Кроссовер,1609144,7,11488
Hyundai,Tucson,2008,235065.0,Автомат,Полный,Седан,314731,18,13059
Volkswagen,Polo,2024,17636.0,Механика,Задний,Хэтчбек,1928922,2,8818
Volkswagen,Polo,2016,76501.0,Автомат,Передний,Седан,552552,10,7650
Toyota,Land Cruiser,2011,309822.0,Механика,Передний,Кроссовер,288037,15,20655
Hyundai,ix35,2010,205212.0,Автомат,Полный,Седан,337316,16,12826
Hyundai,Tucson,2011,130943.0,Автомат,Передний,Кроссовер,294381,15,8730
BMW,3 Series,2013,141383.0,Механика,Полный,Кроссовер,565072,13,10876
BMW,5 Series,2023,37630.0,Автомат,Передний,Кроссовер,2711915,3,12543
Kia,Optima,2011,198950.0,Автомат,Задний,Кроссовер,343696,15,13263
Toyota,RAV4,2009,352490.0,Автомат,Задний,Седан,275018,17,20735
BMW,3 Series,2009,246850.0,Механика,Полный,Хэтчбек,280273,17,14521
Hyundai,Tucson,2015,218753.0,Автомат,Передний,Седан,329451,11,19887
Volkswagen,Passat,2018,79008.0,Автомат,Передний,Седан,663936,8,9876
BMW,3 Series,2014,192647.0,Автомат,Передний,Кроссовер,464097,12,16054
Toyota,RAV4,2015,203690.0,Автомат,Передний,Кроссовер,476048,11,18517
Kia,Ceed,2024,26741.0,Автомат,Полный,Седан,1746356,2,13370
Toyota,Camry,2012,186419.0,Механика,Полный,Седан,307009,14,13316
Toyota,Land Cruiser,2013,136151.0,Автомат,Передний,Кроссовер,622447,13,10473
Volkswagen,Golf,2017,119949.0,Автомат,Передний,Седан,443581,9,13328
Toyota,RAV4,2018,90359.0,Автомат,Полный,Кроссовер,1134003,8,11295
Volkswagen,Polo,2017,155620.0,Механика,Передний,Седан,321062,9,17291
BMW,X3,2008,202894.0,Механика,Передний,Кроссовер,275084,18,11272
Hyundai,Solaris,2013,180437.0,Механика,Передний,Хэтчбек,321766,13,13880
Kia,Ceed,2008,314479.0,Автомат,Передний,Хэтчбек,322304,18,17471
Volkswagen,Polo,2019,106939.5,Автомат,Полный,Седан,760768,7,15277
Volkswagen,Polo,2020,129976.0,Механика,Передний,Хэтчбек,810269,6,21663
Hyundai,Solaris,2022,71694.0,Механика,Задний,Седан,1160818,4,17924
Kia,Ceed,2013,210343.0,Автомат,Задний,Хэтчбек,311278,13,16180
Hyundai,Solaris,2023,36283.0,Механика,Передний,Хэтчбек,1595233,3,12094
Hyundai,Solaris,2014,183764.0,Робот,Передний,Седан,268100,12,15314
Toyota,Corolla,2017,145052.0,Автомат,Передний,Седан,1069538,9,16117
Kia,Optima,2012,151250.0,Механика,Полный,Кроссовер,284674,14,10804
Hyundai,Solaris,2018,133513.0,Автомат,Задний,Кроссовер,568375,8,16689
Kia,Ceed,2013,158317.0,Механика,Передний,Хэтчбек,326979,13,12178
BMW,X3,2010,246317.0,Механика,Задний,Хэтчбек,307661,16,15395
BMW,5 Series,2013,188682.0,Автомат,Полный,Кроссовер,383469,13,14514
Volkswagen,Tiguan,2022,79943.0,Автомат,Полный,Кроссовер,1345856,4,19986
BMW,X3,2008,330897.0,Автомат,Полный,Седан,332574,18,18383
Volkswagen,Passat,2016,158110.0,Робот,Полный,Седан,339798,10,15811
BMW,X5,2015,70647.0,Механика,Передний,Седан,962421,11,6422
Toyota,RAV4,2021,23865.0,Автомат,Полный,Кроссовер,2213451,5,4773
Hyundai,Solaris,2024,25436.0,Автомат,Полный,Кроссовер,1876186,2,12718
Toyota,RAV4,2015,94311.0,Автомат,Полный,Кроссовер,956039,11,8574
BMW,3 Series,2013,222415.0,Автомат,Задний,Хэтчбек,338130,13,17109
Volkswagen,Tiguan,2016,140305.0,Автомат,Передний,Кроссовер,358570,10,14030
Kia,Rio,2009,286222.0,Робот,Полный,Седан,286447,17,16837
Kia,Sportage,2021,87723.0,Автомат,Передний,Кроссовер,868875,5,17545
Toyota,Camry,2011,259148.0,Автомат,Передний,Хэтчбек,328966,15,17277
Kia,Sportage,2015,120116.0,Автомат,Полный,Хэтчбек,324068,11,10920
Kia,Optima,2016,132534.0,Автомат,Передний,Кроссовер,321592,10,13253
Volkswagen,Passat,2014,208528.0,Автомат,Полный,Хэтчбек,324460,12,17377
BMW,5 Series,2020,101935.0,Механика,Полный,Кроссовер,1608067,6,16989
Kia,Rio,2021,51742.0,Механика,Задний,Хэтчбек,1264108,5,10348
Hyundai,Santa Fe,2018,123377.0,Механика,Передний,Хэтчбек,589555,8,15422
BMW,5 Series,2008,247821.0,Автомат,Передний,Седан,277127,18,13768
Toyota,RAV4,2008,123708.0,Механика,Полный,Кроссовер,344921,18,6873
Toyota,Camry,2015,157499.0,Автомат,Передний,Седан,697355,11,14318
Volkswagen,Golf,2013,141399.0,Автомат,Передний,Хэтчбек,333126,13,10877
Hyundai,ix35,2017,248847.0,Автомат,Полный,Кроссовер,281010,9,27650
Toyota,RAV4,2010,180046.0,Механика,Полный,Хэтчбек,313287,16,11253
Hyundai,Solaris,2018,121031.5,Автомат,Передний,Кроссовер,657700,8,15129
Volkswagen,Golf,2008,253647.0,Робот,Передний,Хэтчбек,276077,18,14092
Toyota,RAV4,2023,44212.0,Автомат,Передний,Хэтчбек,2785408,3,14737
Volkswagen,Golf,2022,51913.0,Автомат,Передний,Седан,1203419,4,12978
Hyundai,ix35,2012,212565.0,Автомат,Передний,Кроссовер,288702,14,15183
Hyundai,Santa Fe,2018,146824.0,Автомат,Передний,Хэтчбек,473018,8,18353
Hyundai,Solaris,2013,198310.0,Автомат,Передний,Седан,325936,13,15255
Kia,Ceed,2016,176679.0,Механика,Передний,Кроссовер,267623,10,17668
Hyundai,ix35,2021,47692.0,Робот,Передний,Кроссовер,1073637,5,9538
Volkswagen,Tiguan,2008,256856.0,Робот,Полный,Кроссовер,340363,18,14270
Hyundai,Solaris,2023,63116.0,Механика,Передний,Седан,1466791,3,21039
Toyota,Land Cruiser,2024,31157.0,Робот,Полный,Седан,2685192,2,15578
Hyundai,Solaris,2013,244997.0,Автомат,Полный,Кроссовер,317328,13,18846
Hyundai,Tucson,2020,61017.0,Механика,Передний,Седан,943821,6,10170
Volkswagen,Tiguan,2016,166821.0,Автомат,Полный,Седан,264595,10,16682
BMW,3 Series,2021,88010.0,Механика,Передний,Кроссовер,1811609,5,17602
Kia,Rio,2017,154907.0,Механика,Передний,Седан,331899,9,17212
Kia,Rio,2020,89710.0,Автомат,Передний,Седан,783509,6,14952
Hyundai,ix35,2010,278993.0,Робот,Полный,Седан,304860,16,17437
Hyundai,Solaris,2016,179320.0,Механика,Полный,Хэтчбек,264397,10,17932
Toyota,Corolla,2012,328166.0,Автомат,Передний,Седан,306896,14,23440
Hyundai,Tucson,2008,352261.0,Механика,Полный,Хэтчбек,274561,18,19570
Toyota,Corolla,2017,154206.0,Механика,Передний,Хэтчбек,831646,9,17134
Toyota,Land Cruiser,2010,288600.0,Автомат,Передний,Хэтчбек,311130,16,18038
BMW,X5,2016,138362.0,Робот,Передний,Хэтчбек,946993,10,13836
Toyota,Camry,2010,202842.0,Робот,Передний,Седан,287956,16,12678
Kia,Ceed,2015,203230.0,Робот,Полный,Кроссовер,341211,11,18475
Toyota,Land Cruiser,2021,110373.0,Механика,Передний,Хэтчбек,1629675,5,22075
Hyundai,ix35,2018,120543.0,Автомат,Передний,Хэтчбек,584261,8,15068
Hyundai,Tucson,2022,39582.0,Механика,Полный,Седан,1305126,4,9896
Volkswagen,Polo,2011,225366.0,Механика,Полный,Седан,293101,15,15024
Kia,Sportage,2021,108293.0,Механика,Передний,Кроссовер,1041404,5,21659
Volkswagen,Golf,2020,37392.0,Робот,Полный,Седан,1006601,6,6232
Toyota,Camry,2014,169343.0,Механика,Полный,Седан,466188,12,14112
BMW,5 Series,2008,234691.0,Автомат,Полный,Кроссовер,303859,18,13038
Volkswagen,Polo,2012,336356.0,Автомат,Передний,Хэтчбек,307268,14,24025
Volkswagen,Polo,2022,59586.0,Автомат,Передний,Седан,1290485,4,14896
Kia,Ceed,2015,93889.0,Автомат,Задний,Седан,422526,11,8535
BMW,5 Series,2011,256610.0,Робот,Полный,Седан,307562,15,17107
Kia,Rio,2009,226888.0,Автомат,Задний,Седан,280671,17,13346
BMW,5 Series,2019,136267.0,Механика,Передний,Седан,1134794,7,19467
Toyota,Corolla,2021,64352.0,Автомат,Передний,Седан,2161522,5,12870
Volkswagen,Tiguan,2024,33522.0,Автомат,Полный,Седан,1842140,2,16761
BMW,X5,2013,185131.0,Робот,Передний,Хэтчбек,332955,13,14241
Toyota,Corolla,2022,55109.0,Механика,Передний,Седан,2273069,4,13777
Hyundai,Solaris,2021,74322.0,Механика,Полный,Хэтчбек,1157938,5,14864
BMW,3 Series,2008,325990.0,Автомат,Полный,Седан,299660,18,18111
Volkswagen,Passat,2010,206146.0,Автомат,Передний,Хэтчбек,262381,16,12884
Toyota,Corolla,2013,242983.0,Робот,Полный,Хэтчбек,293256,13,18691
Volkswagen,Passat,2010,144463.0,Автомат,Передний,Седан,268618,16,9029
Hyundai,Tucson,2016,146835.0,Автомат,Полный,Седан,283037,10,14684
BMW,5 Series,2015,196370.0,Робот,Передний,Седан,510216,11,17852
Hyundai,Solaris,2013,280509.0,Автомат,Передний,Кроссовер,258578,13,21578
BMW,5 Series,2013,159369.0,Автомат,Передний,Седан,454272,13,12259
Hyundai,Tucson,2017,109571.0,Автомат,Передний,Хэтчбек,540865,9,12175
BMW,3 Series,2021,87885.0,Автомат,Задний,Хэтчбек,1637401,5,17577
Toyota,Camry,2012,155902.0,Механика,Задний,Седан,349406,14,11136
Volkswagen,Passat,2016,133185.0,Автомат,Передний,Хэтчбек,409345,10,13318
BMW,5 Series,2022,61078.0,Автомат,Полный,Хэтчбек,1927585,4,15270
Volkswagen,Polo,2018,120132.0,Механика,Полный,Кроссовер,621982,8,15016
Toyota,RAV4,2015,251045.0,Механика,Полный,Кроссовер,414705,11,22822
Kia,Sportage,2017,175879.0,Автомат,Задний,Кроссовер,284005,9,19542
Toyota,Camry,2020,93101.0,Автомат,Полный,Хэтчбек,1725103,6,15517
Kia,Sportage,2018,137217.0,Механика,Полный,Седан,522808,8,17152
Hyundai,Santa Fe,2012,202871.0,Автомат,Передний,Седан,270087,14,14491
Kia,Optima,2019,113330.0,Механика,Передний,Хэтчбек,749822,7,16190
Toyota,Camry,2014,181325.0,Автомат,Полный,Седан,420678,12,15110
BMW,X3,2015,144669.0,Автомат,Полный,Кроссовер,677723,11,13152
BMW,X3,2023,19674.0,Автомат,Передний,Седан,2900126,3,6558
Hyundai,ix35,2009,160280.0,Автомат,Передний,Седан,329219,17,9428
Toyota,Corolla,2008,227124.0,Автомат,Передний,Хэтчбек,264292,18,12618
Hyundai,ix35,2008,249630.0,Механика,Полный,Хэтчбек,336309,18,13868
Kia,Sportage,2020,68219.0,Автомат,Передний,Седан,1081808,6,11370
Toyota,RAV4,2016,182989.0,Автомат,Передний,Седан,694853,10,18299
BMW,3 Series,2009,321552.0,Автомат,Полный,Кроссовер,319385,17,18915
Hyundai,ix35,2011,225648.5,Механика,Передний,Хэтчбек,314970,15,15043
Toyota,Camry,2020,104862.0,Робот,Передний,Седан,1838118,6,17477
Kia,Ceed,2023,46765.0,Робот,Передний,Хэтчбек,1356242,3,15588
BMW,5 Series,2014,200620.0,Автомат,Полный,Седан,380507,12,16718
Toyota,Land Cruiser,2018,88741.0,Автомат,Передний,Седан,1396718,8,11093
Toyota,RAV4,2011,236573.0,Автомат,Передний,Седан,302149,15,15772
Kia,Ceed,2015,110232.0,Автомат,Передний,Седан,361665,11,10021
BMW,3 Series,2023,44212.0,Механика,Передний,Кроссовер,2110003,3,14737
Volkswagen,Polo,2023,44212.0,Автомат,Передний,Кроссовер,1291360,3,14737
Hyundai,Solaris,2022,73532.0,Механика,Передний,Седан,1215602,4,18383
BMW,5 Series,2011,130836.0,Механика,Полный,Кроссовер,374920,15,8722
Toyota,Camry,2020,126960.0,Автомат,Полный,Седан,1369283,6,21160
Toyota,RAV4,2016,120530.0,Автомат,Передний,Седан,1021027,10,12053
Kia,Optima,2011,228531.0,Автомат,Полный,Кроссовер,268423,15,15235
BMW,5 Series,2011,263457.0,Автомат,Передний,Седан,289483,15,17564
Kia,Optima,2020,113327.0,Автомат,Полный,Хэтчбек,875687,6,18888
Hyundai,Solaris,2008,269586.0,Механика,Полный,Кроссовер,296145,18,14977
Volkswagen,Tiguan,2010,244550.0,Робот,Полный,Седан,255131,16,15284
Volkswagen,Passat,2012,185651.0,Автомат,Полный,Седан,325375,14,13261
Toyota,Camry,2009,187066.0,Автомат,Полный,Кроссовер,313345,17,11004
Hyundai,Tucson,2010,314201.0,Механика,Передний,Хэтчбек,260100,16,19638
Hyundai,Santa Fe,2011,262117.0,Автомат,Передний,Седан,324787,15,17474
BMW,X3,2019,110125.0,Автомат,Передний,Кроссовер,1531280,7,15732
Toyota,RAV4,2014,166759.0,Автомат,Передний,Кроссовер,483344,12,13897
Hyundai,ix35,2014,147654.0,Автомат,Передний,Седан,277364,12,12304
Toyota,RAV4,2012,315468.0,Механика,Передний,Кроссовер,322978,14,22533
Toyota,RAV4,2023,60438.0,Автомат,Полный,Хэтчбек,2424758,3,20146
Volkswagen,Passat,2020,97173.0,Автомат,Полный,Седан,797736,6,16196
Hyundai,Santa Fe,2017,128478.0,Автомат,Полный,Кроссовер,464272,9,14275
Volkswagen,Passat,2018,85935.0,Механика,Передний,Хэтчбек,606908,8,10742
Toyota,Land Cruiser,2011,294575.0,Механика,Передний,Хэтчбек,312068,15,19638
Toyota,RAV4,2021,47185.0,Механика,Полный,Седан,1881089,5,9437
Kia,Rio,2024,34848.0,Робот,Передний,Кроссовер,1423225,2,17424
Kia,Ceed,2012,197555.0,Автомат,Передний,Хэтчбек,269001,14,14111
Toyota,RAV4,2017,145277.0,Автомат,Задний,Хэтчбек,884584,9,16142
BMW,3 Series,2021,44419.0,Робот,Передний,Хэтчбек,1956902,5,8884
Hyundai,ix35,2023,65440.0,Автомат,Полный,Седан,1567069,3,21813
Toyota,RAV4,2008,300333.0,Робот,Полный,Седан,305417,18,16685
Toyota,RAV4,2019,79233.0,Автомат,Передний,Хэтчбек,1535542,7,11319
Hyundai,Tucson,2017,64152.0,Автомат,Передний,Кроссовер,595844,9,7128
Hyundai,Solaris,2021,72873.0,Робот,Полный,Седан,1022813,5,14575
Kia,Sportage,2009,350911.0,Механика,Передний,Седан,308272,17,20642
Hyundai,ix35,2009,192706.0,Автомат,Полный,Седан,279715,17,11336
Volkswagen,Golf,2022,59766.0,Механика,Передний,Хэтчбек,1303906,4,14942
Hyundai,Santa Fe,2019,97598.0,Автомат,Полный,Седан,766842,7,13943
BMW,X5,2017,134043.0,Автомат,Полный,Кроссовер,882151,9,14894
Kia,Optima,2019,148371.0,Автомат,Передний,Хэтчбек,562273,7,21196
BMW,X5,2009,325398.0,Автомат,Полный,Седан,264140,17,19141
Hyundai,Tucson,2012,324934.0,Автомат,Передний,Седан,334938,14,23210
BMW,X5,2017,106835.0,Автомат,Передний,Хэтчбек,1214093,9,11871
Kia,Rio,2019,98086.0,Робот,Полный,Седан,731842,7,14012
Kia,Sportage,2020,78499.0,Робот,Полный,Кроссовер,794830,6,13083
BMW,3 Series,2019,120648.0,Механика,Полный,Хэтчбек,1485070,7,17235
Hyundai,ix35,2020,92368.0,Механика,Передний,Кроссовер,869932,6,15395
Kia,Rio,2008,312967.0,Автомат,Полный,Седан,331128,18,17387
Volkswagen,Passat,2023,63872.0,Механика,Передний,Кроссовер,1337879,3,21291
BMW,X3,2024,32560.0,Автомат,Передний,Кроссовер,2662355,2,16280
Kia,Optima,2009,224165.0,Автомат,Передний,Хэтчбек,286128,17,13186
Kia,Optima,2024,25257.0,Механика,Передний,Седан,1913009,2,12628
Volkswagen,Polo,2017,156483.0,Автомат,Полный,Седан,380538,9,17387
Hyundai,Solaris,2014,225737.0,Автомат,Передний,Хэтчбек,287413,12,18811
Kia,Ceed,2021,64718.0,Механика,Передний,Седан,1137311,5,12944
BMW,X3,2008,292674.0,Автомат,Передний,Кроссовер,286154,18,16260
BMW,3 Series,2011,279279.0,Механика,Задний,Хэтчбек,269279,15,18619
BMW,5 Series,2014,157472.0,Механика,Полный,Седан,624678,12,13123
Kia,Ceed,2021,68506.0,Робот,Передний,Хэтчбек,948209,5,13701
Volkswagen,Polo,2009,249796.0,Механика,Полный,Седан,310388,17,14694
BMW,5 Series,2019,88212.0,Автомат,Полный,Хэтчбек,1486280,7,12602
Hyundai,Solaris,2013,263119.0,Автомат,Полный,Кроссовер,322087,13,20240
BMW,3 Series,2018,73573.0,Автомат,Полный,Хэтчбек,1209120,8,9197
Volkswagen,Golf,2009,190621.0,Механика,Полный,Хэтчбек,293638,17,11213
Kia,Sportage,2008,258385.0,Робот,Передний,Хэтчбек,338357,18,14355
Hyundai,ix35,2013,115985.0,Механика,Передний,Хэтчбек,321281,13,8922
Toyota,Corolla,2013,245444.0,Механика,Задний,Хэтчбек,317807,13,18880
Kia,Sportage,2008,205118.0,Механика,Передний,Кроссовер,321709,18,11395
Toyota,RAV4,2021,55919.0,Автомат,Полный,Седан,1847145,5,11184
BMW,5 Series,2024,26724.0,Автомат,Передний,Кроссовер,2872796,2,13362
BMW,X3,2010,297989.0,Механика,Полный,Кроссовер,287401,16,18624
Hyundai,Santa Fe,2009,291540.0,Механика,Полный,Кроссовер,328856,17,17149
Toyota,RAV4,2022,64239.0,Механика,Полный,Седан,1911944,4,16060
Toyota,Land Cruiser,2021,76945.0,Автомат,Задний,Седан,2045371,5,15389
BMW,X5,2022,38414.0,Автомат,Полный,Хэтчбек,2268723,4,9604
Volkswagen,Polo,2022,84088.0,Автомат,Передний,Хэтчбек,996040,4,21022
BMW,X3,2024,24817.0,Автомат,Передний,Седан,2638013,2,12408
Hyundai,Santa Fe,2016,214289.0,Робот,Передний,Седан,258277,10,21429
Toyota,Camry,2020,94587.0,Автомат,Полный,Кроссовер,1475335,6,15764
BMW,X5,2016,156451.0,Механика,Передний,Седан,886739,10,15645
Kia,Sportage,2023,28266.0,Автомат,Задний,Кроссовер,1611519,3,9422
Toyota,RAV4,2023,43280.0,Автомат,Передний,Кроссовер,2645251,3,14427
Volkswagen,Golf,2019,106659.0,Автомат,Передний,Кроссовер,821268,7,15237
Toyota,RAV4,2016,214995.0,Механика,Полный,Кроссовер,560260,10,21500
BMW,X3,2011,299835.0,Автомат,Передний,Седан,311328,15,19989
Hyundai,Solaris,2012,147943.0,Механика,Полный,Хэтчбек,301774,14,10567
BMW,3 Series,2021,72902.0,Механика,Полный,Седан,1930808,5,14580
Hyundai,ix35,2024,29541.0,Автомат,Передний,Кроссовер,1781889,2,14770
Kia,Sportage,2024,24731.0,Автомат,Полный,Седан,1683220,2,12366
Kia,Optima,2024,36324.0,Автомат,Полный,Кроссовер,1398089,2,18162
Volkswagen,Tiguan,2013,249738.0,Механика,Задний,Седан,329370,13,19211
Volkswagen,Tiguan,2016,206730.0,Автомат,Полный,Седан,303871,10,20673
BMW,3 Series,2024,30744.0,Автомат,Передний,Хэтчбек,2536687,2,15372
Toyota,RAV4,2022,84184.0,Автомат,Передний,Хэтчбек,2370753,4,21046
Volkswagen,Tiguan,2014,192927.0,Автомат,Полный,Хэтчбек,318974,12,16077
Volkswagen,Passat,2010,194404.0,Автомат,Передний,Кроссовер,339223,16,12150
BMW,X5,2016,180321.0,Робот,Передний,Седан,812635,10,18032
BMW,5 Series,2019,70045.0,Автомат,Задний,Седан,1574685,7,10006
BMW,3 Series,2012,257813.0,Робот,Передний,Кроссовер,340340,14,18415
Kia,Ceed,2024,13723.0,Механика,Полный,Хэтчбек,1712871,2,6862
Volkswagen,Polo,2018,87003.0,Механика,Полный,Хэтчбек,625818,8,10875
Toyota,RAV4,2020,89396.0,Автомат,Полный,Хэтчбек,1627786,6,14899
Kia,Rio,2011,136467.0,Автомат,Передний,Кроссовер,255615,15,9098
Toyota,Land Cruiser,2012,191734.0,Механика,Задний,Седан,262829,14,13695
Hyundai,Santa Fe,2011,309934.0,Механика,Полный,Седан,331804,15,20662
BMW,X5,2012,218507.0,Механика,Передний,Седан,327855,14,15608
Toyota,RAV4,2008,280708.0,Автомат,Передний,Кроссовер,297246,18,15595
Kia,Sportage,2019,101888.0,Механика,Полный,Седан,848543,7,14555
Volkswagen,Tiguan,2013,153993.0,Автомат,Передний,Седан,314006,13,11846
Volkswagen,Golf,2018,186457.0,Механика,Полный,Кроссовер,319681,8,23307
Volkswagen,Passat,2020,70751.0,Автомат,Передний,Седан,931894,6,11792
BMW,5 Series,2009,205428.0,Автомат,Задний,Кроссовер,338787,17,12084
BMW,5 Series,2018,136330.0,Автомат,Передний,Кроссовер,1158992,8,17041
Kia,Rio,2024,24616.0,Автомат,Полный,Хэтчбек,1745815,2,12308
Toyota,RAV4,2017,198653.0,Автомат,Полный,Седан,703422,9,22073
Hyundai,Santa Fe,2010,184991.0,Автомат,Полный,Кроссовер,258089,16,11562
BMW,X5,2013,100995.0,Механика,Полный,Кроссовер,729157,13,7769
Hyundai,Solaris,2010,184861.0,Механика,Полный,Кроссовер,263420,16,11554
BMW,X5,2020,99611.0,Автомат,Полный,Кроссовер,1789344,6,16602
Volkswagen,Polo,2020,75526.0,Механика,Полный,Седан,906423,6,12588
Volkswagen,Tiguan,2015,122233.0,Автомат,Полный,Хэтчбек,351117,11,11112
BMW,5 Series,2010,237459.0,Автомат,Задний,Седан,324209,16,14841
Hyundai,Solaris,2010,237882.0,Автомат,Полный,Кроссовер,302083,16,14868
Kia,Ceed,2021,73323.0,Автомат,Полный,Кроссовер,1188877,5,14665
BMW,5 Series,2008,209825.0,Автомат,Передний,Хэтчбек,257370,18,11657
Toyota,Land Cruiser,2018,96581.0,Автомат,Передний,Хэтчбек,1358169,8,12073
Kia,Ceed,2012,303209.0,Робот,Задний,Кроссовер,335147,14,21658
Hyundai,Santa Fe,2009,277433.0,Автомат,Полный,Хэтчбек,260145,17,16320
Toyota,Camry,2020,101709.0,Автомат,Передний,Хэтчбек,1633853,6,16952
Volkswagen,Polo,2012,167007.0,Автомат,Передний,Кроссовер,298831,14,11929
BMW,X5,2013,206223.0,Автомат,Передний,Седан,286981,13,15863
BMW,3 Series,2018,142285.0,Автомат,Полный,Седан,977573,8,17786
Hyundai,Santa Fe,2016,95476.0,Автомат,Полный,Хэтчбек,526423,10,9548
Volkswagen,Tiguan,2021,76996.0,Автомат,Передний,Кроссовер,919509,5,15399
Hyundai,Solaris,2008,363931.0,Автомат,Полный,Кроссовер,319653,18,20218
BMW,X3,2016,201067.0,Автомат,Передний,Хэтчбек,754125,10,20107
Kia,Optima,2016,145450.0,Автомат,Передний,Кроссовер,333944,10,14545
Volkswagen,Polo,2011,231948.0,Автомат,Полный,Хэтчбек,338373,15,15463
Kia,Optima,2024,28256.0,Автомат,Полный,Кроссовер,1574252,2,14128
Hyundai,Santa Fe,2008,140112.0,Автомат,Передний,Кроссовер,262932,18,7784
Volkswagen,Golf,2008,345899.0,Автомат,Передний,Седан,264652,18,19217
Hyundai,Solaris,2013,156363.0,Механика,Передний,Седан,304955,13,12028
BMW,X3,2011,160244.0,Автомат,Передний,Хэтчбек,308080,15,10683
Hyundai,Solaris,2016,91049.0,Механика,Полный,Хэтчбек,453546,10,9105
Volkswagen,Golf,2015,211169.0,Автомат,Полный,Седан,289677,11,19197
Kia,Ceed,2010,289455.0,Автомат,Передний,Седан,273943,16,18091
Kia,Optima,2009,74581.0,Механика,Задний,Хэтчбек,255553,17,4387
BMW,X3,2009,204959.0,Автомат,Полный,Седан,263954,17,12056
Kia,Rio,2008,267079.0,Механика,Передний,Седан,331193,18,14838
Kia,Optima,2011,286573.0,Механика,Передний,Хэтчбек,260470,15,19105
BMW,3 Series,2023,60493.0,Автомат,Полный,Кроссовер,2468475,3,20164
BMW,X5,2012,240940.0,Механика,Передний,Седан,277960,14,17210
Kia,Rio,2021,63341.0,Механика,Передний,Седан,1189702,5,12668
BMW,X3,2020,92025.0,Автомат,Полный,Кроссовер,1913305,6,15338
BMW,X5,2009,189346.0,Автомат,Передний,Седан,343284,17,11138
Kia,Rio,2011,250349.0,Робот,Полный,Кроссовер,311378,15,16690
Toyota,Land Cruiser,2016,90883.0,Автомат,Передний,Седан,1056779,10,9088
Kia,Sportage,2017,99143.0,Механика,Передний,Седан,482495,9,11016
Hyundai,Santa Fe,2015,155441.0,Автомат,Полный,Кроссовер,318124,11,14131
Hyundai,Santa Fe,2013,237246.0,Автомат,Передний,Кроссовер,341469,13,18250
BMW,X5,2018,182156.0,Механика,Задний,Хэтчбек,864803,8,22770
Kia,Optima,2011,285805.0,Автомат,Полный,Хэтчбек,277745,15,19054
Volkswagen,Passat,2013,216881.0,Механика,Передний,Хэтчбек,293044,13,16683
Volkswagen,Passat,2019,102856.0,Механика,Передний,Седан,798085,7,14694
BMW,3 Series,2011,173061.0,Механика,Передний,Хэтчбек,289989,15,11537
Hyundai,Santa Fe,2009,372399.0,Механика,Передний,Хэтчбек,258000,17,21906
Volkswagen,Golf,2016,142733.0,Механика,Передний,Хэтчбек,329817,10,14273
BMW,3 Series,2019,66164.0,Автомат,Полный,Седан,1402383,7,9452
Toyota,Land Cruiser,2013,64416.0,Механика,Передний,Хэтчбек,782973,13,4955
Toyota,Camry,2021,68740.0,Автомат,Передний,Хэтчбек,1950443,5,13748
Kia,Rio,2016,136981.0,Механика,Задний,Седан,379114,10,13698
BMW,X3,2016,199863.0,Механика,Передний,Хэтчбек,641351,10,19986
Kia,Optima,2017,115427.0,Автомат,Передний,Хэтчбек,560278,9,12825
Hyundai,Solaris,2023,45360.0,Автомат,Полный,Седан,1400537,3,15120
BMW,X5,2013,162882.0,Автомат,Передний,Хэтчбек,416028,13,12529
BMW,X3,2023,53258.0,Автомат,Передний,Седан,2603118,3,17753
BMW,5 Series,2018,127899.0,Автомат,Передний,Седан,1097458,8,15987
BMW,3 Series,2014,140063.0,Автомат,Передний,Хэтчбек,727770,12,11672
Volkswagen,Passat,2008,226455.0,Механика,Полный,Седан,331449,18,12581
BMW,X5,2011,275983.0,Автомат,Полный,Хэтчбек,317843,15,18399
Hyundai,ix35,2020,88181.0,Автомат,Полный,Седан,886762,6,14697
Hyundai,Solaris,2016,166157.0,Автомат,Полный,Хэтчбек,323287,10,16616
Volkswagen,Tiguan,2019,108470.0,Автомат,Полный,Кроссовер,752611,7,15496
Toyota,Land Cruiser,2008,235120.0,Автомат,Полный,Седан,255043,18,13062
Kia,Ceed,2011,254442.0,Автомат,Передний,Седан,305467,15,16963
Volkswagen,Tiguan,2015,122785.0,Механика,Передний,Седан,314315,11,11162
Kia,Ceed,2010,237882.0,Автомат,Передний,Кроссовер,256656,16,14868
BMW,3 Series,2020,84970.0,Робот,Передний,Седан,1822713,6,14162
Hyundai,Solaris,2020,101027.0,Автомат,Полный,Седан,728861,6,16838
Kia,Sportage,2024,31677.0,Автомат,Передний,Кроссовер,1515596,2,15838
Kia,Sportage,2024,41650.0,Автомат,Передний,Кроссовер,1424344,2,20825
Toyota,Corolla,2008,190101.0,Робот,Передний,Кроссовер,297766,18,10561
Volkswagen,Passat,2011,244952.0,Механика,Передний,Кроссовер,274624,15,16330
Volkswagen,Passat,2014,149503.0,Механика,Передний,Кроссовер,255989,12,12459
Kia,Ceed,2023,40329.0,Механика,Передний,Хэтчбек,1279421,3,13443
Hyundai,ix35,2022,45324.0,Автомат,Полный,Седан,1481616,4,11331
Hyundai,Solaris,2018,126253.0,Автомат,Полный,Седан,483359,8,15782
Toyota,RAV4,2017,110363.0,Автомат,Передний,Седан,1110400,9,12263
Kia,Ceed,2012,210995.0,Робот,Передний,Кроссовер,297247,14,15071
Kia,Optima,2008,221340.0,Автомат,Полный,Кроссовер,302723,18,12297
Kia,Rio,2008,379078.0,Механика,Полный,Хэтчбек,336942,18,21060
Volkswagen,Golf,2020,71093.0,Механика,Задний,Хэтчбек,938647,6,11849
BMW,X5,2021,60175.0,Автомат,Передний,Кроссовер,1804535,5,12035
BMW,X5,2019,93558.0,Автомат,Полный,Кроссовер,1535528,7,13365
BMW,X3,2013,176711.0,Автомат,Передний,Кроссовер,414224,13,13593
BMW,5 Series,2023,39262.0,Автомат,Полный,Кроссовер,2204740,3,13087
Volkswagen,Tiguan,2019,91825.0,Автомат,Передний,Седан,735401,7,13118
BMW,X5,2022,51751.0,Автомат,Полный,Седан,2386202,4,12938
Hyundai,Santa Fe,2009,210201.0,Автомат,Полный,Кроссовер,325672,17,12365
Volkswagen,Passat,2014,201771.0,Автомат,Передний,Седан,313090,12,16814
Hyundai,Santa Fe,2023,61380.0,Робот,Полный,Седан,1297601,3,20460
Toyota,Corolla,2024,43471.0,Автомат,Передний,Хэтчбек,2358685,2,21736
Toyota,Camry,2008,300593.0,Автомат,Задний,Кроссовер,339485,18,16700
Volkswagen,Golf,2014,179020.0,Автомат,Полный,Кроссовер,263526,12,14918
Kia,Optima,2013,270119.0,Автомат,Полный,Седан,274676,13,20778
Hyundai,Tucson,2008,351481.0,Механика,Передний,Седан,325411,18,19527
Volkswagen,Polo,2009,327770.0,Робот,Передний,Седан,320737,17,19281
BMW,X5,2013,182149.0,Робот,Передний,Кроссовер,447094,13,14011
Volkswagen,Polo,2008,198113.0,Механика,Передний,Седан,311017,18,11006
Toyota,RAV4,2020,63041.0,Механика,Задний,Седан,1543311,6,10507
Kia,Ceed,2021,73063.0,Механика,Задний,Кроссовер,963615,5,14613
Toyota,Corolla,2019,92568.0,Автомат,Передний,Седан,1412475,7,13224
Volkswagen,Golf,2016,170899.0,Механика,Передний,Хэтчбек,257808,10,17090
Toyota,Camry,2021,73788.0,Механика,Полный,Хэтчбек,1626618,5,14758
BMW,X3,2013,144763.0,Автомат,Полный,Седан,515654,13,11136
Volkswagen,Passat,2022,56559.0,Робот,Полный,Седан,1073121,4,14140
Hyundai,ix35,2019,119867.0,Автомат,Передний,Седан,639696,7,17124
Kia,Optima,2012,390060.0,Автомат,Передний,Седан,296005,14,27861
Toyota,Corolla,2011,91293.0,Механика,Передний,Седан,465477,15,6086
Volkswagen,Golf,2024,31173.0,Автомат,Передний,Кроссовер,1431471,2,15586
Toyota,Camry,2013,135601.0,Автомат,Передний,Седан,595758,13,10431
Hyundai,Tucson,2023,67120.0,Автомат,Передний,Кроссовер,1510948,3,22373
Volkswagen,Passat,2024,28665.0,Робот,Передний,Седан,1861711,2,14332
Volkswagen,Passat,2020,80997.0,Автомат,Передний,Седан,928655,6,13500
Volkswagen,Tiguan,2022,76966.0,Автомат,Полный,Кроссовер,1130328,4,19242
BMW,X5,2011,207757.0,Робот,Задний,Седан,263695,15,13850
Kia,Sportage,2012,192588.0,Автомат,Передний,Кроссовер,262280,14,13756
Kia,Optima,2009,217115.0,Механика,Передний,Кроссовер,298365,17,12771
BMW,X3,2023,7716.0,Автомат,Полный,Кроссовер,2896297,3,2572
Kia,Sportage,2020,79151.0,Автомат,Передний,Седан,1045429,6,13192
Volkswagen,Golf,2011,187403.0,Механика,Задний,Кроссовер,328990,15,12494
BMW,5 Series,2012,176973.0,Механика,Полный,Кроссовер,281774,14,12641
Kia,Ceed,2010,261373.0,Автомат,Полный,Хэтчбек,315730,16,16336
Toyota,RAV4,2020,72102.0,Автомат,Передний,Кроссовер,1497428,6,12017
BMW,3 Series,2020,122734.0,Механика,Полный,Седан,1349366,6,20456
Hyundai,Solaris,2014,60479.0,Автомат,Полный,Седан,510750,12,5040
Toyota,Camry,2022,63978.0,Механика,Передний,Седан,2086002,4,15994
Hyundai,Tucson,2017,207934.0,Автомат,Задний,Хэтчбек,308860,9,23104
Kia,Ceed,2019,88855.0,Автомат,Передний,Хэтчбек,678454,7,12694
Hyundai,ix35,2008,390356.0,Механика,Полный,Кроссовер,279919,18,21686
BMW,X3,2023,41082.0,Автомат,Задний,Кроссовер,2738488,3,13694
Hyundai,Santa Fe,2019,114431.0,Робот,Полный,Хэтчбек,766016,7,16347
BMW,X3,2010,349216.0,Механика,Полный,Кроссовер,290867,16,21826
Kia,Rio,2014,203952.0,Автомат,Задний,Седан,325265,12,16996
Hyundai,ix35,2023,39059.0,Механика,Полный,Седан,1430903,3,13020
Kia,Rio,2024,27049.0,Автомат,Передний,Седан,1806740,2,13524
Hyundai,Santa Fe,2017,117964.0,Робот,Передний,Кроссовер,494713,9,13107
Volkswagen,Passat,2020,59256.0,Робот,Передний,Хэтчбек,1110547,6,9876
Volkswagen,Tiguan,2013,155414.0,Механика,Передний,Кроссовер,318006,13,11955
BMW,X5,2018,119643.0,Автомат,Передний,Седан,1305942,8,14955
Kia,Rio,2014,107664.0,Механика,Передний,Седан,281680,12,8972
Kia,Optima,2017,91866.0,Автомат,Передний,Седан,504537,9,10207
Hyundai,Santa Fe,2018,80935.0,Механика,Полный,Кроссовер,619382,8,10117
Kia,Rio,2008,363510.0,Автомат,Передний,Кроссовер,295377,18,20195
Hyundai,Santa Fe,2012,212565.0,Автомат,Передний,Кроссовер,261814,14,15183
BMW,X5,2016,127445.0,Механика,Полный,Седан,1027082,10,12744
Kia,Rio,2008,276862.0,Автомат,Задний,Седан,301812,18,15381
Volkswagen,Golf,2009,307171.0,Механика,Полный,Хэтчбек,291497,17,18069
Kia,Ceed,2009,280714.0,Автомат,Передний,Хэтчбек,292856,17,16513
BMW,3 Series,2008,279808.0,Автомат,Передний,Седан,321060,18,15545
Volkswagen,Passat,2015,115921.0,Автомат,Полный,Седан,358901,11,10538
Kia,Rio,2021,99780.0,Автомат,Полный,Хэтчбек,876052,5,19956
Kia,Sportage,2010,311690.0,Автомат,Задний,Седан,306589,16,19481
Volkswagen,Tiguan,2009,237164.0,Автомат,Полный,Кроссовер,271693,17,13951
Volkswagen,Golf,2015,171596.0,Автомат,Полный,Хэтчбек,264034,11,15600
Toyota,Camry,2023,31024.0,Автомат,Полный,Седан,2836491,3,10341
Volkswagen,Passat,2011,214481.0,Автомат,Передний,Седан,279068,15,14299
Toyota,Camry,2012,206256.0,Автомат,Передний,Кроссовер,305400,14,14733
Toyota,Corolla,2011,194821.0,Автомат,Задний,Хэтчбек,286651,15,12988
Hyundai,Tucson,2010,217960.0,Автомат,Передний,Кроссовер,304324,16,13622
Kia,Ceed,2024,11483.0,Механика,Передний,Хэтчбек,1906225,2,5742
Toyota,RAV4,2023,22047.0,Автомат,Передний,Кроссовер,2492019,3,7349
Toyota,Land Cruiser,2009,344964.0,Автомат,Передний,Хэтчбек,294066,17,20292
Hyundai,Solaris,2010,312534.0,Автомат,Передний,Хэтчбек,308709,16,19533
BMW,X5,2020,49537.0,Автомат,Полный,Кроссовер,1946094,6,8256
Kia,Rio,2009,216466.0,Автомат,Полный,Хэтчбек,303127,17,12733
Kia,Sportage,2017,153678.0,Механика,Передний,Хэтчбек,408083,9,17075
Hyundai,ix35,2024,30617.0,Автомат,Полный,Седан,1876648,2,15308
Hyundai,Santa Fe,2013,263828.0,Механика,Передний,Кроссовер,299935,13,20294
Volkswagen,Passat,2020,102356.0,Автомат,Передний,Седан,894672,6,17059
Volkswagen,Golf,2009,344628.0,Механика,Полный,Кроссовер,328993,17,20272
Kia,Rio,2010,261951.0,Автомат,Задний,Кроссовер,307081,16,16372
Toyota,Land Cruiser,2010,256913.0,Автомат,Передний,Седан,301112,16,16057
Toyota,Corolla,2010,323530.0,Автомат,Полный,Хэтчбек,302385,16,20221
BMW,3 Series,2009,328222.0,Механика,Полный,Хэтчбек,271329,17,19307
Kia,Optima,2022,37867.0,Робот,Передний,Хэтчбек,1207020,4,9467
Volkswagen,Tiguan,2008,235790.0,Автомат,Передний,Седан,300811,18,13099
BMW,X5,2020,90676.0,Автомат,Передний,Хэтчбек,1718679,6,15113
Hyundai,Solaris,2010,195130.0,Механика,Задний,Кроссовер,311355,16,12196
Kia,Ceed,2021,68399.0,Механика,Передний,Кроссовер,1234192,5,13680
BMW,X3,2011,225648.5,Автомат,Передний,Седан,349320,15,15043
Hyundai,Santa Fe,2008,292503.0,Робот,Полный,Хэтчбек,320537,18,16250
Hyundai,Solaris,2011,310594.0,Автомат,Передний,Хэтчбек,267180,15,20706
Hyundai,ix35,2010,140215.0,Автомат,Передний,Седан,299889,16,8763
Kia,Optima,2009,396418.0,Автомат,Передний,Седан,314678,17,23319
Kia,Rio,2008,266228.0,Автомат,Полный,Седан,333865,18,14790
Toyota,Camry,2022,63191.0,Механика,Полный,Седан,2313994,4,15798
BMW,3 Series,2022,60445.0,Автомат,Передний,Кроссовер,2354809,4,15111
Hyundai,ix35,2010,234788.0,Автомат,Задний,Хэтчбек,340957,16,14674
Kia,Rio,2012,152031.0,Автомат,Передний,Седан,340968,14,10859
Kia,Ceed,2017,185143.0,Автомат,Полный,Седан,265369,9,20571
Toyota,Camry,2012,348530.0,Автомат,Передний,Кроссовер,266089,14,24895
Kia,Rio,2013,202363.0,Робот,Передний,Седан,294968,13,15566
BMW,X3,2012,215031.0,Автомат,Полный,Кроссовер,300337,14,15359
Volkswagen,Tiguan,2024,43751.0,Механика,Полный,Хэтчбек,1650615,2,21876
Hyundai,Solaris,2012,150886.0,Автомат,Передний,Седан,278383,14,10778
Volkswagen,Polo,2024,27263.0,Автомат,Задний,Седан,1814642,2,13632
Hyundai,Tucson,2013,172930.0,Автомат,Задний,Седан,331352,13,13302
Toyota,Land Cruiser,2024,26088.0,Робот,Полный,Седан,2679058,2,13044
Volkswagen,Tiguan,2022,54572.0,Автомат,Передний,Кроссовер,1155199,4,13643
Kia,Ceed,2013,154258.0,Автомат,Передний,Седан,291063,13,11866
BMW,3 Series,2011,171420.0,Автомат,Передний,Седан,320249,15,11428
BMW,5 Series,2013,193130.0,Автомат,Передний,Хэтчбек,319815,13,14856
Kia,Ceed,2024,42208.0,Автомат,Задний,Седан,1684073,2,21104
Kia,Rio,2012,170424.0,Автомат,Передний,Кроссовер,326413,14,12173
Volkswagen,Golf,2016,138667.0,Автомат,Передний,Кроссовер,298002,10,13867
Toyota,Corolla,2017,133601.5,Автомат,Полный,Хэтчбек,722310,9,14845
Kia,Rio,2009,259314.0,Автомат,Задний,Кроссовер,286358,17,15254
Kia,Sportage,2009,360612.0,Механика,Передний,Хэтчбек,267513,17,21212
Hyundai,Solaris,2022,58886.0,Автомат,Задний,Кроссовер,1245360,4,14722
Toyota,RAV4,2021,57709.0,Автомат,Передний,Кроссовер,2018161,5,11542
BMW,X3,2012,161637.0,Механика,Полный,Кроссовер,415180,14,11546
Toyota,RAV4,2011,208676.0,Робот,Передний,Седан,267622,15,13912
Toyota,Land Cruiser,2011,293027.0,Автомат,Полный,Седан,331924,15,19535
Hyundai,ix35,2019,104998.0,Автомат,Передний,Хэтчбек,821756,7,15000
Toyota,RAV4,2010,236069.0,Автомат,Передний,Хэтчбек,309461,16,14754
BMW,X5,2023,53686.0,Автомат,Полный,Хэтчбек,2634883,3,17895
BMW,X3,2021,94659.0,Автомат,Передний,Хэтчбек,1687367,5,18932
Kia,Ceed,2021,65501.0,Автомат,Передний,Хэтчбек,1259254,5,13100
Toyota,RAV4,2011,245679.0,Механика,Передний,Седан,281715,15,16379
Kia,Rio,2010,240600.0,Робот,Передний,Седан,268136,16,15038
Kia,Sportage,2019,104311.0,Автомат,Передний,Хэтчбек,661488,7,14902
Hyundai,Tucson,2013,238478.0,Автомат,Полный,Кроссовер,316451,13,18344
BMW,X5,2016,71783.0,Автомат,Передний,Седан,1232199,10,7178
Kia,Ceed,2016,131986.0,Автомат,Полный,Хэтчбек,327883,10,13199
BMW,3 Series,2010,266995.0,Автомат,Полный,Хэтчбек,305632,16,16687
Volkswagen,Tiguan,2022,87478.0,Робот,Полный,Хэтчбек,1006197,4,21870
Kia,Rio,2009,219742.0,Автомат,Полный,Кроссовер,329497,17,12926
Kia,Optima,2019,91194.0,Автомат,Передний,Седан,893639,7,13028
Kia,Rio,2022,59377.0,Автомат,Передний,Кроссовер,1384246,4,14844
Kia,Rio,2017,124074.0,Автомат,Передний,Седан,521800,9,13786
Kia,Optima,2016,103941.0,Автомат,Передний,Хэтчбек,464255,10,10394
Toyota,Land Cruiser,2017,158830.0,Автомат,Передний,Кроссовер,1017217,9,17648
Toyota,Camry,2020,94185.0,Автомат,Полный,Хэтчбек,1779911,6,15698
Hyundai,Tucson,2024,34839.0,Автомат,Полный,Седан,1518634,2,17420
Volkswagen,Tiguan,2013,155928.0,Механика,Полный,Кроссовер,262400,13,11994
BMW,3 Series,2017,133601.5,Механика,Полный,Седан,864429,9,14845
Kia,Optima,2010,214706.0,Механика,Передний,Хэтчбек,312156,16,13419
Hyundai,Tucson,2019,120965.0,Автомат,Передний,Седан,667286,7,17281
Volkswagen,Golf,2022,40069.0,Автомат,Передний,Кроссовер,1128297,4,10017
Hyundai,Tucson,2015,172606.0,Механика,Задний,Кроссовер,280725,11,15691
Toyota,Land Cruiser,2011,180282.0,Автомат,Передний,Седан,256332,15,12019
Toyota,Corolla,2010,126221.0,Автомат,Передний,Седан,319902,16,7889
Hyundai,Tucson,2013,193130.0,Автомат,Передний,Кроссовер,260955,13,14856
Volkswagen,Passat,2014,149199.0,Робот,Передний,Хэтчбек,303743,12,12433
Volkswagen,Passat,2017,110488.0,Робот,Полный,Кроссовер,462831,9,12276
Volkswagen,Polo,2015,305482.0,Автомат,Передний,Седан,343117,11,27771
Kia,Optima,2024,30339.0,Механика,Передний,Хэтчбек,1801381,2,15170
Volkswagen,Polo,2016,166989.0,Робот,Передний,Седан,301599,10,16699
Toyota,RAV4,2010,234175.0,Автомат,Полный,Хэтчбек,321138,16,14636
Hyundai,ix35,2017,80795.0,Автомат,Полный,Седан,635715,9,8977
Hyundai,Santa Fe,2016,114484.0,Автомат,Передний,Кроссовер,473802,10,11448
Hyundai,Tucson,2016,188596.0,Автомат,Передний,Седан,305927,10,18860
Volkswagen,Passat,2009,269461.0,Механика,Передний,Кроссовер,339936,17,15851
Volkswagen,Passat,2024,37593.0,Автомат,Полный,Кроссовер,1551926,2,18796
Volkswagen,Passat,2017,151574.0,Механика,Передний,Кроссовер,392210,9,16842
Hyundai,Tucson,2020,49271.0,Автомат,Передний,Кроссовер,912577,6,8212
Hyundai,Solaris,2020,125519.0,Робот,Полный,Седан,877519,6,20920
Kia,Rio,2009,227708.0,Автомат,Передний,Хэтчбек,295045,17,13395
Kia,Ceed,2016,145228.0,Механика,Передний,Хэтчбек,310549,10,14523
Volkswagen,Tiguan,2010,139452.0,Автомат,Передний,Кроссовер,279815,16,8716
Toyota,Camry,2011,275089.0,Автомат,Передний,Кроссовер,326015,15,18339
BMW,X5,2020,84345.0,Автомат,Передний,Кроссовер,1611169,6,14058
Kia,Optima,2012,248520.0,Автомат,Полный,Хэтчбек,272276,14,17751
Kia,Sportage,2017,174199.0,Механика,Полный,Хэтчбек,276546,9,19355
Kia,Sportage,2023,57655.0,Механика,Передний,Седан,1194681,3,19218
BMW,5 Series,2020,116672.0,Механика,Задний,Седан,1428439,6,19445
BMW,X3,2021,85660.0,Автомат,Передний,Хэтчбек,1658250,5,17132
BMW,3 Series,2011,213204.0,Автомат,Передний,Седан,276831,15,14214
Kia,Ceed,2019,112117.0,Механика,Полный,Хэтчбек,622236,7,16017
Toyota,RAV4,2012,300450.0,Автомат,Полный,Кроссовер,301841,14,21461
Volkswagen,Golf,2019,110225.0,Механика,Передний,Седан,612318,7,15746
BMW,3 Series,2012,225591.0,Робот,Передний,Кроссовер,269345,14,16114
BMW,X5,2014,142529.0,Автомат,Передний,Седан,543166,12,11877
BMW,5 Series,2020,104064.0,Автомат,Полный,Седан,1717667,6,17344
Volkswagen,Tiguan,2024,26544.0,Автомат,Полный,Хэтчбек,1636590,2,13272
BMW,X5,2012,227187.0,Автомат,Полный,Хэтчбек,256686,14,16228
BMW,X3,2011,342063.0,Робот,Передний,Кроссовер,340405,15,22804
Hyundai,Solaris,2020,79829.0,Автомат,Передний,Седан,799310,6,13305
Hyundai,ix35,2009,193856.0,Автомат,Полный,Хэтчбек,283073,17,11403
BMW,X5,2021,67449.0,Автомат,Передний,Седан,1697184,5,13490
Hyundai,Santa Fe,2014,290596.0,Автомат,Полный,Хэтчбек,269939,12,24216
Volkswagen,Passat,2009,371003.0,Автомат,Передний,Седан,344982,17,21824
Toyota,Corolla,2020,65749.0,Автомат,Передний,Кроссовер,1910211,6,10958
Hyundai,ix35,2011,204316.0,Автомат,Полный,Седан,271368,15,13621
Toyota,Camry,2012,104766.0,Автомат,Полный,Кроссовер,497740,14,7483
Kia,Sportage,2015,166768.0,Автомат,Передний,Хэтчбек,267133,11,15161
Kia,Optima,2018,57682.0,Автомат,Полный,Хэтчбек,783814,8,7210
Kia,Ceed,2024,37103.0,Автомат,Передний,Хэтчбек,1405182,2,18552
Hyundai,Tucson,2013,183725.0,Автомат,Полный,Седан,291750,13,14133
Volkswagen,Golf,2015,153399.0,Механика,Полный,Кроссовер,332734,11,13945
Toyota,RAV4,2010,208983.0,Автомат,Передний,Седан,313335,16,13061
Volkswagen,Polo,2022,46122.0,Автомат,Передний,Хэтчбек,1181146,4,11530
BMW,5 Series,2010,237882.0,Автомат,Полный,Кроссовер,303149,16,14868
BMW,X5,2011,220653.0,Робот,Полный,Седан,274383,15,14710
Toyota,Land Cruiser,2023,41647.0,Автомат,Задний,Кроссовер,2524245,3,13882
Kia,Ceed,2015,233695.0,Автомат,Передний,Кроссовер,340688,11,21245
BMW,X3,2017,90774.0,Механика,Передний,Седан,1213551,9,10086
Kia,Ceed,2019,71250.0,Механика,Передний,Седан,964892,7,10179
Toyota,RAV4,2009,259309.0,Робот,Полный,Хэтчбек,293006,17,15253
Kia,Optima,2010,230517.0,Автомат,Передний,Хэтчбек,340203,16,14407
Volkswagen,Passat,2020,102692.0,Автомат,Полный,Хэтчбек,820350,6,17115
Hyundai,ix35,2014,101666.0,Автомат,Задний,Седан,332225,12,8472
Kia,Sportage,2010,121495.0,Механика,Передний,Кроссовер,337594,16,7593
Hyundai,Solaris,2013,230428.0,Автомат,Полный,Кроссовер,295441,13,17725
Hyundai,Tucson,2015,207607.0,Автомат,Передний,Хэтчбек,343828,11,18873
Toyota,Land Cruiser,2012,148927.0,Автомат,Передний,Седан,441534,14,10638
Volkswagen,Golf,2021,73253.0,Автомат,Передний,Хэтчбек,1037301,5,14651
BMW,3 Series,2013,161609.0,Механика,Передний,Кроссовер,510024,13,12431
Volkswagen,Tiguan,2009,188172.0,Автомат,Полный,Хэтчбек,264812,17,11069
Hyundai,ix35,2020,56265.0,Автомат,Полный,Хэтчбек,901507,6,9378
Toyota,Corolla,2020,70595.0,Механика,Полный,Седан,1558851,6,11766
BMW,X3,2023,58591.0,Механика,Полный,Седан,2498569,3,19530
Toyota,Camry,2015,202273.0,Автомат,Полный,Седан,484110,11,18388
Toyota,Land Cruiser,2023,46854.0,Автомат,Передний,Кроссовер,2233103,3,15618
BMW,X5,2018,109245.0,Механика,Полный,Хэтчбек,1367005,8,13656
Toyota,RAV4,2009,230091.0,Автомат,Передний,Кроссовер,315059,17,13535
Kia,Rio,2010,208299.0,Механика,Полный,Кроссовер,298698,16,13019
Toyota,RAV4,2020,86937.0,Механика,Полный,Кроссовер,1484727,6,14490
Toyota,Corolla,2018,102649.0,Механика,Задний,Кроссовер,1397079,8,12831
Hyundai,ix35,2013,258633.0,Робот,Полный,Кроссовер,292218,13,19895
Hyundai,Tucson,2011,97708.0,Механика,Задний,Хэтчбек,333654,15,6514
Volkswagen,Tiguan,2018,119802.0,Автомат,Полный,Седан,656072,8,14975
Kia,Sportage,2016,136401.0,Механика,Полный,Седан,371063,10,13640
Toyota,Corolla,2019,106939.5,Автомат,Передний,Хэтчбек,1370179,7,15277
BMW,X5,2017,119265.0,Автомат,Полный,Хэтчбек,1217143,9,13252
Toyota,Land Cruiser,2023,44212.0,Робот,Полный,Хэтчбек,2074271,3,14737
Kia,Ceed,2011,253324.0,Автомат,Полный,Седан,267959,15,16888
BMW,X3,2010,270442.0,Автомат,Полный,Хэтчбек,316786,16,16903
Volkswagen,Tiguan,2014,158371.0,Механика,Полный,Кроссовер,290225,12,13198
Hyundai,Santa Fe,2018,102005.0,Автомат,Задний,Кроссовер,626099,8,12751
Kia,Ceed,2009,239263.0,Автомат,Передний,Хэтчбек,323695,17,14074
Kia,Ceed,2008,258187.0,Механика,Полный,Кроссовер,260602,18,14344
Kia,Ceed,2016,88738.0,Механика,Передний,Седан,515504,10,8874
BMW,X5,2008,267340.0,Механика,Передний,Седан,333513,18,14852
Kia,Ceed,2017,171497.0,Автомат,Полный,Седан,320677,9,19055
Toyota,Camry,2017,96452.0,Автомат,Передний,Хэтчбек,1095249,9,10717
Toyota,Land Cruiser,2008,223854.0,Автомат,Полный,Кроссовер,272669,18,12436
Volkswagen,Tiguan,2020,92184.0,Автомат,Задний,Седан,884232,6,15364
Volkswagen,Polo,2011,137244.0,Робот,Передний,Кроссовер,266373,15,9150
Toyota,Corolla,2021,54021.0,Механика,Передний,Кроссовер,2174430,5,10804
Kia,Ceed,2019,136749.0,Механика,Передний,Кроссовер,693975,7,19536
BMW,X5,2021,39502.0,Механика,Передний,Кроссовер,2231274,5,7900
Volkswagen,Golf,2018,163373.0,Автомат,Полный,Кроссовер,421551,8,20422
Volkswagen,Golf,2021,77115.0,Автомат,Передний,Седан,1206713,5,15423
Hyundai,ix35,2012,127151.0,Автомат,Передний,Кроссовер,285355,14,9082
Kia,Sportage,2017,132820.0,Автомат,Полный,Кроссовер,489754,9,14758
Kia,Ceed,2023,38415.0,Автомат,Передний,Кроссовер,1625792,3,12805
Kia,Optima,2018,121031.5,Автомат,Полный,Кроссовер,496079,8,15129
Hyundai,ix35,2018,69106.0,Механика,Передний,Кроссовер,854687,8,8638
Toyota,Land Cruiser,2008,274282.0,Механика,Передний,Хэтчбек,270758,18,15238
Kia,Sportage,2014,139294.0,Автомат,Передний,Кроссовер,307691,12,11608
Kia,Optima,2016,227000.0,Автомат,Передний,Кроссовер,281262,10,22700
Volkswagen,Passat,2018,83792.0,Механика,Полный,Седан,734793,8,10474
BMW,X3,2015,223479.0,Механика,Полный,Седан,399200,11,20316
Volkswagen,Tiguan,2016,222527.0,Автомат,Передний,Кроссовер,302145,10,22253
Toyota,Corolla,2012,212565.0,Автомат,Передний,Кроссовер,312798,14,15183
BMW,3 Series,2023,39510.0,Автомат,Полный,Седан,2572372,3,13170
Toyota,Land Cruiser,2009,374298.0,Автомат,Полный,Кроссовер,332980,17,22018
Volkswagen,Polo,2014,122239.0,Автомат,Полный,Кроссовер,306568,12,10187
Kia,Sportage,2016,221471.0,Автомат,Передний,Хэтчбек,264604,10,22147
Kia,Optima,2022,83260.0,Механика,Передний,Хэтчбек,1199966,4,20815
Kia,Ceed,2014,210037.0,Механика,Полный,Кроссовер,290833,12,17503
Kia,Sportage,2020,81290.0,Механика,Передний,Хэтчбек,896619,6,13548
Toyota,Corolla,2021,86723.0,Автомат,Передний,Кроссовер,1775515,5,17345
Toyota,RAV4,2008,301041.0,Робот,Передний,Седан,317645,18,16724
Toyota,Camry,2011,272037.0,Механика,Полный,Хэтчбек,315328,15,18136
Hyundai,Santa Fe,2017,133092.0,Механика,Передний,Хэтчбек,382604,9,14788
Toyota,RAV4,2017,154339.0,Механика,Передний,Седан,854553,9,17149
BMW,5 Series,2022,41538.0,Механика,Передний,Седан,2438609,4,10384
Kia,Rio,2012,223397.0,Автомат,Передний,Кроссовер,336402,14,15957
Kia,Sportage,2018,71484.0,Механика,Полный,Хэтчбек,710524,8,8936
Kia,Ceed,2010,216195.0,Автомат,Передний,Кроссовер,267460,16,13512
Toyota,Land Cruiser,2022,42429.0,Автомат,Передний,Хэтчбек,2147514,4,10607
BMW,X5,2019,115075.0,Автомат,Передний,Кроссовер,1243519,7,16439
BMW,X3,2012,184072.0,Автомат,Задний,Хэтчбек,335858,14,13148
Kia,Sportage,2021,80690.0,Механика,Полный,Хэтчбек,1154903,5,16138
Volkswagen,Passat,2011,214660.0,Робот,Полный,Седан,268441,15,14311
Kia,Sportage,2021,71346.0,Робот,Полный,Седан,1025147,5,14269
BMW,X5,2021,78053.0,Автомат,Полный,Седан,1868598,5,15611
Volkswagen,Polo,2009,300824.0,Автомат,Передний,Кроссовер,295704,17,17696
Volkswagen,Tiguan,2013,187022.0,Автомат,Полный,Хэтчбек,321163,13,14386
Kia,Optima,2019,166669.0,Механика,Полный,Хэтчбек,465451,7,23810
Volkswagen,Passat,2021,77216.0,Механика,Полный,Хэтчбек,955826,5,15443
Hyundai,Solaris,2022,58430.0,Робот,Задний,Хэтчбек,1245052,4,14608
Kia,Ceed,2024,34984.0,Механика,Передний,Седан,1582406,2,17492
Hyundai,ix35,2019,128900.0,Автомат,Задний,Седан,589208,7,18414
Volkswagen,Golf,2017,107573.0,Автомат,Передний,Хэтчбек,543529,9,11953
Hyundai,ix35,2013,171611.0,Автомат,Полный,Кроссовер,285226,13,13201
Hyundai,Solaris,2010,212406.0,Автомат,Передний,Хэтчбек,276648,16,13275
Toyota,RAV4,2019,75016.0,Робот,Передний,Седан,1487527,7,10717
Hyundai,Tucson,2016,157129.0,Механика,Полный,Кроссовер,318264,10,15713
Toyota,Camry,2008,358335.0,Автомат,Полный,Седан,289991,18,19908
BMW,X3,2009,204107.0,Механика,Передний,Седан,287135,17,12006
Volkswagen,Tiguan,2014,165386.0,Механика,Задний,Хэтчбек,282901,12,13782
Toyota,RAV4,2009,190334.0,Автомат,Полный,Кроссовер,292652,17,11196
Toyota,RAV4,2008,139157.0,Механика,Полный,Седан,330842,18,7731
Kia,Rio,2019,67717.0,Робот,Передний,Хэтчбек,798004,7,9674
Toyota,Land Cruiser,2012,171286.0,Автомат,Полный,Седан,381615,14,12235
Volkswagen,Polo,2024,13598.0,Механика,Полный,Хэтчбек,1546840,2,6799
Hyundai,Santa Fe,2019,111380.0,Автомат,Задний,Седан,780774,7,15911
Volkswagen,Passat,2024,27111.0,Автомат,Передний,Хэтчбек,1603926,2,13556
Volkswagen,Passat,2014,185527.0,Робот,Полный,Хэтчбек,260377,12,15461
Volkswagen,Golf,2022,5528.0,Автомат,Передний,Кроссовер,1229105,4,1382
BMW,5 Series,2013,283600.0,Механика,Передний,Кроссовер,279703,13,21815
Hyundai,Tucson,2024,40625.0,Робот,Передний,Кроссовер,1435039,2,20312
BMW,X3,2019,118943.0,Автомат,Полный,Хэтчбек,1356305,7,16992
Kia,Optima,2008,282814.0,Автомат,Передний,Хэтчбек,280384,18,15712
Volkswagen,Tiguan,2013,172571.0,Механика,Полный,Кроссовер,262603,13,13275
Toyota,Land Cruiser,2022,90494.0,Автомат,Полный,Кроссовер,2134293,4,22624
Volkswagen,Passat,2016,137351.0,Автомат,Полный,Кроссовер,345611,10,13735
Kia,Rio,2009,303376.0,Автомат,Передний,Кроссовер,319569,17,17846
Volkswagen,Tiguan,2020,90119.0,Автомат,Передний,Хэтчбек,915666,6,15020
Volkswagen,Polo,2014,205578.0,Автомат,Полный,Хэтчбек,295572,12,17132
Kia,Optima,2013,209289.0,Автомат,Передний,Хэтчбек,301125,13,16099
BMW,5 Series,2023,33936.0,Механика,Передний,Седан,2218521,3,11312
BMW,X5,2009,200923.0,Автомат,Полный,Седан,311744,17,11819
Kia,Optima,2011,121121.0,Автомат,Задний,Хэтчбек,319892,15,8075
Toyota,Camry,2008,172275.0,Автомат,Передний,Хэтчбек,278790,18,9571
Kia,Sportage,2020,65024.0,Автомат,Полный,Седан,912289,6,10837
Toyota,Land Cruiser,2009,259613.0,Автомат,Полный,Хэтчбек,278866,17,15271
Volkswagen,Tiguan,2011,225648.5,Механика,Передний,Кроссовер,344770,15,15043
Toyota,Corolla,2017,132361.0,Автомат,Передний,Хэтчбек,1187865,9,14707
Kia,Rio,2018,124886.0,Автомат,Полный,Хэтчбек,515569,8,15611
Kia,Ceed,2022,56131.0,Робот,Задний,Кроссовер,1303144,4,14033
Hyundai,Tucson,2019,163710.0,Механика,Полный,Седан,516612,7,23387
Kia,Ceed,2012,212565.0,Автомат,Полный,Седан,282887,14,15183
Volkswagen,Golf,2013,218365.0,Механика,Передний,Хэтчбек,332313,13,16797
Volkswagen,Passat,2010,318644.0,Автомат,Передний,Хэтчбек,287510,16,19915
Hyundai,Tucson,2016,176196.0,Робот,Задний,Кроссовер,340442,10,17620
Volkswagen,Passat,2008,483212.0,Робот,Передний,Седан,312465,18,26845
Toyota,Corolla,2023,37952.0,Автомат,Передний,Кроссовер,2785679,3,12651
Volkswagen,Tiguan,2013,187468.0,Автомат,Полный,Седан,324291,13,14421
Toyota,Corolla,2009,168705.0,Автомат,Полный,Седан,336922,17,9924
Hyundai,ix35,2022,40751.0,Автомат,Передний,Кроссовер,1235151,4,10188
Hyundai,Solaris,2010,321513.0,Механика,Передний,Седан,332958,16,20095
Kia,Optima,2012,154673.0,Механика,Полный,Седан,327197,14,11048
Volkswagen,Passat,2020,56474.0,Автомат,Полный,Кроссовер,895611,6,9412
Kia,Ceed,2020,93004.0,Автомат,Передний,Кроссовер,926457,6,15501
Kia,Ceed,2022,84840.0,Механика,Передний,Хэтчбек,1133316,4,21210
Hyundai,Solaris,2023,35339.0,Автомат,Передний,Седан,1638897,3,11780
Volkswagen,Passat,2012,184412.0,Автомат,Полный,Хэтчбек,333485,14,13172
BMW,5 Series,2010,151419.0,Механика,Полный,Седан,287587,16,9464
BMW,X3,2018,115372.0,Механика,Задний,Седан,1205984,8,14422
BMW,5 Series,2009,165297.0,Механика,Полный,Седан,288070,17,9723
Hyundai,Santa Fe,2020,117886.0,Механика,Передний,Кроссовер,909273,6,19648
Toyota,RAV4,2008,318539.0,Механика,Передний,Седан,298980,18,17697
Volkswagen,Polo,2010,121013.0,Автомат,Передний,Хэтчбек,314510,16,7563
BMW,X3,2018,157489.0,Автомат,Полный,Кроссовер,1248222,8,19686
Hyundai,ix35,2016,127168.0,Механика,Полный,Седан,369810,10,12717
Kia,Sportage,2018,115532.0,Механика,Передний,Хэтчбек,611013,8,14442
Toyota,Corolla,2010,162025.0,Механика,Передний,Седан,273146,16,10127
Toyota,RAV4,2018,112159.0,Автомат,Полный,Хэтчбек,1238809,8,14020
Hyundai,Solaris,2023,48715.0,Робот,Полный,Кроссовер,1492593,3,16238
Toyota,RAV4,2021,72172.0,Механика,Передний,Кроссовер,1739843,5,14434
Kia,Optima,2008,219053.0,Механика,Полный,Седан,278430,18,12170
Toyota,RAV4,2009,398074.0,Автомат,Передний,Седан,276424,17,23416
BMW,X3,2014,190949.0,Автомат,Полный,Кроссовер,471590,12,15912
Kia,Rio,2021,86672.0,Механика,Полный,Хэтчбек,1151108,5,17334
Toyota,Corolla,2015,240774.0,Автомат,Передний,Хэтчбек,391819,11,21889
BMW,3 Series,2024,20332.0,Автомат,Передний,Кроссовер,2901307,2,10166
Toyota,Camry,2011,144167.0,Механика,Передний,Хэтчбек,355382,15,9611
Kia,Rio,2008,197405.0,Механика,Полный,Седан,278727,18,10967
Volkswagen,Polo,2012,122448.0,Механика,Передний,Кроссовер,273918,14,8746
Kia,Ceed,2023,31946.0,Автомат,Передний,Кроссовер,1550252,3,10649
Kia,Rio,2022,72159.0,Автомат,Передний,Кроссовер,1126377,4,18040
Volkswagen,Polo,2013,174636.0,Механика,Передний,Кроссовер,311532,13,13434
Hyundai,Santa Fe,2022,74215.0,Автомат,Передний,Хэтчбек,1264520,4,18554
Volkswagen,Passat,2017,103581.0,Автомат,Полный,Седан,607929,9,11509
Volkswagen,Polo,2021,77647.0,Механика,Передний,Кроссовер,1062992,5,15529
Toyota,RAV4,2017,131449.0,Механика,Полный,Кроссовер,1121686,9,14605
Volkswagen,Polo,2008,413043.0,Автомат,Полный,Хэтчбек,275815,18,22947
BMW,3 Series,2022,107386.0,Автомат,Передний,Хэтчбек,1796840,4,26846
Hyundai,Santa Fe,2013,160061.0,Автомат,Передний,Седан,255255,13,12312
BMW,5 Series,2010,193455.0,Автомат,Полный,Хэтчбек,287549,16,12091
Toyota,Camry,2016,146835.0,Автомат,Полный,Кроссовер,753009,10,14684
Toyota,Camry,2024,26824.0,Автомат,Передний,Кроссовер,3061566,2,13412
Hyundai,Santa Fe,2024,33730.0,Автомат,Передний,Кроссовер,1635048,2,16865
Hyundai,Santa Fe,2015,101979.0,Автомат,Передний,Кроссовер,369604,11,9271
BMW,X3,2023,63855.0,Механика,Полный,Кроссовер,2511664,3,21285
Volkswagen,Polo,2018,120318.0,Автомат,Передний,Хэтчбек,663544,8,15040
Toyota,Land Cruiser,2020,98785.0,Автомат,Передний,Седан,1866534,6,16464
BMW,X5,2015,233262.0,Механика,Полный,Седан,423887,11,21206
Hyundai,ix35,2022,42025.0,Автомат,Полный,Хэтчбек,1239584,4,10506
Kia,Optima,2024,17958.0,Автомат,Полный,Кроссовер,1465790,2,8979
BMW,X5,2011,230666.0,Автомат,Передний,Кроссовер,268425,15,15378
BMW,3 Series,2012,222387.0,Механика,Полный,Хэтчбек,303277,14,15885
Kia,Rio,2019,133711.0,Механика,Передний,Седан,708442,7,19102
BMW,3 Series,2011,240686.0,Автомат,Полный,Хэтчбек,336247,15,16046
Kia,Optima,2015,139926.0,Автомат,Передний,Хэтчбек,319122,11,12721
Hyundai,Tucson,2015,102545.0,Автомат,Задний,Кроссовер,368533,11,9322
BMW,3 Series,2013,231471.0,Автомат,Передний,Седан,344031,13,17805
Toyota,Land Cruiser,2012,246418.0,Автомат,Передний,Кроссовер,257745,14,17601
Volkswagen,Polo,2011,192331.0,Механика,Передний,Кроссовер,257638,15,12822
Kia,Rio,2015,219766.0,Механика,Задний,Седан,332951,11,19979
Hyundai,Tucson,2014,164450.0,Робот,Передний,Хэтчбек,290320,12,13704
Hyundai,ix35,2021,41157.0,Автомат,Передний,Кроссовер,1140980,5,8231
Toyota,RAV4,2017,169118.0,Автомат,Передний,Хэтчбек,918334,9,18791
Kia,Sportage,2015,142950.0,Автомат,Полный,Седан,264185,11,12995
Toyota,Land Cruiser,2020,112629.0,Механика,Передний,Седан,1564679,6,18772
BMW,X3,2019,100771.0,Автомат,Передний,Седан,1453607,7,14396
BMW,5 Series,2023,53600.0,Автомат,Передний,Седан,2514174,3,17867
Toyota,Land Cruiser,2018,165027.0,Механика,Передний,Седан,918127,8,20628
BMW,X5,2022,75224.0,Механика,Передний,Кроссовер,2402985,4,18806
Hyundai,Tucson,2016,157419.0,Механика,Полный,Седан,292541,10,15742
Volkswagen,Golf,2016,57581.0,Механика,Полный,Хэтчбек,606368,10,5758
Toyota,RAV4,2016,130210.0,Механика,Полный,Хэтчбек,894059,10,13021
Hyundai,Tucson,2023,41228.0,Автомат,Полный,Кроссовер,1627169,3,13743
Kia,Optima,2008,285074.0,Робот,Полный,Кроссовер,344091,18,15837
Toyota,RAV4,2014,173285.0,Механика,Полный,Седан,558426,12,14440
Kia,Sportage,2011,290451.0,Автомат,Задний,Кроссовер,331140,15,19363
Hyundai,ix35,2010,206273.0,Робот,Передний,Хэтчбек,306612,16,12892
Volkswagen,Passat,2021,82803.0,Автомат,Полный,Кроссовер,929088,5,16561
BMW,X5,2010,159060.0,Автомат,Передний,Кроссовер,260056,16,9941
BMW,X3,2010,175762.0,Механика,Передний,Хэтчбек,304612,16,10985
Volkswagen,Tiguan,2015,111933.0,Автомат,Полный,Хэтчбек,371455,11,10176
Volkswagen,Tiguan,2024,30439.0,Механика,Передний,Седан,1737213,2,15220
Kia,Sportage,2014,196187.0,Автомат,Передний,Седан,314220,12,16349
Toyota,Corolla,2017,158104.0,Автомат,Передний,Хэтчбек,862482,9,17567
Hyundai,ix35,2013,185010.0,Механика,Передний,Хэтчбек,264485,13,14232
Toyota,RAV4,2010,204290.0,Автомат,Полный,Хэтчбек,325097,16,12768
Kia,Optima,2020,125270.0,Автомат,Передний,Кроссовер,745668,6,20878
Volkswagen,Polo,2022,58839.0,Автомат,Передний,Хэтчбек,1161482,4,14710
Volkswagen,Polo,2008,220129.0,Механика,Передний,Кроссовер,270648,18,12229
Volkswagen,Passat,2013,193130.0,Механика,Полный,Хэтчбек,292083,13,14856
Volkswagen,Polo,2010,288959.0,Автомат,Передний,Седан,317603,16,18060
Hyundai,Santa Fe,2023,43855.0,Механика,Передний,Седан,1233728,3,14618
Hyundai,ix35,2019,119725.0,Механика,Полный,Седан,619952,7,17104
Volkswagen,Polo,2014,171952.0,Автомат,Передний,Хэтчбек,281528,12,14329
Toyota,Camry,2022,64015.0,Автомат,Передний,Кроссовер,2325495,4,16004
Toyota,RAV4,2017,166807.0,Автомат,Передний,Хэтчбек,858388,9,18534
Kia,Sportage,2010,247109.0,Робот,Передний,Кроссовер,329174,16,15444
Kia,Rio,2012,315297.0,Автомат,Передний,Кроссовер,326593,14,22521
Toyota,RAV4,2019,76859.0,Автомат,Передний,Хэтчбек,1451199,7,10980
Volkswagen,Tiguan,2015,165872.0,Автомат,Полный,Хэтчбек,312022,11,15079
Volkswagen,Polo,2024,29635.0,Механика,Полный,Седан,1701793,2,14818
Kia,Rio,2024,28326.0,Автомат,Полный,Седан,1488336,2,14163
Kia,Rio,2015,238246.0,Автомат,Передний,Хэтчбек,311385,11,21659
Toyota,Land Cruiser,2008,256990.0,Автомат,Передний,Седан,260901,18,14277
BMW,X5,2018,80096.0,Автомат,Полный,Кроссовер,1316518,8,10012
BMW,3 Series,2012,204912.0,Автомат,Задний,Седан,326743,14,14637
Volkswagen,Tiguan,2017,137211.0,Автомат,Передний,Хэтчбек,480714,9,15246
Kia,Optima,2022,46900.0,Автомат,Полный,Хэтчбек,1170997,4,11725
Toyota,Corolla,2017,142294.0,Автомат,Полный,Седан,970007,9,15810
Kia,Optima,2012,286166.0,Автомат,Передний,Кроссовер,326300,14,20440
Toyota,Camry,2021,69187.0,Механика,Полный,Кроссовер,1952539,5,13837
BMW,X3,2013,192563.0,Робот,Задний,Кроссовер,303806,13,14813
Volkswagen,Passat,2018,103676.0,Автомат,Полный,Кроссовер,622703,8,12960
Toyota,Camry,2020,81359.0,Механика,Передний,Хэтчбек,1582241,6,13560
Toyota,Land Cruiser,2019,127396.0,Автомат,Передний,Кроссовер,1229176,7,18199
Volkswagen,Golf,2013,200115.0,Механика,Передний,Кроссовер,295302,13,15393
BMW,X3,2024,24843.0,Автомат,Полный,Седан,3103482,2,12422
Toyota,Camry,2009,210145.0,Автомат,Передний,Кроссовер,267622,17,12361
Kia,Optima,2016,185978.0,Автомат,Передний,Хэтчбек,329121,10,18598
Kia,Ceed,2016,126130.0,Механика,Передний,Кроссовер,380633,10,12613
Toyota,Land Cruiser,2010,324884.0,Автомат,Задний,Кроссовер,274760,16,20305
Toyota,RAV4,2010,175548.0,Механика,Полный,Кроссовер,277833,16,10972
Toyota,Land Cruiser,2021,70473.0,Механика,Передний,Седан,1799100,5,14095
Volkswagen,Tiguan,2020,92739.0,Автомат,Передний,Хэтчбек,982486,6,15456
Volkswagen,Passat,2013,193292.0,Автомат,Передний,Седан,272434,13,14869
BMW,X3,2014,127039.0,Механика,Передний,Хэтчбек,639385,12,10587
Volkswagen,Polo,2012,227267.0,Механика,Передний,Седан,305904,14,16233
Toyota,RAV4,2018,92742.0,Автомат,Передний,Хэтчбек,1344992,8,11593
BMW,X3,2011,190590.0,Механика,Передний,Хэтчбек,274679,15,12706
Hyundai,Solaris,2014,181325.0,Автомат,Полный,Седан,341024,12,15110
Volkswagen,Polo,2010,385713.0,Автомат,Полный,Хэтчбек,258690,16,24107
Hyundai,Santa Fe,2009,233968.0,Автомат,Передний,Седан,307142,17,13763
Kia,Rio,2010,213571.0,Автомат,Передний,Хэтчбек,281403,16,13348
BMW,X5,2008,262987.0,Автомат,Передний,Кроссовер,342689,18,14610
Hyundai,Santa Fe,2017,174638.0,Автомат,Задний,Седан,270161,9,19404
BMW,X5,2008,156502.0,Автомат,Задний,Седан,328965,18,8695
Volkswagen,Tiguan,2016,146835.0,Автомат,Полный,Седан,297160,10,14684
Hyundai,Solaris,2021,65620.0,Автомат,Передний,Седан,1214722,5,13124
Volkswagen,Golf,2014,172044.0,Механика,Передний,Седан,282304,12,14337
Toyota,Camry,2010,353353.0,Автомат,Полный,Седан,290114,16,22085
Hyundai,ix35,2008,276828.0,Автомат,Передний,Седан,289409,18,15379
BMW,X3,2019,151604.0,Робот,Полный,Седан,1182969,7,21658
Hyundai,Tucson,2015,144414.0,Автомат,Передний,Седан,258533,11,13129
Hyundai,Santa Fe,2016,193776.0,Автомат,Передний,Седан,277625,10,19378
BMW,X3,2011,288946.0,Автомат,Передний,Хэтчбек,329242,15,19263
Hyundai,Tucson,2017,149964.0,Автомат,Полный,Хэтчбек,386259,9,16663
Toyota,Corolla,2010,253580.0,Автомат,Передний,Хэтчбек,306522,16,15849
Kia,Rio,2008,403027.0,Автомат,Передний,Седан,342316,18,22390
BMW,X5,2008,281144.0,Робот,Полный,Седан,344546,18,15619
Kia,Rio,2016,109914.0,Механика,Задний,Хэтчбек,489594,10,10991
Hyundai,Solaris,2021,74050.0,Механика,Передний,Кроссовер,920994,5,14810
Kia,Sportage,2013,203827.0,Автомат,Полный,Хэтчбек,302291,13,15679
Kia,Rio,2011,265161.0,Автомат,Полный,Кроссовер,292656,15,17677
Hyundai,Solaris,2016,128425.0,Автомат,Передний,Седан,348580,10,12842
Toyota,Land Cruiser,2019,120496.0,Робот,Задний,Кроссовер,1310816,7,17214
Volkswagen,Tiguan,2010,151474.0,Механика,Полный,Седан,294836,16,9467
Hyundai,Santa Fe,2012,201878.0,Автомат,Полный,Кроссовер,341849,14,14420
BMW,3 Series,2023,49188.0,Механика,Полный,Хэтчбек,2319507,3,16396
BMW,5 Series,2018,135618.0,Автомат,Передний,Кроссовер,1297155,8,16952
Volkswagen,Tiguan,2019,102598.0,Автомат,Полный,Седан,780822,7,14657
BMW,5 Series,2013,213400.0,Робот,Полный,Хэтчбек,330927,13,16415
Kia,Sportage,2021,71412.0,Автомат,Задний,Кроссовер,1061652,5,14282
Kia,Ceed,2018,171363.0,Автомат,Передний,Седан,455675,8,21420
Volkswagen,Tiguan,2018,139617.0,Автомат,Задний,Хэтчбек,531602,8,17452
Kia,Sportage,2013,198149.0,Робот,Передний,Хэтчбек,282051,13,15242
Volkswagen,Passat,2012,152972.0,Механика,Передний,Седан,309214,14,10927
Hyundai,ix35,2015,124079.0,Автомат,Передний,Седан,345803,11,11280
Kia,Ceed,2014,280710.0,Автомат,Передний,Кроссовер,274022,12,23392
Toyota,Land Cruiser,2022,70737.0,Механика,Полный,Седан,2023522,4,17684
Toyota,RAV4,2017,127380.0,Автомат,Задний,Седан,1193629,9,14153
Toyota,Camry,2015,132200.0,Механика,Задний,Кроссовер,792600,11,12018
Volkswagen,Golf,2008,155051.0,Механика,Передний,Хэтчбек,283948,18,8614
Kia,Sportage,2022,51551.0,Робот,Передний,Седан,1201135,4,12888
Toyota,Land Cruiser,2024,42206.0,Механика,Передний,Седан,2576236,2,21103
Volkswagen,Tiguan,2021,33356.0,Автомат,Передний,Седан,1039828,5,6671
Volkswagen,Polo,2018,128905.0,Автомат,Передний,Седан,509686,8,16113
Hyundai,ix35,2022,43449.0,Автомат,Задний,Седан,1434578,4,10862
Toyota,RAV4,2011,279944.0,Автомат,Задний,Кроссовер,256780,15,18663
Kia,Ceed,2023,14946.0,Автомат,Передний,Хэтчбек,1652770,3,4982
Toyota,Camry,2013,189788.0,Автомат,Полный,Седан,388225,13,14599
Toyota,Corolla,2011,171058.0,Робот,Полный,Седан,293884,15,11404
BMW,3 Series,2012,217267.0,Автомат,Задний,Кроссовер,273825,14,15519
Toyota,Corolla,2014,148340.0,Механика,Полный,Седан,581186,12,12362
Volkswagen,Golf,2021,50788.0,Автомат,Передний,Хэтчбек,1244921,5,10158
Volkswagen,Polo,2008,197029.0,Механика,Передний,Кроссовер,306451,18,10946
BMW,5 Series,2008,239016.0,Автомат,Полный,Седан,334707,18,13279
Volkswagen,Polo,2020,87642.0,Механика,Задний,Кроссовер,974800,6,14607
Hyundai,Santa Fe,2010,206716.0,Автомат,Полный,Кроссовер,273793,16,12920
Kia,Ceed,2012,135745.0,Робот,Задний,Хэтчбек,314395,14,9696
Hyundai,Solaris,2008,362834.0,Автомат,Полный,Кроссовер,307141,18,20157
Volkswagen,Tiguan,2021,104472.0,Автомат,Полный,Кроссовер,1056676,5,20894
BMW,3 Series,2020,106520.0,Автомат,Полный,Кроссовер,1707465,6,17753
Kia,Ceed,2018,106518.0,Автомат,Полный,Хэтчбек,658317,8,13315
BMW,5 Series,2010,276666.0,Автомат,Задний,Кроссовер,277423,16,17292
Volkswagen,Passat,2010,196204.0,Механика,Полный,Седан,328112,16,12263
BMW,X3,2022,56813.0,Автомат,Передний,Хэтчбек,2094389,4,14203
Toyota,Land Cruiser,2015,116398.0,Автомат,Задний,Кроссовер,881624,11,10582
BMW,3 Series,2020,96708.0,Автомат,Передний,Кроссовер,1721194,6,16118
BMW,3 Series,2014,135710.0,Механика,Полный,Кроссовер,651071,12,11309
Kia,Ceed,2011,296664.0,Автомат,Полный,Хэтчбек,329212,15,19778
Hyundai,Santa Fe,2013,194334.0,Автомат,Передний,Хэтчбек,291202,13,14949
Kia,Rio,2023,49531.0,Автомат,Передний,Хэтчбек,1534747,3,16510
Kia,Sportage,2011,276660.0,Механика,Передний,Хэтчбек,308184,15,18444
Volkswagen,Passat,2014,99937.0,Автомат,Передний,Хэтчбек,347693,12,8328
Toyota,Land Cruiser,2022,14546.0,Механика,Передний,Седан,2465283,4,3636
Volkswagen,Passat,2022,42340.0,Автомат,Полный,Кроссовер,1123027,4,10585
Kia,Optima,2009,268828.0,Механика,Полный,Хэтчбек,321537,17,15813
BMW,X5,2011,223112.0,Механика,Передний,Хэтчбек,323330,15,14874
Toyota,Land Cruiser,2014,193514.0,Автомат,Полный,Хэтчбек,512562,12,16126
Toyota,Camry,2012,126305.0,Автомат,Передний,Седан,522214,14,9022
Toyota,Corolla,2022,53107.0,Автомат,Передний,Хэтчбек,2079032,4,13277
Hyundai,ix35,2009,387271.0,Автомат,Передний,Кроссовер,306240,17,22781
Toyota,Camry,2017,68651.0,Автомат,Передний,Хэтчбек,1070926,9,7628
Hyundai,ix35,2022,42353.0,Механика,Передний,Хэтчбек,1447050,4,10588
Volkswagen,Passat,2010,291532.0,Механика,Задний,Хэтчбек,292321,16,18221
Volkswagen,Tiguan,2009,301605.0,Механика,Полный,Хэтчбек,274183,17,17741
BMW,X5,2022,56660.0,Автомат,Передний,Хэтчбек,2366974,4,14165
Hyundai,Solaris,2008,227702.0,Автомат,Полный,Седан,290199,18,12650
Kia,Ceed,2014,182753.0,Автомат,Передний,Седан,296457,12,15229
Toyota,RAV4,2011,304079.0,Механика,Полный,Кроссовер,278712,15,20272
Toyota,Land Cruiser,2019,126734.0,Автомат,Передний,Кроссовер,1415844,7,18105
Toyota,Camry,2009,294007.0,Автомат,Передний,Хэтчбек,344337,17,17295
Volkswagen,Golf,2020,81525.0,Механика,Передний,Хэтчбек,812281,6,13588
BMW,3 Series,2023,35944.0,Автомат,Передний,Кроссовер,2482593,3,11981
Toyota,Camry,2024,30000.0,Робот,Передний,Седан,2581263,2,15000
BMW,X3,2010,195130.0,Механика,Полный,Хэтчбек,338961,16,12196
Kia,Rio,2011,314779.0,Автомат,Задний,Хэтчбек,290142,15,20985
BMW,X5,2024,26952.0,Автомат,Передний,Седан,2495222,2,13476
BMW,5 Series,2022,57266.0,Автомат,Полный,Седан,1923494,4,14316
Volkswagen,Passat,2024,25466.0,Автомат,Передний,Хэтчбек,1612889,2,12733
Volkswagen,Polo,2011,325422.0,Автомат,Передний,Хэтчбек,323162,15,21695
Volkswagen,Passat,2020,92904.0,Робот,Передний,Хэтчбек,990672,6,15484
Volkswagen,Passat,2008,218926.0,Автомат,Полный,Кроссовер,316566,18,12163
Toyota,RAV4,2019,90362.0,Робот,Полный,Хэтчбек,1477420,7,12909
Toyota,Camry,2010,115474.0,Автомат,Передний,Кроссовер,409787,16,7217
Toyota,Corolla,2009,230521.0,Автомат,Полный,Кроссовер,299673,17,13560
Toyota,RAV4,2019,53428.0,Автомат,Передний,Кроссовер,1813773,7,7633
Hyundai,Santa Fe,2009,218592.0,Механика,Передний,Хэтчбек,293106,17,12858
Kia,Rio,2012,274818.0,Автомат,Полный,Седан,264711,14,19630
Toyota,RAV4,2011,264697.0,Автомат,Передний,Хэтчбек,343745,15,17646
Volkswagen,Golf,2011,250967.0,Автомат,Передний,Седан,326035,15,16731
Toyota,Camry,2015,142726.0,Автомат,Полный,Хэтчбек,803379,11,12975
Toyota,Land Cruiser,2013,284310.0,Автомат,Полный,Седан,334838,13,21870
Hyundai,Solaris,2021,64385.0,Автомат,Полный,Кроссовер,1182864,5,12877
Kia,Optima,2010,240170.0,Автомат,Передний,Кроссовер,289839,16,15011
Hyundai,Tucson,2019,84723.0,Автомат,Полный,Седан,690050,7,12103
Volkswagen,Tiguan,2011,195199.0,Механика,Полный,Седан,263643,15,13013
BMW,5 Series,2018,84054.0,Автомат,Передний,Кроссовер,1338919,8,10507
Kia,Ceed,2016,136358.0,Механика,Передний,Кроссовер,325353,10,13636
Volkswagen,Passat,2013,264955.0,Автомат,Передний,Кроссовер,260848,13,20381
Volkswagen,Golf,2010,215682.0,Автомат,Полный,Хэтчбек,308711,16,13480
Kia,Ceed,2012,189766.0,Автомат,Передний,Хэтчбек,267735,14,13555
Toyota,Camry,2010,271149.0,Механика,Передний,Кроссовер,288014,16,16947
Kia,Sportage,2015,99123.0,Автомат,Передний,Кроссовер,407108,11,9011
BMW,X3,2011,381482.0,Робот,Передний,Кроссовер,311292,15,25432
BMW,3 Series,2021,95689.0,Механика,Полный,Кроссовер,1901753,5,19138
Kia,Rio,2008,511529.0,Механика,Передний,Хэтчбек,270152,18,28418
Hyundai,ix35,2008,192446.0,Автомат,Полный,Хэтчбек,283278,18,10691
BMW,5 Series,2016,135587.0,Автомат,Полный,Седан,849346,10,13559
Kia,Sportage,2012,158765.0,Автомат,Передний,Кроссовер,335690,14,11340
Hyundai,Solaris,2011,209162.0,Автомат,Полный,Седан,325197,15,13944
Volkswagen,Polo,2022,73557.0,Автомат,Передний,Кроссовер,1203630,4,18389
BMW,X3,2014,82206.0,Робот,Задний,Кроссовер,933890,12,6850
Kia,Ceed,2021,89239.0,Автомат,Полный,Седан,958364,5,17848
Toyota,RAV4,2023,28274.0,Автомат,Полный,Седан,2566659,3,9425
Hyundai,Tucson,2019,103244.0,Автомат,Передний,Седан,645815,7,14749
Kia,Ceed,2020,55004.0,Автомат,Полный,Седан,926090,6,9167
Volkswagen,Golf,2018,101176.0,Механика,Задний,Хэтчбек,728508,8,12647
Volkswagen,Polo,2014,181325.0,Автомат,Передний,Кроссовер,396338,12,15110
Hyundai,ix35,2010,161840.0,Робот,Передний,Кроссовер,281368,16,10115
BMW,X3,2014,213116.0,Робот,Передний,Кроссовер,352232,12,17760
Kia,Sportage,2017,145289.0,Механика,Передний,Хэтчбек,412384,9,16143
Toyota,Land Cruiser,2008,241356.0,Автомат,Передний,Седан,283146,18,13409
Hyundai,Solaris,2018,160092.0,Автомат,Передний,Седан,405996,8,20012
Kia,Sportage,2017,193308.0,Робот,Передний,Хэтчбек,255389,9,21479
Hyundai,Solaris,2013,215651.0,Автомат,Задний,Хэтчбек,321390,13,16589
Kia,Sportage,2012,172902.0,Автомат,Передний,Кроссовер,262955,14,12350
Volkswagen,Tiguan,2021,54106.0,Автомат,Передний,Хэтчбек,1168522,5,10821
Toyota,Camry,2017,128805.0,Автомат,Передний,Седан,978405,9,14312
Volkswagen,Passat,2009,179842.0,Автомат,Задний,Седан,325218,17,10579
Toyota,Camry,2024,31998.0,Автомат,Полный,Кроссовер,2416469,2,15999
Hyundai,ix35,2016,198773.0,Автомат,Передний,Кроссовер,271164,10,19877
Kia,Sportage,2020,96948.0,Автомат,Задний,Кроссовер,890749,6,16158
Hyundai,Santa Fe,2008,301286.0,Робот,Полный,Седан,341969,18,16738
Volkswagen,Tiguan,2024,22598.0,Автомат,Полный,Кроссовер,1916916,2,11299
BMW,3 Series,2015,93015.0,Механика,Передний,Хэтчбек,997439,11,8456
Toyota,Camry,2009,221187.0,Механика,Полный,Хэтчбек,273900,17,13011
Kia,Rio,2012,171830.0,Механика,Полный,Седан,286765,14,12274
Hyundai,Tucson,2018,133008.0,Автомат,Полный,Хэтчбек,594046,8,16626
Hyundai,Tucson,2012,193734.0,Автомат,Передний,Кроссовер,301628,14,13838
Kia,Optima,2018,128765.0,Автомат,Полный,Седан,568222,8,16096
Hyundai,Santa Fe,2020,111265.0,Автомат,Задний,Хэтчбек,759554,6,18544
Kia,Optima,2010,249457.0,Автомат,Полный,Седан,322081,16,15591
Kia,Optima,2021,46809.0,Механика,Полный,Седан,1168392,5,9362
BMW,X5,2012,143387.0,Автомат,Передний,Кроссовер,446759,14,10242
Toyota,RAV4,2011,183730.0,Робот,Передний,Седан,322323,15,12249
Toyota,Camry,2008,204376.0,Автомат,Передний,Кроссовер,340027,18,11354
Hyundai,Tucson,2023,54876.0,Автомат,Полный,Хэтчбек,1522829,3,18292
BMW,3 Series,2010,224510.0,Автомат,Передний,Седан,309441,16,14032
Volkswagen,Golf,2008,292219.0,Робот,Передний,Седан,323771,18,16234
BMW,X5,2020,102398.0,Автомат,Полный,Хэтчбек,1444141,6,17066
Toyota,RAV4,2019,136629.0,Автомат,Передний,Хэтчбек,1186299,7,19518
Volkswagen,Golf,2019,111111.0,Автомат,Полный,Хэтчбек,736632,7,15873
Volkswagen,Polo,2015,123524.0,Механика,Полный,Седан,314487,11,11229
Hyundai,Solaris,2023,46546.0,Автомат,Передний,Кроссовер,1560197,3,15515
BMW,5 Series,2011,169936.0,Механика,Задний,Хэтчбек,256535,15,11329
BMW,5 Series,2023,40116.0,Автомат,Полный,Хэтчбек,2843818,3,13372
BMW,3 Series,2010,8451.0,Автомат,Передний,Кроссовер,662446,16,528
Volkswagen,Polo,2022,77517.0,Механика,Полный,Седан,1183719,4,19379
Toyota,Camry,2017,83573.0,Механика,Задний,Кроссовер,1234081,9,9286
Volkswagen,Polo,2015,118257.0,Автомат,Полный,Хэтчбек,380254,11,10751
BMW,5 Series,2022,66665.0,Автомат,Передний,Кроссовер,2146956,4,16666
BMW,X3,2023,57129.0,Автомат,Передний,Хэтчбек,2758875,3,19043
Volkswagen,Tiguan,2011,162862.0,Автомат,Полный,Кроссовер,344793,15,10857
BMW,X3,2019,106939.5,Автомат,Передний,Седан,1601754,7,15277
Kia,Optima,2013,253388.0,Автомат,Передний,Кроссовер,259465,13,19491
Toyota,Corolla,2017,136182.0,Автомат,Передний,Кроссовер,1006301,9,15131
Hyundai,Tucson,2016,194132.0,Автомат,Передний,Кроссовер,304209,10,19413
Kia,Rio,2009,227142.0,Автомат,Передний,Кроссовер,256994,17,13361
Hyundai,Santa Fe,2013,201976.0,Автомат,Полный,Седан,301009,13,15537
Volkswagen,Tiguan,2017,122449.0,Автомат,Полный,Кроссовер,465494,9,13605
BMW,5 Series,2021,90710.0,Механика,Передний,Седан,1679369,5,18142
Toyota,RAV4,2014,102891.0,Автомат,Полный,Кроссовер,691373,12,8574
BMW,X5,2017,143157.0,Автомат,Полный,Кроссовер,999311,9,15906
Kia,Ceed,2011,246344.0,Автомат,Передний,Хэтчбек,266283,15,16423
Toyota,Corolla,2023,50572.0,Автомат,Передний,Хэтчбек,2529518,3,16857
Volkswagen,Tiguan,2018,144846.0,Автомат,Полный,Седан,554239,8,18106
BMW,X5,2010,244691.0,Автомат,Передний,Кроссовер,330372,16,15293
BMW,3 Series,2015,130029.0,Автомат,Полный,Хэтчбек,752417,11,11821
Volkswagen,Tiguan,2017,146982.0,Автомат,Полный,Кроссовер,446629,9,16331
Kia,Rio,2013,186336.0,Механика,Полный,Хэтчбек,315034,13,14334
Kia,Ceed,2022,58772.0,Автомат,Передний,Хэтчбек,1130421,4,14693
BMW,3 Series,2017,138471.0,Механика,Задний,Кроссовер,999230,9,15386
Volkswagen,Polo,2011,156392.0,Механика,Задний,Седан,305277,15,10426
BMW,3 Series,2020,89542.0,Автомат,Полный,Седан,1581002,6,14924
Volkswagen,Polo,2008,244744.0,Автомат,Передний,Седан,266927,18,13597
BMW,X3,2015,199965.0,Механика,Передний,Кроссовер,574232,11,18179
Volkswagen,Golf,2013,154995.0,Механика,Передний,Хэтчбек,310700,13,11923
Hyundai,ix35,2011,225648.5,Механика,Передний,Хэтчбек,344731,15,15043
Hyundai,Solaris,2011,243124.0,Автомат,Полный,Хэтчбек,334927,15,16208
Kia,Optima,2013,179917.0,Механика,Полный,Кроссовер,335690,13,13840
Toyota,Camry,2021,29912.0,Механика,Передний,Хэтчбек,1823927,5,5982
Volkswagen,Tiguan,2021,81105.0,Автомат,Полный,Седан,1165969,5,16221
Kia,Optima,2024,27028.0,Робот,Передний,Седан,1438823,2,13514
BMW,3 Series,2024,32747.0,Автомат,Полный,Кроссовер,2894172,2,16374
BMW,5 Series,2018,180111.0,Автомат,Передний,Хэтчбек,982584,8,22514
Kia,Optima,2017,118358.0,Механика,Передний,Хэтчбек,471658,9,13151
BMW,3 Series,2017,120627.0,Механика,Передний,Кроссовер,1047245,9,13403
Toyota,Corolla,2008,221549.0,Механика,Полный,Седан,344088,18,12308
Volkswagen,Passat,2016,186832.0,Автомат,Полный,Хэтчбек,263976,10,18683
Volkswagen,Passat,2018,135961.0,Автомат,Задний,Хэтчбек,480515,8,16995
BMW,X3,2018,103592.0,Автомат,Задний,Кроссовер,1124703,8,12949
Kia,Ceed,2014,290651.0,Автомат,Передний,Кроссовер,317336,12,24221
BMW,3 Series,2014,128204.0,Автомат,Полный,Кроссовер,583593,12,10684
Volkswagen,Tiguan,2021,92096.0,Механика,Полный,Кроссовер,1107464,5,18419
BMW,X5,2020,115688.0,Автомат,Передний,Хэтчбек,1505592,6,19281
Kia,Optima,2009,227519.0,Автомат,Полный,Седан,259922,17,13383
Kia,Ceed,2012,216902.0,Автомат,Передний,Кроссовер,315003,14,15493
Kia,Optima,2024,23298.0,Автомат,Передний,Хэтчбек,1801878,2,11649
Hyundai,Santa Fe,2018,88403.0,Автомат,Передний,Хэтчбек,592764,8,11050
Toyota,RAV4,2018,124721.0,Механика,Передний,Кроссовер,1162005,8,15590
Hyundai,Tucson,2014,181325.0,Автомат,Передний,Кроссовер,277231,12,15110
BMW,X5,2012,109378.0,Автомат,Задний,Хэтчбек,628296,14,7813
Volkswagen,Passat,2014,216317.0,Автомат,Полный,Кроссовер,341833,12,18026
BMW,5 Series,2020,92019.0,Механика,Полный,Седан,1539637,6,15336
Hyundai,ix35,2014,135674.0,Механика,Передний,Кроссовер,256109,12,11306
Hyundai,Solaris,2012,144427.0,Автомат,Задний,Кроссовер,324344,14,10316
Hyundai,ix35,2010,245376.0,Автомат,Полный,Седан,318893,16,15336
Kia,Rio,2024,26783.0,Автомат,Полный,Хэтчбек,1445782,2,13392
BMW,3 Series,2012,199257.0,Автомат,Задний,Седан,308747,14,14233
BMW,X3,2020,89720.0,Механика,Полный,Хэтчбек,1652946,6,14953
BMW,X5,2018,129885.0,Автомат,Передний,Седан,1312208,8,16236
Volkswagen,Tiguan,2019,90502.0,Автомат,Передний,Седан,873241,7,12929
Toyota,Camry,2012,222803.0,Автомат,Полный,Кроссовер,281676,14,15914
BMW,X5,2023,48060.0,Робот,Передний,Седан,2484216,3,16020
Kia,Optima,2010,304438.0,Автомат,Полный,Хэтчбек,305079,16,19027
Hyundai,Tucson,2023,44284.0,Механика,Полный,Кроссовер,1348567,3,14761
Toyota,Land Cruiser,2009,193638.0,Механика,Полный,Хэтчбек,341354,17,11390
Volkswagen,Tiguan,2020,95414.0,Автомат,Полный,Хэтчбек,858032,6,15902
Kia,Sportage,2024,19629.0,Автомат,Передний,Кроссовер,1729191,2,9814
Hyundai,Tucson,2011,240110.0,Автомат,Передний,Хэтчбек,278357,15,16007
Toyota,RAV4,2024,23991.0,Автомат,Передний,Хэтчбек,3009574,2,11996
Hyundai,Tucson,2011,253366.0,Автомат,Передний,Хэтчбек,329835,15,16891
Toyota,Camry,2022,51541.0,Робот,Полный,Седан,2545688,4,12885
Toyota,RAV4,2022,58886.0,Автомат,Передний,Седан,2161813,4,14722
BMW,X5,2010,208784.0,Автомат,Задний,Седан,293898,16,13049
Toyota,Land Cruiser,2010,208540.0,Автомат,Полный,Седан,298099,16,13034
Toyota,RAV4,2020,54730.0,Механика,Задний,Хэтчбек,1645999,6,9122
Kia,Rio,2017,179891.0,Автомат,Передний,Седан,329563,9,19988
BMW,X3,2009,175996.0,Автомат,Полный,Седан,299508,17,10353
Hyundai,Tucson,2008,199013.0,Автомат,Передний,Хэтчбек,318191,18,11056
Hyundai,ix35,2012,243972.0,Механика,Передний,Седан,255315,14,17427
Volkswagen,Passat,2016,205615.0,Автомат,Полный,Седан,296187,10,20562
BMW,X3,2011,115615.0,Механика,Передний,Седан,421001,15,7708
Kia,Sportage,2024,29388.0,Автомат,Передний,Хэтчбек,1861535,2,14694
Kia,Optima,2014,155050.0,Автомат,Полный,Седан,291464,12,12921
Kia,Ceed,2023,33352.0,Автомат,Передний,Седан,1404840,3,11117
Hyundai,ix35,2019,102563.0,Автомат,Полный,Седан,801765,7,14652
Hyundai,ix35,2012,208135.0,Автомат,Передний,Седан,287620,14,14867
Toyota,Land Cruiser,2012,282040.0,Механика,Полный,Седан,326445,14,20146
BMW,5 Series,2009,179309.0,Автомат,Передний,Кроссовер,257108,17,10548
Hyundai,ix35,2015,162668.0,Автомат,Полный,Хэтчбек,279867,11,14788
Volkswagen,Polo,2012,184039.0,Автомат,Передний,Кроссовер,280897,14,13146
Kia,Rio,2023,37249.0,Автомат,Передний,Седан,1295836,3,12416
BMW,3 Series,2012,133400.0,Автомат,Передний,Седан,426520,14,9529
Volkswagen,Polo,2017,129414.0,Автомат,Полный,Кроссовер,451194,9,14379
Kia,Sportage,2012,254122.0,Механика,Полный,Кроссовер,303633,14,18152
Volkswagen,Tiguan,2015,121229.0,Механика,Передний,Хэтчбек,369527,11,11021
BMW,3 Series,2020,66272.0,Автомат,Передний,Кроссовер,2010977,6,11045
Volkswagen,Tiguan,2010,130227.0,Автомат,Передний,Хэтчбек,280655,16,8139
Toyota,RAV4,2016,173515.0,Механика,Передний,Хэтчбек,672065,10,17352
Hyundai,Tucson,2009,142756.0,Автомат,Передний,Хэтчбек,331292,17,8397
Kia,Optima,2022,58886.0,Механика,Передний,Седан,1199451,4,14722
BMW,X5,2018,183250.0,Автомат,Передний,Кроссовер,878788,8,22906
Kia,Optima,2021,68850.0,Автомат,Передний,Кроссовер,970369,5,13770
BMW,5 Series,2020,47394.0,Механика,Полный,Кроссовер,2067085,6,7899
BMW,X3,2015,218444.0,Автомат,Передний,Седан,467219,11,19859
Kia,Ceed,2022,86486.0,Автомат,Задний,Кроссовер,1035028,4,21622
Hyundai,ix35,2018,103850.0,Механика,Полный,Хэтчбек,654009,8,12981
Hyundai,Solaris,2014,304888.0,Автомат,Передний,Седан,308276,12,25407
BMW,5 Series,2015,77361.0,Автомат,Полный,Кроссовер,1089970,11,7033
Hyundai,Santa Fe,2022,69210.0,Автомат,Полный,Кроссовер,1113812,4,17302
Hyundai,Solaris,2018,155128.0,Автомат,Полный,Хэтчбек,438076,8,19391
Toyota,Land Cruiser,2009,312897.0,Механика,Передний,Седан,259157,17,18406
Volkswagen,Polo,2019,145038.0,Механика,Передний,Седан,590299,7,20720
BMW,X3,2016,147232.0,Автомат,Полный,Седан,849869,10,14723
Toyota,Camry,2008,292830.0,Робот,Полный,Седан,332365,18,16268
Kia,Sportage,2022,36187.0,Автомат,Передний,Хэтчбек,1384466,4,9047
Toyota,Camry,2024,28871.0,Робот,Передний,Кроссовер,2524923,2,14436
Kia,Sportage,2017,115692.0,Механика,Передний,Кроссовер,529820,9,12855
Toyota,Corolla,2012,233307.0,Автомат,Передний,Хэтчбек,303042,14,16665
BMW,X5,2009,228565.0,Механика,Полный,Хэтчбек,298955,17,13445
Volkswagen,Polo,2011,117639.0,Робот,Полный,Седан,334037,15,7843
Volkswagen,Golf,2016,121145.0,Автомат,Передний,Кроссовер,446741,10,12114
Volkswagen,Passat,2022,76715.0,Автомат,Полный,Кроссовер,1355819,4,19179
Hyundai,Tucson,2021,27220.0,Автомат,Полный,Кроссовер,1200063,5,5444
Toyota,RAV4,2021,52102.0,Автомат,Передний,Седан,1799695,5,10420
Toyota,Land Cruiser,2016,172976.0,Механика,Полный,Кроссовер,663953,10,17298
Hyundai,Tucson,2010,173082.0,Автомат,Полный,Кроссовер,255369,16,10818
Toyota,RAV4,2015,199369.0,Механика,Полный,Хэтчбек,491379,11,18124
Hyundai,Solaris,2016,154626.0,Механика,Полный,Хэтчбек,272129,10,15463
Toyota,Camry,2014,223611.0,Механика,Полный,Седан,360902,12,18634
BMW,X5,2011,265766.0,Автомат,Полный,Кроссовер,285215,15,17718
BMW,X5,2014,179606.0,Автомат,Передний,Хэтчбек,503012,12,14967
Hyundai,Santa Fe,2011,161725.0,Автомат,Передний,Хэтчбек,260811,15,10782
Kia,Sportage,2020,78263.0,Автомат,Передний,Хэтчбек,1016124,6,13044
Kia,Optima,2016,123111.0,Автомат,Передний,Хэтчбек,349298,10,12311
Kia,Rio,2017,145861.0,Автомат,Полный,Хэтчбек,433723,9,16207
Hyundai,ix35,2010,261168.0,Робот,Задний,Кроссовер,309348,16,16323
BMW,3 Series,2023,38252.0,Механика,Полный,Хэтчбек,2270237,3,12751
Toyota,Corolla,2023,37311.0,Механика,Задний,Кроссовер,2878276,3,12437
BMW,5 Series,2020,54917.0,Механика,Полный,Хэтчбек,1812053,6,9153
Kia,Ceed,2022,46362.0,Автомат,Полный,Хэтчбек,1344046,4,11590
BMW,X5,2009,271894.0,Механика,Задний,Кроссовер,289726,17,15994
Volkswagen,Polo,2013,176786.0,Автомат,Передний,Седан,321209,13,13599
Kia,Rio,2010,297955.0,Автомат,Передний,Седан,322782,16,18622
Kia,Ceed,2017,222290.0,Механика,Передний,Хэтчбек,344025,9,24699
Hyundai,Santa Fe,2019,127870.0,Автомат,Полный,Хэтчбек,682348,7,18267
Hyundai,ix35,2022,65724.0,Автомат,Передний,Хэтчбек,1338730,4,16431
Volkswagen,Polo,2010,266194.0,Механика,Полный,Кроссовер,289314,16,16637
Toyota,RAV4,2021,73788.0,Робот,Передний,Кроссовер,1866031,5,14758
Volkswagen,Polo,2022,72145.0,Механика,Передний,Седан,1056094,4,18036
Volkswagen,Polo,2021,100687.0,Автомат,Передний,Хэтчбек,1085899,5,20137
BMW,3 Series,2021,92266.0,Робот,Полный,Седан,1701717,5,18453
Volkswagen,Passat,2017,140281.0,Автомат,Передний,Седан,360601,9,15587
Toyota,Land Cruiser,2011,242307.0,Механика,Передний,Кроссовер,299890,15,16154
Volkswagen,Tiguan,2021,98595.0,Механика,Полный,Кроссовер,872969,5,19719
Kia,Sportage,2021,60378.0,Автомат,Передний,Хэтчбек,1065135,5,12076
Hyundai,ix35,2012,117680.0,Механика,Передний,Седан,305116,14,8406
Hyundai,Tucson,2024,32989.0,Автомат,Полный,Хэтчбек,1473306,2,16494
Volkswagen,Tiguan,2013,223863.0,Автомат,Полный,Седан,301276,13,17220
Hyundai,Santa Fe,2015,177939.0,Автомат,Задний,Хэтчбек,265584,11,16176
Hyundai,Solaris,2020,97588.0,Механика,Полный,Кроссовер,913172,6,16265
Hyundai,Solaris,2008,255645.0,Механика,Передний,Хэтчбек,337441,18,14202
Kia,Ceed,2010,172965.0,Робот,Полный,Седан,300118,16,10810
Volkswagen,Passat,2017,172373.0,Механика,Передний,Хэтчбек,350176,9,19153
BMW,3 Series,2018,109318.0,Механика,Передний,Седан,1267820,8,13665
Volkswagen,Tiguan,2017,118211.0,Механика,Передний,Кроссовер,431942,9,13135
Volkswagen,Golf,2021,68582.0,Механика,Передний,Кроссовер,1225724,5,13716
Kia,Optima,2014,120532.0,Автомат,Полный,Седан,289639,12,10044
BMW,X3,2009,262970.0,Автомат,Полный,Седан,330477,17,15469
Toyota,Land Cruiser,2008,254251.0,Автомат,Передний,Седан,294683,18,14125
Volkswagen,Golf,2016,176242.0,Автомат,Полный,Хэтчбек,324992,10,17624
Hyundai,Tucson,2012,225296.0,Автомат,Передний,Хэтчбек,270736,14,16093
Kia,Sportage,2008,424910.0,Автомат,Полный,Седан,335994,18,23606
Kia,Sportage,2012,191531.0,Механика,Передний,Хэтчбек,276913,14,13681
Volkswagen,Golf,2020,97704.0,Робот,Полный,Хэтчбек,772305,6,16284
BMW,5 Series,2018,115274.0,Автомат,Полный,Хэтчбек,1334369,8,14409
BMW,X5,2022,58886.0,Автомат,Передний,Кроссовер,1952551,4,14722
Hyundai,ix35,2010,245053.0,Автомат,Полный,Седан,305967,16,15316
Kia,Rio,2016,109734.0,Механика,Передний,Седан,495259,10,10973
Kia,Optima,2019,157035.0,Робот,Полный,Кроссовер,567270,7,22434
Hyundai,ix35,2010,252922.0,Автомат,Задний,Седан,325390,16,15808
Toyota,RAV4,2017,185572.0,Автомат,Полный,Хэтчбек,888089,9,20619
Hyundai,ix35,2024,51558.0,Автомат,Передний,Седан,1352674,2,25779
Kia,Optima,2019,122788.0,Робот,Передний,Седан,582373,7,17541
Volkswagen,Polo,2009,248354.0,Автомат,Полный,Хэтчбек,310183,17,14609
BMW,X5,2023,42924.0,Механика,Полный,Седан,2149343,3,14308
Kia,Rio,2020,92516.0,Механика,Задний,Кроссовер,886342,6,15419
Kia,Rio,2011,252090.0,Автомат,Полный,Кроссовер,264257,15,16806
BMW,X3,2023,31256.0,Механика,Передний,Хэтчбек,2193919,3,10419
Hyundai,Tucson,2009,252645.0,Автомат,Задний,Хэтчбек,316166,17,14861
Volkswagen,Tiguan,2008,190624.0,Механика,Передний,Хэтчбек,329240,18,10590
Toyota,RAV4,2020,93903.0,Автомат,Передний,Хэтчбек,1863545,6,15650
Kia,Optima,2010,271253.0,Робот,Полный,Хэтчбек,275741,16,16953
Volkswagen,Polo,2020,74578.0,Автомат,Полный,Кроссовер,842369,6,12430
Kia,Optima,2017,230826.0,Механика,Передний,Хэтчбек,343123,9,25647
Toyota,Camry,2022,67437.0,Автомат,Передний,Кроссовер,2284219,4,16859
Hyundai,Solaris,2023,49792.0,Автомат,Передний,Хэтчбек,1429051,3,16597
Toyota,RAV4,2010,387185.0,Автомат,Задний,Кроссовер,269911,16,24199
BMW,5 Series,2016,145873.0,Механика,Полный,Седан,936388,10,14587
Toyota,Land Cruiser,2022,59527.0,Автомат,Задний,Кроссовер,2297534,4,14882
Toyota,Corolla,2016,140161.0,Автомат,Передний,Кроссовер,949782,10,14016
Hyundai,ix35,2024,14660.0,Автомат,Передний,Кроссовер,1482623,2,7330
Volkswagen,Golf,2017,61334.0,Автомат,Полный,Кроссовер,702773,9,6815
Kia,Sportage,2024,28885.0,Механика,Передний,Хэтчбек,1660483,2,14442
Hyundai,ix35,2016,145413.0,Механика,Передний,Кроссовер,342415,10,14541
Hyundai,Santa Fe,2021,67750.0,Механика,Передний,Кроссовер,1111734,5,13550
Hyundai,ix35,2016,171818.0,Механика,Полный,Хэтчбек,307325,10,17182
Kia,Ceed,2014,176598.0,Механика,Полный,Кроссовер,265732,12,14716
Toyota,Land Cruiser,2019,92064.0,Автомат,Задний,Седан,1368672,7,13152
Volkswagen,Tiguan,2018,69708.0,Автомат,Задний,Хэтчбек,854153,8,8714
BMW,5 Series,2022,48598.0,Автомат,Передний,Кроссовер,2362884,4,12150
Kia,Optima,2015,54578.0,Механика,Передний,Хэтчбек,501082,11,4962
Hyundai,ix35,2020,92577.0,Механика,Передний,Седан,894932,6,15430
BMW,X3,2024,27465.0,Автомат,Передний,Седан,2925128,2,13732
Toyota,Camry,2023,36012.0,Автомат,Задний,Кроссовер,2592750,3,12004
Volkswagen,Passat,2012,152771.0,Автомат,Передний,Кроссовер,344021,14,10912
Hyundai,Santa Fe,2008,209193.0,Автомат,Полный,Хэтчбек,292990,18,11622
Volkswagen,Passat,2021,81446.0,Механика,Передний,Кроссовер,1189190,5,16289
Toyota,RAV4,2016,143476.0,Автомат,Передний,Кроссовер,826721,10,14348
Hyundai,ix35,2020,33267.0,Механика,Полный,Хэтчбек,1245941,6,5544
Kia,Optima,2015,250457.0,Автомат,Передний,Хэтчбек,317162,11,22769
Kia,Sportage,2011,256929.0,Механика,Передний,Кроссовер,309193,15,17129
Volkswagen,Passat,2010,206482.0,Механика,Полный,Хэтчбек,319937,16,12905
BMW,X5,2009,385234.0,Механика,Передний,Седан,311195,17,22661
BMW,X5,2008,57289.0,Автомат,Передний,Кроссовер,416348,18,3183
Toyota,Camry,2019,30472.0,Автомат,Задний,Кроссовер,1761175,7,4353
BMW,5 Series,2010,375785.0,Автомат,Передний,Кроссовер,318117,16,23487
Hyundai,Santa Fe,2017,127288.0,Робот,Полный,Седан,516862,9,14143
Volkswagen,Golf,2015,201935.0,Автомат,Передний,Кроссовер,304927,11,18358
BMW,3 Series,2013,178611.0,Автомат,Полный,Хэтчбек,414551,13,13739
Volkswagen,Polo,2019,143787.0,Автомат,Полный,Седан,516233,7,20541
BMW,X3,2019,129821.0,Автомат,Передний,Хэтчбек,1429364,7,18546
Kia,Ceed,2012,90202.0,Робот,Передний,Хэтчбек,298914,14,6443
Hyundai,Santa Fe,2023,34689.0,Автомат,Полный,Седан,1388471,3,11563
Toyota,RAV4,2009,334880.0,Автомат,Передний,Хэтчбек,288965,17,19699
Volkswagen,Tiguan,2014,155779.0,Механика,Передний,Седан,315217,12,12982
BMW,3 Series,2018,127238.0,Автомат,Задний,Седан,1234943,8,15905
Hyundai,ix35,2021,41193.0,Автомат,Полный,Седан,1283969,5,8239
Hyundai,Solaris,2019,113661.0,Автомат,Передний,Хэтчбек,743327,7,16237
BMW,X3,2024,33163.0,Автомат,Полный,Хэтчбек,2879521,2,16582
BMW,3 Series,2024,31052.0,Механика,Передний,Седан,3200141,2,15526
Volkswagen,Golf,2021,82020.0,Механика,Полный,Кроссовер,1074487,5,16404
Volkswagen,Tiguan,2024,24590.0,Автомат,Полный,Хэтчбек,1763519,2,12295
Volkswagen,Tiguan,2015,242100.0,Механика,Передний,Седан,285082,11,22009
BMW,3 Series,2015,141759.0,Механика,Полный,Кроссовер,687237,11,12887
Volkswagen,Polo,2012,319769.0,Робот,Полный,Хэтчбек,320070,14,22841
Toyota,Camry,2015,162554.0,Автомат,Передний,Седан,680083,11,14778
Volkswagen,Tiguan,2008,390764.0,Робот,Полный,Кроссовер,307166,18,21709
BMW,X5,2021,67000.0,Автомат,Задний,Хэтчбек,1847515,5,13400
Kia,Ceed,2015,174056.0,Автомат,Передний,Хэтчбек,300058,11,15823
Kia,Rio,2011,262624.0,Механика,Передний,Седан,265738,15,17508
BMW,5 Series,2013,199941.0,Автомат,Передний,Кроссовер,316625,13,15380
Volkswagen,Golf,2023,57755.0,Механика,Передний,Седан,1309293,3,19252
BMW,5 Series,2019,83536.0,Автомат,Передний,Хэтчбек,1399763,7,11934
Volkswagen,Golf,2013,284855.0,Робот,Полный,Хэтчбек,327621,13,21912
Kia,Sportage,2012,156741.0,Механика,Полный,Хэтчбек,290012,14,11196
BMW,X5,2021,62693.0,Автомат,Полный,Седан,1729500,5,12539
Volkswagen,Polo,2017,240877.0,Робот,Полный,Кроссовер,301503,9,26764
Volkswagen,Passat,2012,190591.0,Автомат,Передний,Хэтчбек,292459,14,13614
Volkswagen,Golf,2016,129908.0,Механика,Передний,Седан,420258,10,12991
Toyota,Camry,2014,146370.0,Механика,Полный,Кроссовер,625698,12,12198
Toyota,Camry,2017,142578.0,Робот,Передний,Седан,989813,9,15842
BMW,3 Series,2022,43325.0,Механика,Передний,Хэтчбек,2308564,4,10831
Volkswagen,Polo,2014,185470.0,Автомат,Передний,Седан,322037,12,15456
BMW,3 Series,2018,103319.0,Автомат,Полный,Хэтчбек,1427608,8,12915
Volkswagen,Golf,2017,138785.0,Автомат,Полный,Хэтчбек,414451,9,15421
Kia,Ceed,2008,284260.0,Механика,Полный,Седан,273315,18,15792
BMW,3 Series,2021,83975.0,Автомат,Передний,Хэтчбек,2054444,5,16795
Toyota,Camry,2022,63770.0,Автомат,Передний,Хэтчбек,2095891,4,15942
Hyundai,ix35,2023,34155.0,Робот,Полный,Хэтчбек,1386163,3,11385
Volkswagen,Passat,2009,277795.0,Автомат,Полный,Седан,338835,17,16341
BMW,5 Series,2017,113763.0,Автомат,Полный,Седан,1007931,9,12640
Kia,Ceed,2016,193140.0,Автомат,Передний,Кроссовер,275840,10,19314
BMW,X3,2008,215240.0,Автомат,Полный,Седан,273847,18,11958
BMW,5 Series,2014,155032.0,Автомат,Передний,Седан,566340,12,12919
Volkswagen,Golf,2010,284146.0,Автомат,Передний,Кроссовер,267008,16,17759
Hyundai,Solaris,2018,95534.0,Автомат,Передний,Кроссовер,681802,8,11942
Volkswagen,Tiguan,2018,69317.0,Робот,Передний,Хэтчбек,670549,8,8665
Volkswagen,Tiguan,2015,127761.0,Механика,Полный,Седан,336695,11,11615
Kia,Rio,2019,93338.0,Автомат,Передний,Хэтчбек,723708,7,13334
Kia,Ceed,2024,27351.0,Автомат,Передний,Седан,1704464,2,13676
Hyundai,Santa Fe,2021,44672.0,Механика,Полный,Кроссовер,1209445,5,8934
Kia,Sportage,2013,148772.0,Механика,Передний,Кроссовер,319280,13,11444
Toyota,Corolla,2021,52543.0,Автомат,Передний,Кроссовер,1832160,5,10509
Volkswagen,Polo,2019,141253.0,Механика,Передний,Седан,546545,7,20179
Volkswagen,Passat,2008,158988.0,Робот,Передний,Хэтчбек,339436,18,8833
Hyundai,Solaris,2019,151088.0,Автомат,Передний,Хэтчбек,558229,7,21584
BMW,3 Series,2008,264629.0,Автомат,Полный,Хэтчбек,268792,18,14702
Kia,Ceed,2016,148400.0,Автомат,Задний,Хэтчбек,293005,10,14840
BMW,X3,2014,158886.0,Автомат,Полный,Кроссовер,569206,12,13240
Toyota,Camry,2022,78776.0,Механика,Передний,Кроссовер,1988555,4,19694
Kia,Rio,2023,44212.0,Автомат,Передний,Седан,1467926,3,14737
BMW,X3,2011,245101.0,Механика,Полный,Седан,256847,15,16340
BMW,X3,2008,258589.0,Автомат,Передний,Кроссовер,332910,18,14366
Volkswagen,Passat,2021,34940.0,Механика,Полный,Кроссовер,1214945,5,6988
Kia,Ceed,2011,204762.0,Автомат,Передний,Хэтчбек,291641,15,13651
Kia,Ceed,2010,230377.0,Робот,Полный,Хэтчбек,307516,16,14399
Volkswagen,Passat,2009,288134.0,Механика,Полный,Седан,298968,17,16949
Hyundai,Solaris,2015,256329.0,Автомат,Полный,Кроссовер,311616,11,23303
Hyundai,Tucson,2009,294272.0,Автомат,Полный,Хэтчбек,312713,17,17310
Kia,Ceed,2008,244494.0,Механика,Полный,Хэтчбек,324102,18,13583
Kia,Ceed,2023,33215.0,Автомат,Полный,Кроссовер,1428421,3,11072
BMW,X3,2010,144819.0,Автомат,Передний,Кроссовер,285975,16,9051
BMW,X3,2013,148811.0,Робот,Передний,Хэтчбек,472563,13,11447
Hyundai,Tucson,2018,173331.0,Автомат,Передний,Кроссовер,416102,8,21666
Kia,Optima,2008,168708.0,Робот,Полный,Кроссовер,315651,18,9373
Volkswagen,Tiguan,2024,32556.0,Автомат,Задний,Кроссовер,1866006,2,16278
Volkswagen,Passat,2008,161435.0,Робот,Передний,Хэтчбек,306199,18,8969
Volkswagen,Passat,2015,150123.0,Механика,Передний,Хэтчбек,273521,11,13648
BMW,X5,2017,102060.0,Автомат,Передний,Седан,970948,9,11340
Kia,Optima,2022,50420.0,Механика,Передний,Хэтчбек,1343284,4,12605
BMW,X5,2016,126253.0,Автомат,Передний,Седан,786631,10,12625
Hyundai,Santa Fe,2016,150790.0,Автомат,Полный,Седан,329267,10,15079
Volkswagen,Golf,2009,291798.0,Механика,Полный,Седан,332877,17,17165
BMW,X3,2014,285262.0,Автомат,Передний,Хэтчбек,289936,12,23772
Kia,Optima,2009,275616.0,Механика,Передний,Кроссовер,281347,17,16213
Kia,Sportage,2020,74459.0,Автомат,Передний,Кроссовер,844101,6,12410
Kia,Sportage,2011,260341.0,Автомат,Передний,Седан,302831,15,17356
Volkswagen,Golf,2013,167682.0,Автомат,Полный,Хэтчбек,330906,13,12899
Hyundai,Solaris,2017,152241.0,Автомат,Задний,Кроссовер,382353,9,16916
Volkswagen,Golf,2024,40443.0,Автомат,Передний,Седан,1633574,2,20222
BMW,X3,2011,322949.0,Автомат,Передний,Хэтчбек,307921,15,21530
Kia,Sportage,2013,225290.0,Автомат,Передний,Хэтчбек,328647,13,17330
Volkswagen,Polo,2022,48451.0,Автомат,Полный,Кроссовер,1104069,4,12113
Kia,Sportage,2010,225345.0,Механика,Полный,Седан,334709,16,14084
Hyundai,Solaris,2009,233797.0,Автомат,Полный,Кроссовер,334017,17,13753
Hyundai,ix35,2011,200577.0,Автомат,Передний,Седан,256274,15,13372
Volkswagen,Tiguan,2010,290870.0,Автомат,Передний,Седан,279920,16,18179
Volkswagen,Passat,2018,85791.0,Автомат,Передний,Хэтчбек,607219,8,10724
Hyundai,Santa Fe,2020,107922.0,Механика,Задний,Хэтчбек,875870,6,17987
Volkswagen,Tiguan,2013,141369.0,Автомат,Задний,Хэтчбек,287424,13,10875
Kia,Ceed,2008,352214.0,Автомат,Задний,Кроссовер,260488,18,19567
Kia,Optima,2014,135578.0,Автомат,Полный,Кроссовер,316442,12,11298
Toyota,Land Cruiser,2015,227477.0,Автомат,Задний,Седан,427788,11,20680
Kia,Sportage,2012,259188.0,Автомат,Задний,Хэтчбек,339464,14,18513
Hyundai,ix35,2012,122028.0,Механика,Передний,Седан,296692,14,8716
Volkswagen,Polo,2008,267079.0,Механика,Передний,Кроссовер,299764,18,14838
Toyota,Camry,2018,103679.0,Механика,Полный,Седан,1233613,8,12960
BMW,3 Series,2010,159175.0,Автомат,Передний,Кроссовер,324959,16,9948
Toyota,RAV4,2012,189476.0,Автомат,Полный,Кроссовер,325281,14,13534
BMW,X3,2019,88161.0,Автомат,Полный,Хэтчбек,1705247,7,12594
Volkswagen,Polo,2015,168006.0,Автомат,Передний,Седан,278614,11,15273
Hyundai,Santa Fe,2020,103672.0,Робот,Передний,Кроссовер,858067,6,17279
Hyundai,ix35,2011,160189.0,Механика,Передний,Хэтчбек,262571,15,10679
Volkswagen,Tiguan,2012,290058.0,Автомат,Задний,Седан,265652,14,20718
Volkswagen,Polo,2015,154028.0,Механика,Полный,Кроссовер,315216,11,14003
BMW,X5,2009,253761.5,Автомат,Передний,Кроссовер,318079,17,14927
Toyota,Camry,2016,180733.0,Автомат,Передний,Кроссовер,793026,10,18073
Kia,Rio,2023,41809.0,Автомат,Передний,Седан,1390570,3,13936
Toyota,Corolla,2022,58190.0,Автомат,Задний,Хэтчбек,2120237,4,14548
Kia,Rio,2016,92695.0,Робот,Передний,Кроссовер,500301,10,9270
BMW,X3,2017,133601.5,Автомат,Передний,Хэтчбек,955387,9,14845
Toyota,Land Cruiser,2011,143417.0,Автомат,Полный,Седан,374832,15,9561
Hyundai,Solaris,2021,85132.0,Автомат,Передний,Седан,1134850,5,17026
Hyundai,Solaris,2023,50327.0,Механика,Передний,Хэтчбек,1301519,3,16776
Hyundai,Tucson,2022,58845.0,Автомат,Полный,Седан,1110218,4,14711
Kia,Sportage,2023,29261.0,Автомат,Передний,Седан,1699665,3,9754
Kia,Sportage,2024,28294.0,Механика,Передний,Седан,1711294,2,14147
Kia,Sportage,2016,131700.0,Автомат,Полный,Хэтчбек,359346,10,13170
Hyundai,ix35,2013,149075.0,Механика,Полный,Кроссовер,288610,13,11467
BMW,X3,2017,133601.5,Автомат,Полный,Хэтчбек,1193449,9,14845
Toyota,Corolla,2019,68544.0,Робот,Передний,Хэтчбек,1408134,7,9792
Toyota,RAV4,2016,173702.0,Робот,Полный,Седан,712037,10,17370
Toyota,RAV4,2013,193833.0,Автомат,Полный,Седан,305895,13,14910
BMW,5 Series,2008,261320.0,Автомат,Задний,Хэтчбек,308356,18,14518
Hyundai,Santa Fe,2021,37258.0,Автомат,Полный,Хэтчбек,1057237,5,7452
Volkswagen,Tiguan,2023,43746.0,Механика,Передний,Кроссовер,1278209,3,14582
Toyota,Camry,2015,156043.0,Автомат,Передний,Седан,732059,11,14186
Kia,Ceed,2018,105880.0,Автомат,Полный,Хэтчбек,540156,8,13235
Toyota,Corolla,2014,214104.0,Механика,Передний,Кроссовер,409363,12,17842
Kia,Rio,2020,98628.0,Автомат,Передний,Седан,789557,6,16438
Hyundai,Tucson,2018,121031.5,Механика,Передний,Седан,693061,8,15129
BMW,3 Series,2008,366718.0,Автомат,Передний,Кроссовер,286735,18,20373
Toyota,Land Cruiser,2011,335839.0,Автомат,Передний,Седан,260979,15,22389
Kia,Rio,2010,276836.0,Механика,Полный,Кроссовер,320769,16,17302
Hyundai,Santa Fe,2024,20157.0,Автомат,Передний,Седан,1496440,2,10078
Kia,Ceed,2021,52660.0,Автомат,Передний,Хэтчбек,1236513,5,10532
Volkswagen,Golf,2008,161509.0,Автомат,Задний,Кроссовер,258209,18,8973
BMW,X5,2020,118996.0,Механика,Полный,Кроссовер,1475932,6,19833
Toyota,Land Cruiser,2015,139501.0,Автомат,Полный,Хэтчбек,827333,11,12682
Volkswagen,Tiguan,2017,133338.0,Механика,Передний,Кроссовер,408891,9,14815
Toyota,Corolla,2009,343386.0,Механика,Полный,Седан,284605,17,20199
Volkswagen,Passat,2018,120970.0,Механика,Полный,Хэтчбек,547557,8,15121
Volkswagen,Golf,2015,178960.0,Автомат,Передний,Хэтчбек,322638,11,16269
Toyota,RAV4,2015,170571.0,Механика,Передний,Хэтчбек,611411,11,15506
Kia,Rio,2011,155990.0,Механика,Передний,Кроссовер,340790,15,10399
Volkswagen,Tiguan,2017,127509.0,Механика,Задний,Кроссовер,462567,9,14168
Toyota,Land Cruiser,2017,115864.0,Механика,Передний,Кроссовер,1095333,9,12874
Kia,Sportage,2013,206257.0,Автомат,Передний,Хэтчбек,322863,13,15866
BMW,X5,2012,142598.0,Автомат,Передний,Кроссовер,416772,14,10186
Volkswagen,Passat,2013,161464.0,Автомат,Передний,Кроссовер,338014,13,12420
Toyota,Corolla,2022,48135.0,Робот,Передний,Кроссовер,1946101,4,12034
Volkswagen,Golf,2015,114733.0,Автомат,Передний,Хэтчбек,400750,11,10430
Toyota,Land Cruiser,2017,144527.0,Механика,Полный,Седан,1020065,9,16059
Volkswagen,Polo,2011,85650.0,Автомат,Полный,Кроссовер,289617,15,5710
Hyundai,Santa Fe,2024,15313.0,Автомат,Передний,Седан,1874223,2,7656
Hyundai,Santa Fe,2014,190673.0,Автомат,Передний,Седан,265901,12,15889
Volkswagen,Passat,2014,251645.0,Автомат,Полный,Хэтчбек,322417,12,20970
Hyundai,ix35,2012,88505.0,Автомат,Передний,Хэтчбек,334306,14,6322
BMW,X3,2018,107369.0,Автомат,Полный,Хэтчбек,1339811,8,13421
Kia,Rio,2023,44212.0,Механика,Передний,Кроссовер,1349628,3,14737
Toyota,RAV4,2011,213625.0,Механика,Передний,Кроссовер,296645,15,14242
Toyota,Land Cruiser,2018,62732.0,Автомат,Передний,Хэтчбек,1607493,8,7842
BMW,X3,2019,111901.0,Механика,Полный,Кроссовер,1499448,7,15986
Kia,Sportage,2010,156257.0,Робот,Задний,Седан,289155,16,9766
Kia,Ceed,2009,208456.0,Механика,Передний,Седан,338072,17,12262
Toyota,Corolla,2023,43886.0,Автомат,Передний,Хэтчбек,2824205,3,14629
Kia,Rio,2024,28946.0,Автомат,Задний,Кроссовер,1558078,2,14473
Kia,Optima,2021,70977.0,Механика,Передний,Хэтчбек,1060387,5,14195
Volkswagen,Passat,2015,177212.0,Робот,Передний,Седан,262783,11,16110
Kia,Sportage,2010,246510.0,Автомат,Передний,Седан,263597,16,15407
Toyota,Camry,2010,265603.0,Автомат,Полный,Седан,282744,16,16600
Hyundai,ix35,2012,283527.0,Автомат,Передний,Хэтчбек,277541,14,20252
Hyundai,Solaris,2018,183469.0,Автомат,Задний,Кроссовер,334589,8,22934
Kia,Sportage,2019,98398.0,Автомат,Передний,Кроссовер,760045,7,14057
Toyota,Camry,2010,160281.0,Робот,Полный,Седан,301215,16,10018
Kia,Ceed,2009,291993.0,Механика,Задний,Седан,344018,17,17176
Toyota,Camry,2008,221675.0,Автомат,Задний,Седан,277513,18,12315
Hyundai,Santa Fe,2023,42461.0,Механика,Полный,Кроссовер,1338600,3,14154
Volkswagen,Golf,2022,68689.0,Автомат,Передний,Кроссовер,1063644,4,17172
Kia,Sportage,2013,222490.0,Механика,Полный,Хэтчбек,296531,13,17115
Toyota,RAV4,2024,27573.0,Автомат,Передний,Кроссовер,2451201,2,13786
Volkswagen,Passat,2014,168589.0,Автомат,Передний,Кроссовер,338073,12,14049
Volkswagen,Golf,2017,133601.5,Автомат,Задний,Седан,685034,9,14845
Volkswagen,Tiguan,2019,77240.0,Робот,Полный,Седан,761102,7,11034
Volkswagen,Tiguan,2021,72894.0,Автомат,Передний,Хэтчбек,1091274,5,14579
Kia,Sportage,2012,325208.0,Автомат,Передний,Седан,281955,14,23229
Kia,Optima,2023,50591.0,Механика,Задний,Седан,1500379,3,16864
Toyota,RAV4,2020,67186.0,Механика,Передний,Хэтчбек,1695765,6,11198
Toyota,Land Cruiser,2015,156738.0,Автомат,Задний,Кроссовер,588160,11,14249
Toyota,RAV4,2015,114930.0,Автомат,Передний,Кроссовер,876572,11,10448
Volkswagen,Passat,2016,172458.0,Механика,Полный,Хэтчбек,262690,10,17246
Toyota,RAV4,2019,85163.0,Автомат,Полный,Кроссовер,1537303,7,12166
Hyundai,Santa Fe,2024,32047.0,Механика,Передний,Седан,1404360,2,16024
Hyundai,Tucson,2008,351129.0,Механика,Задний,Кроссовер,283336,18,19507
BMW,3 Series,2019,116030.0,Автомат,Передний,Кроссовер,1442656,7,16576
Hyundai,Santa Fe,2008,216004.0,Механика,Полный,Хэтчбек,320184,18,12000
Kia,Ceed,2022,43029.0,Робот,Полный,Седан,1435757,4,10757
Kia,Ceed,2014,131551.0,Механика,Полный,Хэтчбек,339839,12,10963
Volkswagen,Polo,2017,109314.0,Автомат,Передний,Хэтчбек,495870,9,12146
Toyota,RAV4,2008,290150.0,Автомат,Полный,Хэтчбек,278917,18,16119
Hyundai,Santa Fe,2011,313151.0,Автомат,Полный,Седан,268704,15,20877
Toyota,Corolla,2016,55034.0,Механика,Передний,Кроссовер,1109953,10,5503
Kia,Optima,2014,185682.0,Автомат,Передний,Седан,312085,12,15474
Volkswagen,Passat,2012,218153.0,Автомат,Полный,Седан,305162,14,15582
Toyota,Land Cruiser,2011,233162.0,Автомат,Задний,Кроссовер,324193,15,15544
BMW,X3,2018,119446.0,Автомат,Полный,Кроссовер,1375213,8,14931
BMW,X3,2023,39744.0,Робот,Передний,Седан,2314166,3,13248
Toyota,Land Cruiser,2016,134242.0,Механика,Передний,Седан,793097,10,13424
Toyota,Camry,2019,73247.0,Автомат,Передний,Хэтчбек,1457824,7,10464
Kia,Optima,2016,147946.0,Автомат,Полный,Кроссовер,341501,10,14795
Toyota,RAV4,2021,95903.0,Механика,Передний,Седан,1970645,5,19181
Kia,Rio,2017,100352.0,Механика,Передний,Хэтчбек,626614,9,11150
Volkswagen,Tiguan,2020,127159.0,Автомат,Передний,Хэтчбек,744247,6,21193
Toyota,Corolla,2013,288808.0,Механика,Полный,Седан,290498,13,22216
BMW,X5,2011,118585.0,Механика,Полный,Кроссовер,490981,15,7906
Hyundai,Santa Fe,2010,241721.0,Автомат,Задний,Хэтчбек,288743,16,15108
Kia,Ceed,2016,142748.0,Автомат,Полный,Седан,301903,10,14275
Hyundai,Santa Fe,2016,135925.0,Автомат,Задний,Кроссовер,345162,10,13592
Hyundai,Santa Fe,2010,193435.0,Автомат,Задний,Хэтчбек,328257,16,12090
Hyundai,ix35,2008,246706.0,Автомат,Полный,Седан,295879,18,13706
Hyundai,Santa Fe,2009,184305.0,Механика,Задний,Седан,329946,17,10841
Toyota,RAV4,2015,200971.0,Механика,Передний,Кроссовер,616239,11,18270
BMW,X5,2021,87213.0,Автомат,Передний,Седан,1812371,5,17443
Volkswagen,Passat,2009,276225.0,Механика,Передний,Кроссовер,332844,17,16249
BMW,3 Series,2022,73353.0,Автомат,Передний,Кроссовер,2072928,4,18338
Hyundai,Tucson,2013,158498.0,Автомат,Передний,Хэтчбек,304717,13,12192
Toyota,RAV4,2009,219809.0,Автомат,Полный,Хэтчбек,278893,17,12930
Toyota,Land Cruiser,2013,225360.0,Автомат,Передний,Кроссовер,294875,13,17335
Toyota,RAV4,2009,253175.0,Автомат,Передний,Кроссовер,282850,17,14893
Toyota,Corolla,2018,163928.0,Автомат,Передний,Хэтчбек,1110854,8,20491
Kia,Sportage,2019,116497.0,Автомат,Полный,Седан,659562,7,16642
Kia,Ceed,2011,268920.0,Механика,Передний,Седан,291879,15,17928
Toyota,Land Cruiser,2017,76983.0,Автомат,Передний,Кроссовер,1234536,9,8554
Kia,Ceed,2020,63595.0,Автомат,Передний,Седан,849165,6,10599
Hyundai,Tucson,2017,158297.0,Автомат,Полный,Кроссовер,316359,9,17589
Toyota,Camry,2018,108286.0,Автомат,Передний,Хэтчбек,1149548,8,13536
Toyota,Corolla,2009,159865.0,Механика,Полный,Седан,262204,17,9404
Hyundai,Tucson,2022,55390.0,Механика,Передний,Кроссовер,1226110,4,13848
BMW,X5,2008,222115.0,Механика,Задний,Хэтчбек,313182,18,12340
Toyota,Corolla,2014,182853.0,Автомат,Полный,Седан,450462,12,15238
Kia,Rio,2019,105757.0,Автомат,Полный,Хэтчбек,651639,7,15108
Volkswagen,Golf,2010,225629.0,Автомат,Передний,Хэтчбек,305425,16,14102
Hyundai,Tucson,2014,213818.0,Автомат,Полный,Хэтчбек,337963,12,17818
Kia,Rio,2015,177850.0,Автомат,Задний,Седан,277635,11,16168
Kia,Ceed,2024,31064.0,Автомат,Передний,Хэтчбек,1491603,2,15532
Toyota,Camry,2015,178566.0,Робот,Полный,Кроссовер,586072,11,16233
Kia,Sportage,2009,245309.0,Робот,Полный,Кроссовер,304758,17,14430
Hyundai,Tucson,2011,192900.0,Автомат,Полный,Хэтчбек,280048,15,12860
BMW,X5,2017,148556.0,Автомат,Передний,Хэтчбек,1019414,9,16506
BMW,X3,2009,256862.0,Автомат,Передний,Кроссовер,303540,17,15110
Kia,Ceed,2013,108161.0,Автомат,Полный,Седан,300512,13,8320
BMW,3 Series,2020,89542.0,Механика,Передний,Хэтчбек,1891771,6,14924
Hyundai,ix35,2009,174551.0,Механика,Передний,Кроссовер,270001,17,10268
Volkswagen,Golf,2013,192815.0,Автомат,Полный,Седан,323897,13,14832
BMW,3 Series,2016,90433.0,Робот,Передний,Хэтчбек,1046491,10,9043
Kia,Rio,2016,115342.0,Автомат,Полный,Седан,443894,10,11534
BMW,X3,2022,80664.0,Механика,Полный,Кроссовер,1856115,4,20166
Toyota,Camry,2011,305122.0,Механика,Передний,Седан,297932,15,20341
Volkswagen,Polo,2021,67957.0,Автомат,Полный,Седан,1039811,5,13591
Volkswagen,Passat,2019,106166.0,Автомат,Передний,Кроссовер,765971,7,15167
Toyota,Corolla,2009,174018.0,Автомат,Передний,Хэтчбек,306102,17,10236
Kia,Rio,2009,231892.0,Автомат,Задний,Хэтчбек,335705,17,13641
BMW,3 Series,2013,205239.0,Автомат,Полный,Кроссовер,334928,13,15788
Kia,Ceed,2014,177637.0,Автомат,Полный,Седан,282677,12,14803
Toyota,Corolla,2020,60094.0,Автомат,Передний,Седан,1894030,6,10016
Toyota,RAV4,2011,190888.0,Автомат,Задний,Хэтчбек,269973,15,12726
Toyota,Camry,2016,113931.0,Робот,Полный,Кроссовер,991876,10,11393
Kia,Ceed,2013,169596.0,Автомат,Передний,Седан,307529,13,13046
Volkswagen,Tiguan,2014,204501.0,Автомат,Задний,Кроссовер,282445,12,17042
Hyundai,ix35,2023,35679.0,Механика,Полный,Седан,1506118,3,11893
Toyota,Camry,2023,59920.0,Автомат,Полный,Хэтчбек,2417812,3,19973
Toyota,Corolla,2014,212202.0,Автомат,Передний,Хэтчбек,376166,12,17684
Volkswagen,Tiguan,2014,130050.0,Автомат,Передний,Хэтчбек,317732,12,10838
Kia,Ceed,2018,190060.0,Механика,Задний,Седан,350125,8,23758
Volkswagen,Tiguan,2011,241769.0,Робот,Передний,Хэтчбек,300653,15,16118
Kia,Optima,2011,151716.0,Автомат,Передний,Хэтчбек,281333,15,10114
Kia,Optima,2016,140519.0,Автомат,Передний,Седан,369022,10,14052
Kia,Rio,2013,226075.0,Автомат,Передний,Седан,330801,13,17390
Kia,Optima,2016,151918.0,Автомат,Передний,Хэтчбек,288702,10,15192
Toyota,Land Cruiser,2008,215596.0,Механика,Полный,Кроссовер,292662,18,11978
BMW,X3,2021,49293.0,Механика,Полный,Седан,2007315,5,9859
Volkswagen,Golf,2016,176695.0,Механика,Передний,Хэтчбек,266157,10,17670
Kia,Optima,2018,89371.0,Автомат,Полный,Хэтчбек,787347,8,11171
Volkswagen,Tiguan,2019,49129.0,Автомат,Передний,Хэтчбек,833491,7,7018
Toyota,RAV4,2009,313256.0,Механика,Полный,Седан,321680,17,18427
Toyota,Corolla,2016,156587.0,Механика,Задний,Хэтчбек,706032,10,15659
Hyundai,ix35,2017,85477.0,Автомат,Полный,Хэтчбек,678131,9,9497
Volkswagen,Polo,2014,140307.0,Автомат,Передний,Кроссовер,275461,12,11692
Volkswagen,Polo,2008,356600.0,Автомат,Передний,Хэтчбек,271059,18,19811
BMW,X5,2017,162904.0,Автомат,Полный,Кроссовер,1040376,9,18100
Toyota,Camry,2020,62673.0,Автомат,Задний,Седан,1757150,6,10446
Volkswagen,Polo,2023,46877.0,Автомат,Полный,Кроссовер,1608483,3,15626
BMW,X5,2022,56110.0,Автомат,Задний,Хэтчбек,1992581,4,14028
Hyundai,ix35,2017,114846.0,Механика,Полный,Кроссовер,573609,9,12761
Toyota,RAV4,2023,54999.0,Робот,Передний,Кроссовер,2685938,3,18333
Kia,Optima,2012,319233.0,Механика,Передний,Хэтчбек,341158,14,22802
Volkswagen,Golf,2008,222936.0,Автомат,Передний,Кроссовер,275061,18,12385
Hyundai,Solaris,2015,157086.0,Робот,Передний,Седан,340213,11,14281
Kia,Sportage,2012,274333.0,Механика,Передний,Седан,287229,14,19595
BMW,5 Series,2012,192894.0,Автомат,Полный,Хэтчбек,288678,14,13778
Hyundai,ix35,2009,256928.0,Автомат,Задний,Седан,278829,17,15113
BMW,X5,2022,62920.0,Автомат,Передний,Хэтчбек,2331943,4,15730
BMW,X3,2010,198689.0,Механика,Передний,Седан,289723,16,12418
BMW,5 Series,2020,61400.0,Механика,Передний,Хэтчбек,1654934,6,10233
Hyundai,Santa Fe,2023,37884.0,Механика,Полный,Хэтчбек,1365601,3,12628
BMW,5 Series,2013,183932.0,Автомат,Полный,Кроссовер,397478,13,14149
Hyundai,Santa Fe,2008,243566.0,Механика,Передний,Хэтчбек,258554,18,13531
Kia,Optima,2021,73788.0,Автомат,Полный,Кроссовер,1088179,5,14758
Volkswagen,Passat,2020,78012.0,Механика,Передний,Кроссовер,976359,6,13002
Hyundai,Tucson,2021,59478.0,Робот,Полный,Хэтчбек,1119819,5,11896
BMW,3 Series,2010,346600.0,Автомат,Полный,Хэтчбек,338338,16,21662
Hyundai,Solaris,2013,139037.0,Автомат,Полный,Хэтчбек,305980,13,10695
Hyundai,Solaris,2010,231125.0,Автомат,Передний,Седан,300898,16,14445
Kia,Sportage,2012,201332.0,Автомат,Задний,Седан,280836,14,14381
Volkswagen,Golf,2009,247452.0,Механика,Передний,Хэтчбек,269980,17,14556
BMW,5 Series,2019,105253.0,Автомат,Передний,Кроссовер,1464979,7,15036
Toyota,Land Cruiser,2008,226909.0,Механика,Полный,Хэтчбек,293477,18,12606
Hyundai,Santa Fe,2021,73788.0,Автомат,Передний,Кроссовер,1033047,5,14758
Toyota,Land Cruiser,2017,165777.0,Механика,Передний,Хэтчбек,856548,9,18420
Toyota,RAV4,2019,118597.0,Автомат,Задний,Кроссовер,1596901,7,16942
BMW,3 Series,2022,42538.0,Автомат,Передний,Хэтчбек,2254523,4,10634
Volkswagen,Polo,2011,151374.0,Автомат,Полный,Кроссовер,270682,15,10092
Toyota,Corolla,2017,69327.0,Механика,Полный,Кроссовер,1357539,9,7703
Volkswagen,Golf,2021,79137.0,Автомат,Передний,Седан,1051936,5,15827
Hyundai,ix35,2023,44212.0,Автомат,Полный,Хэтчбек,1546202,3,14737
BMW,X3,2009,320024.0,Автомат,Передний,Хэтчбек,324935,17,18825
Hyundai,Tucson,2019,118301.0,Механика,Полный,Хэтчбек,640058,7,16900
Toyota,Land Cruiser,2013,158698.0,Автомат,Полный,Седан,535771,13,12208
Kia,Optima,2020,103108.0,Робот,Полный,Седан,972066,6,17185
Volkswagen,Tiguan,2011,287293.0,Механика,Передний,Седан,334668,15,19153
Kia,Rio,2019,139944.0,Автомат,Передний,Седан,540865,7,19992
Toyota,Camry,2015,158923.0,Механика,Полный,Хэтчбек,675773,11,14448
Toyota,Corolla,2017,155651.0,Механика,Полный,Кроссовер,1049724,9,17295
Volkswagen,Tiguan,2014,194868.0,Механика,Передний,Седан,315671,12,16239
Kia,Sportage,2009,260938.0,Механика,Полный,Кроссовер,342062,17,15349
Volkswagen,Golf,2014,236448.0,Автомат,Полный,Седан,265477,12,19704
BMW,3 Series,2011,268397.0,Автомат,Полный,Седан,264071,15,17893
Toyota,Camry,2012,82607.0,Автомат,Задний,Кроссовер,740024,14,5900
Toyota,Corolla,2015,148065.0,Автомат,Полный,Кроссовер,806499,11,13460
Hyundai,Solaris,2022,47762.0,Робот,Передний,Хэтчбек,1430690,4,11940
Volkswagen,Passat,2020,97445.0,Автомат,Передний,Кроссовер,825353,6,16241
Hyundai,Tucson,2011,245212.0,Механика,Полный,Кроссовер,311771,15,16347
Kia,Ceed,2011,376349.0,Автомат,Передний,Седан,284616,15,25090
Volkswagen,Golf,2008,155843.0,Механика,Передний,Кроссовер,255895,18,8658
Toyota,RAV4,2018,156140.0,Автомат,Полный,Хэтчбек,968634,8,19518
Kia,Optima,2023,38587.0,Автомат,Передний,Кроссовер,1685225,3,12862
Toyota,Corolla,2017,113843.0,Робот,Полный,Седан,992224,9,12649
Toyota,Corolla,2011,273792.0,Автомат,Передний,Седан,305333,15,18253
Toyota,Corolla,2019,59232.0,Автомат,Задний,Кроссовер,1774119,7,8462
Hyundai,Solaris,2020,91631.0,Автомат,Передний,Хэтчбек,1005599,6,15272
Toyota,Corolla,2015,160417.0,Автомат,Передний,Седан,710384,11,14583
Volkswagen,Passat,2024,28288.0,Робот,Передний,Хэтчбек,1835494,2,14144
Hyundai,ix35,2022,38933.0,Робот,Передний,Кроссовер,1489058,4,9733
Volkswagen,Tiguan,2021,78381.0,Автомат,Полный,Седан,1167032,5,15676
Kia,Sportage,2020,76449.0,Механика,Задний,Кроссовер,883668,6,12742
Hyundai,Solaris,2020,118948.0,Автомат,Полный,Хэтчбек,893624,6,19825
Kia,Rio,2013,193685.0,Автомат,Полный,Кроссовер,269600,13,14899
BMW,X3,2010,242378.0,Автомат,Передний,Хэтчбек,291539,16,15149
Volkswagen,Golf,2014,224900.0,Автомат,Полный,Седан,297136,12,18742
Hyundai,Solaris,2023,49326.0,Автомат,Передний,Седан,1580656,3,16442
Hyundai,ix35,2017,98877.0,Механика,Передний,Хэтчбек,495991,9,10986
Toyota,Camry,2022,77249.0,Автомат,Полный,Седан,2197070,4,19312
Volkswagen,Tiguan,2011,316745.0,Автомат,Задний,Седан,313080,15,21116
BMW,3 Series,2020,110959.0,Механика,Полный,Кроссовер,1705970,6,18493
Kia,Optima,2015,193158.0,Автомат,Передний,Седан,342601,11,17560
Kia,Optima,2009,296568.0,Автомат,Передний,Хэтчбек,278947,17,17445
Hyundai,Tucson,2013,228208.0,Автомат,Полный,Хэтчбек,276956,13,17554
Kia,Sportage,2014,227196.0,Автомат,Полный,Кроссовер,277733,12,18933
BMW,5 Series,2011,245501.0,Робот,Полный,Седан,312393,15,16367
Hyundai,Solaris,2024,33413.0,Механика,Передний,Седан,1769839,2,16706
BMW,X3,2016,198489.0,Автомат,Передний,Хэтчбек,632597,10,19849
BMW,X3,2020,70836.0,Автомат,Передний,Хэтчбек,1589710,6,11806
Toyota,Camry,2008,315927.0,Автомат,Полный,Хэтчбек,331837,18,17552
Kia,Ceed,2009,285034.0,Автомат,Передний,Хэтчбек,344275,17,16767
Hyundai,Santa Fe,2015,175847.0,Механика,Передний,Кроссовер,305283,11,15986
Volkswagen,Golf,2012,216488.0,Автомат,Передний,Седан,344236,14,15463
Hyundai,ix35,2011,163996.0,Робот,Полный,Хэтчбек,256908,15,10933
Toyota,Camry,2012,135475.0,Автомат,Полный,Кроссовер,462473,14,9677
BMW,X5,2012,170074.0,Автомат,Передний,Хэтчбек,323326,14,12148
Volkswagen,Passat,2022,73975.0,Автомат,Передний,Кроссовер,1081634,4,18494
BMW,3 Series,2022,65029.0,Автомат,Полный,Седан,2484941,4,16257
Hyundai,Solaris,2017,146081.0,Автомат,Полный,Седан,355617,9,16231
Toyota,Camry,2016,175466.0,Механика,Передний,Седан,699069,10,17547
Hyundai,Tucson,2023,50759.0,Автомат,Полный,Кроссовер,1241831,3,16920
BMW,3 Series,2008,298567.0,Автомат,Передний,Кроссовер,256888,18,16587
Hyundai,ix35,2015,202194.0,Автомат,Полный,Кроссовер,267122,11,18381
Hyundai,Solaris,2018,123435.0,Механика,Задний,Седан,527220,8,15429
BMW,X5,2015,207834.0,Автомат,Передний,Кроссовер,482992,11,18894
Kia,Optima,2015,194444.0,Механика,Полный,Кроссовер,298225,11,17677
Volkswagen,Polo,2019,104297.0,Автомат,Полный,Седан,667130,7,14900
Hyundai,Santa Fe,2012,179613.0,Автомат,Передний,Хэтчбек,323201,14,12830
Toyota,Camry,2017,75579.0,Механика,Передний,Кроссовер,1339825,9,8398
Hyundai,Solaris,2015,141608.0,Автомат,Полный,Хэтчбек,266676,11,12873
BMW,X3,2013,193130.0,Автомат,Передний,Хэтчбек,590226,13,14856
BMW,3 Series,2020,99770.0,Автомат,Передний,Седан,1396239,6,16628
Hyundai,ix35,2010,132897.0,Механика,Полный,Кроссовер,320833,16,8306
Kia,Optima,2016,194078.0,Автомат,Передний,Хэтчбек,323186,10,19408
Kia,Ceed,2017,159721.0,Автомат,Передний,Кроссовер,355296,9,17747
Toyota,Corolla,2011,240529.0,Автомат,Полный,Хэтчбек,262224,15,16035
BMW,X3,2021,88023.0,Автомат,Передний,Хэтчбек,1596361,5,17605
Volkswagen,Golf,2017,171037.0,Автомат,Полный,Хэтчбек,351371,9,19004
Volkswagen,Passat,2021,67873.0,Механика,Передний,Хэтчбек,1129898,5,13575
Volkswagen,Passat,2015,132377.0,Механика,Передний,Хэтчбек,259091,11,12034
BMW,X3,2021,80530.0,Механика,Полный,Кроссовер,2163667,5,16106
Kia,Rio,2015,174095.0,Автомат,Задний,Кроссовер,258458,11,15827
Toyota,Land Cruiser,2009,391964.0,Автомат,Передний,Седан,288729,17,23057
Toyota,Land Cruiser,2016,225319.0,Механика,Полный,Хэтчбек,606999,10,22532
BMW,5 Series,2016,148084.0,Автомат,Передний,Хэтчбек,956816,10,14808
BMW,X3,2016,162061.0,Механика,Полный,Хэтчбек,742125,10,16206
Toyota,Land Cruiser,2018,122285.0,Робот,Передний,Хэтчбек,1175088,8,15286
BMW,3 Series,2008,264053.0,Механика,Передний,Седан,330287,18,14670
Volkswagen,Polo,2023,37898.0,Механика,Полный,Седан,1601700,3,12633
Kia,Rio,2010,132512.0,Автомат,Полный,Седан,299750,16,8282
BMW,X5,2012,238990.0,Автомат,Полный,Кроссовер,326163,14,17071
Toyota,Land Cruiser,2013,256240.0,Механика,Полный,Хэтчбек,342342,13,19711
Volkswagen,Golf,2015,133065.0,Автомат,Полный,Кроссовер,261569,11,12097
Hyundai,Santa Fe,2020,94042.0,Автомат,Полный,Седан,877154,6,15674
BMW,X3,2018,115171.0,Механика,Задний,Хэтчбек,1366661,8,14396
Hyundai,Tucson,2017,90893.0,Автомат,Полный,Кроссовер,661589,9,10099
BMW,X5,2010,254537.0,Автомат,Передний,Седан,329004,16,15909
Kia,Sportage,2011,188028.0,Механика,Полный,Хэтчбек,258727,15,12535
Toyota,Corolla,2018,164170.0,Механика,Задний,Хэтчбек,1056286,8,20521
BMW,X3,2015,246739.0,Автомат,Передний,Кроссовер,393668,11,22431
Toyota,Corolla,2015,162872.0,Механика,Полный,Кроссовер,763963,11,14807
BMW,3 Series,2015,196567.0,Автомат,Полный,Хэтчбек,485214,11,17870
Toyota,Land Cruiser,2009,391600.0,Автомат,Передний,Хэтчбек,271382,17,23035
Kia,Sportage,2012,284162.0,Механика,Передний,Кроссовер,292092,14,20297
BMW,X5,2022,42160.0,Робот,Полный,Хэтчбек,1958879,4,10540
Volkswagen,Polo,2023,56247.0,Автомат,Полный,Седан,1470920,3,18749
Hyundai,Tucson,2013,100630.0,Автомат,Задний,Седан,288722,13,7741
Toyota,Camry,2012,223328.0,Робот,Полный,Седан,260350,14,15952
Volkswagen,Polo,2017,117297.0,Автомат,Задний,Хэтчбек,464948,9,13033
Volkswagen,Golf,2014,225866.0,Автомат,Передний,Кроссовер,267074,12,18822
Toyota,Camry,2012,232826.0,Механика,Передний,Хэтчбек,292747,14,16630
Toyota,Camry,2022,46043.0,Механика,Полный,Хэтчбек,2376806,4,11511
BMW,X3,2018,155650.0,Механика,Передний,Седан,1190190,8,19456
Toyota,Land Cruiser,2018,91737.0,Автомат,Передний,Хэтчбек,1493189,8,11467
Toyota,Camry,2015,104049.0,Автомат,Передний,Кроссовер,805960,11,9459
Volkswagen,Tiguan,2011,224672.0,Автомат,Задний,Хэтчбек,306426,15,14978
Hyundai,ix35,2022,75065.0,Автомат,Полный,Седан,1091159,4,18766
Hyundai,Tucson,2013,217266.0,Механика,Передний,Седан,302524,13,16713
BMW,X3,2013,163433.0,Робот,Полный,Хэтчбек,487332,13,12572
Volkswagen,Tiguan,2009,196550.0,Автомат,Задний,Кроссовер,276683,17,11562
Hyundai,Solaris,2022,49445.0,Механика,Полный,Седан,1226803,4,12361
BMW,3 Series,2020,105624.0,Автомат,Передний,Кроссовер,1717784,6,17604
Toyota,Camry,2017,108290.0,Механика,Полный,Седан,954853,9,12032
BMW,5 Series,2011,151756.0,Робот,Передний,Хэтчбек,278399,15,10117
Kia,Rio,2024,29459.0,Механика,Передний,Седан,1506581,2,14730
Kia,Optima,2023,42207.0,Робот,Задний,Кроссовер,1284144,3,14069
Volkswagen,Golf,2013,113284.0,Робот,Передний,Хэтчбек,258976,13,8714
Toyota,Camry,2020,61660.0,Автомат,Полный,Седан,1730891,6,10277
Hyundai,Tucson,2013,184573.0,Автомат,Передний,Хэтчбек,316187,13,14198
Kia,Optima,2022,62279.0,Автомат,Полный,Кроссовер,1078267,4,15570
Kia,Sportage,2022,38398.0,Механика,Передний,Седан,1382790,4,9600
Volkswagen,Passat,2024,39186.0,Автомат,Полный,Хэтчбек,1403445,2,19593
Volkswagen,Golf,2019,108642.0,Механика,Передний,Седан,653799,7,15520
Kia,Sportage,2008,230912.0,Автомат,Передний,Седан,280458,18,12828
Hyundai,Santa Fe,2009,274539.0,Механика,Передний,Хэтчбек,281190,17,16149
BMW,3 Series,2023,56755.0,Автомат,Полный,Седан,2608136,3,18918
Toyota,Corolla,2011,206092.0,Автомат,Полный,Седан,338313,15,13739
BMW,5 Series,2009,235688.0,Механика,Передний,Седан,317011,17,13864
Volkswagen,Golf,2012,156160.0,Механика,Полный,Кроссовер,280703,14,11154
Toyota,RAV4,2013,157614.0,Механика,Полный,Седан,475017,13,12124
Volkswagen,Golf,2021,113501.0,Робот,Передний,Хэтчбек,879697,5,22700
Hyundai,Tucson,2016,136472.0,Автомат,Полный,Хэтчбек,365928,10,13647
Toyota,Camry,2017,154179.0,Механика,Полный,Хэтчбек,854869,9,17131
BMW,5 Series,2023,35178.0,Механика,Передний,Хэтчбек,2618902,3,11726
Hyundai,Tucson,2016,218065.0,Автомат,Полный,Седан,308676,10,21806
Hyundai,Santa Fe,2008,298923.0,Автомат,Передний,Хэтчбек,312295,18,16607
Hyundai,Tucson,2012,286881.0,Автомат,Полный,Седан,313796,14,20492
Volkswagen,Tiguan,2008,297798.0,Автомат,Передний,Седан,308114,18,16544
Kia,Optima,2012,165169.0,Автомат,Задний,Кроссовер,323670,14,11798
Volkswagen,Passat,2013,193130.0,Автомат,Полный,Хэтчбек,270936,13,14856
BMW,3 Series,2008,272915.0,Механика,Передний,Хэтчбек,262774,18,15162
Toyota,Corolla,2014,244581.0,Автомат,Передний,Седан,308389,12,20382
BMW,3 Series,2010,341245.0,Робот,Полный,Седан,312936,16,21328
Toyota,Land Cruiser,2021,51017.0,Механика,Передний,Хэтчбек,1967065,5,10203
Volkswagen,Polo,2016,208475.0,Автомат,Передний,Кроссовер,298912,10,20848
Volkswagen,Passat,2015,165119.0,Механика,Передний,Кроссовер,276377,11,15011
Toyota,RAV4,2022,50219.0,Механика,Полный,Кроссовер,2178332,4,12555
Toyota,Camry,2014,167004.0,Робот,Передний,Хэтчбек,564108,12,13917
Hyundai,ix35,2010,165392.0,Механика,Передний,Хэтчбек,295941,16,10337
Toyota,Corolla,2016,77505.0,Автомат,Передний,Хэтчбек,1134367,10,7750
Kia,Ceed,2019,125586.0,Автомат,Передний,Хэтчбек,576124,7,17941
Hyundai,ix35,2011,125364.0,Механика,Полный,Хэтчбек,316936,15,8358
Kia,Sportage,2010,107164.0,Механика,Полный,Кроссовер,308859,16,6698
BMW,X5,2011,210016.0,Механика,Передний,Кроссовер,280404,15,14001
Hyundai,ix35,2011,195218.0,Механика,Передний,Кроссовер,320648,15,13015
Kia,Rio,2008,323263.0,Автомат,Полный,Седан,342592,18,17959
Toyota,Land Cruiser,2011,264901.0,Механика,Передний,Кроссовер,343825,15,17660
Kia,Rio,2012,192669.0,Робот,Передний,Хэтчбек,283081,14,13762
Volkswagen,Tiguan,2014,178785.0,Автомат,Задний,Хэтчбек,308554,12,14899
Hyundai,Santa Fe,2017,112666.0,Автомат,Полный,Хэтчбек,532710,9,12518
Toyota,Camry,2019,150039.0,Робот,Передний,Хэтчбек,1161733,7,21434
Kia,Sportage,2020,84600.0,Автомат,Полный,Кроссовер,1014771,6,14100
Kia,Sportage,2024,31362.0,Автомат,Передний,Хэтчбек,1888923,2,15681
BMW,X3,2010,250006.0,Автомат,Передний,Кроссовер,297450,16,15625
Hyundai,ix35,2021,53730.0,Робот,Передний,Седан,1277403,5,10746
Kia,Sportage,2024,30882.0,Автомат,Задний,Хэтчбек,1738400,2,15441
BMW,3 Series,2024,36286.0,Робот,Полный,Хэтчбек,3181707,2,18143
Volkswagen,Polo,2008,335820.0,Автомат,Передний,Хэтчбек,303936,18,18657
Toyota,Land Cruiser,2015,168145.0,Автомат,Передний,Кроссовер,748676,11,15286
Kia,Optima,2009,116690.0,Механика,Полный,Хэтчбек,279565,17,6864
Kia,Sportage,2017,102869.0,Автомат,Передний,Седан,611132,9,11430
Volkswagen,Polo,2021,24047.0,Автомат,Полный,Седан,1393618,5,4809
BMW,3 Series,2023,41774.0,Автомат,Передний,Хэтчбек,2737212,3,13925
Kia,Rio,2017,149245.0,Автомат,Передний,Кроссовер,358487,9,16583
BMW,X3,2019,80299.0,Автомат,Передний,Кроссовер,1562613,7,11471
BMW,5 Series,2021,79828.0,Автомат,Передний,Кроссовер,1688783,5,15966
Volkswagen,Polo,2022,68305.0,Автомат,Передний,Седан,1259391,4,17076
Toyota,Camry,2018,128843.0,Автомат,Полный,Кроссовер,1275653,8,16105
Kia,Rio,2011,208124.0,Автомат,Передний,Седан,324065,15,13875
BMW,X3,2008,282029.0,Автомат,Передний,Кроссовер,315456,18,15668
Volkswagen,Polo,2010,153451.0,Автомат,Полный,Кроссовер,304599,16,9591
Hyundai,Solaris,2008,329683.0,Механика,Передний,Седан,272223,18,18316
BMW,X3,2012,270809.0,Робот,Задний,Седан,330503,14,19344
Toyota,RAV4,2010,203760.0,Автомат,Полный,Кроссовер,284540,16,12735
BMW,X5,2019,164285.0,Робот,Передний,Седан,1243898,7,23469
Hyundai,ix35,2019,112223.0,Автомат,Полный,Хэтчбек,783280,7,16032
BMW,X3,2008,345757.0,Механика,Передний,Хэтчбек,291743,18,19209
BMW,3 Series,2012,120549.0,Автомат,Полный,Кроссовер,456950,14,8611
Toyota,RAV4,2017,194786.0,Автомат,Полный,Хэтчбек,722703,9,21643
Hyundai,Solaris,2009,340586.0,Механика,Полный,Кроссовер,333480,17,20034
Volkswagen,Polo,2013,197091.0,Автомат,Передний,Кроссовер,335038,13,15161
Hyundai,Tucson,2024,31074.0,Автомат,Полный,Кроссовер,1759079,2,15537
Toyota,Corolla,2015,162011.0,Автомат,Полный,Хэтчбек,675725,11,14728
BMW,X5,2017,76585.0,Автомат,Полный,Кроссовер,1336514,9,8509
BMW,X3,2016,116715.0,Робот,Задний,Кроссовер,872461,10,11672
Hyundai,Santa Fe,2017,152792.0,Механика,Передний,Седан,344957,9,16977
Toyota,RAV4,2018,131564.0,Автомат,Полный,Седан,1319701,8,16446
Volkswagen,Polo,2017,142994.0,Механика,Задний,Седан,369201,9,15888
BMW,X5,2012,333164.0,Автомат,Полный,Седан,292052,14,23797
Kia,Ceed,2012,263459.0,Механика,Передний,Кроссовер,334561,14,18818
BMW,X3,2020,82938.0,Автомат,Передний,Седан,1802695,6,13823
Volkswagen,Polo,2009,308149.0,Автомат,Полный,Хэтчбек,284619,17,18126
BMW,3 Series,2019,132167.0,Автомат,Передний,Кроссовер,1395073,7,18881
BMW,5 Series,2011,233524.0,Робот,Передний,Кроссовер,312425,15,15568
Hyundai,Santa Fe,2014,184636.0,Автомат,Полный,Седан,329948,12,15386
Hyundai,Solaris,2018,156503.0,Автомат,Передний,Седан,477336,8,19563
BMW,X3,2015,142638.0,Автомат,Передний,Седан,700639,11,12967
Volkswagen,Passat,2016,133186.0,Автомат,Задний,Седан,370651,10,13319
BMW,3 Series,2008,364830.0,Автомат,Передний,Хэтчбек,297428,18,20268
Hyundai,ix35,2018,10046.0,Автомат,Задний,Седан,1068737,8,1256
Hyundai,Santa Fe,2009,249660.0,Автомат,Передний,Кроссовер,336595,17,14686
BMW,X5,2017,234242.0,Робот,Полный,Хэтчбек,685926,9,26027
Toyota,Corolla,2023,61152.0,Автомат,Передний,Хэтчбек,2664409,3,20384
Kia,Ceed,2017,149565.0,Робот,Полный,Седан,387094,9,16618
Kia,Ceed,2014,202018.0,Автомат,Задний,Хэтчбек,311804,12,16835
Toyota,Land Cruiser,2011,311887.0,Автомат,Полный,Седан,269307,15,20792
Volkswagen,Tiguan,2013,201568.0,Автомат,Передний,Седан,267458,13,15505
BMW,3 Series,2013,95675.0,Механика,Передний,Кроссовер,687190,13,7360
BMW,X5,2011,214302.0,Автомат,Передний,Хэтчбек,271365,15,14287
Kia,Rio,2012,177334.0,Автомат,Передний,Хэтчбек,266364,14,12667
Hyundai,Tucson,2011,192285.0,Автомат,Передний,Седан,319763,15,12819
Toyota,Camry,2022,56673.0,Автомат,Передний,Кроссовер,2340889,4,14168
BMW,3 Series,2010,277245.0,Автомат,Передний,Кроссовер,277653,16,17328
Volkswagen,Passat,2012,221946.0,Автомат,Передний,Кроссовер,330076,14,15853
Kia,Sportage,2009,171760.0,Механика,Полный,Кроссовер,260453,17,10104
Toyota,RAV4,2011,232149.0,Автомат,Передний,Кроссовер,324136,15,15477
BMW,X3,2021,45256.0,Автомат,Полный,Хэтчбек,1988339,5,9051
BMW,X3,2011,119009.0,Автомат,Полный,Кроссовер,473227,15,7934
Kia,Sportage,2010,188324.0,Робот,Задний,Хэтчбек,296160,16,11770
Hyundai,ix35,2013,275173.0,Автомат,Задний,Хэтчбек,288650,13,21167
Kia,Sportage,2009,204908.0,Автомат,Полный,Хэтчбек,295723,17,12053
Kia,Sportage,2016,133808.0,Робот,Полный,Седан,377089,10,13381
Kia,Optima,2017,133601.5,Автомат,Полный,Хэтчбек,361388,9,14845
Hyundai,Solaris,2022,29904.0,Робот,Полный,Кроссовер,1241138,4,7476
Volkswagen,Golf,2009,251201.0,Робот,Полный,Хэтчбек,271283,17,14777
Volkswagen,Tiguan,2010,214703.0,Автомат,Полный,Кроссовер,312825,16,13419
Volkswagen,Tiguan,2021,47334.0,Механика,Передний,Кроссовер,999340,5,9467
Kia,Ceed,2014,67809.0,Робот,Передний,Хэтчбек,397046,12,5651
BMW,5 Series,2024,33511.0,Механика,Передний,Седан,2715920,2,16756
BMW,5 Series,2008,267224.0,Автомат,Задний,Кроссовер,288602,18,14846
BMW,X5,2013,218469.0,Автомат,Полный,Хэтчбек,304126,13,16805
Volkswagen,Tiguan,2014,216387.0,Автомат,Передний,Кроссовер,309619,12,18032
Kia,Optima,2009,331003.0,Механика,Передний,Хэтчбек,287541,17,19471
Kia,Rio,2019,118178.0,Механика,Задний,Хэтчбек,585145,7,16883
Hyundai,Solaris,2016,113251.0,Автомат,Задний,Кроссовер,456646,10,11325
Volkswagen,Passat,2013,103509.0,Механика,Передний,Седан,280009,13,7962
Hyundai,Santa Fe,2014,110166.0,Механика,Полный,Кроссовер,289389,12,9180
Volkswagen,Passat,2024,30138.0,Автомат,Передний,Хэтчбек,1719643,2,15069
Kia,Ceed,2023,45536.0,Робот,Полный,Седан,1278403,3,15179
BMW,5 Series,2008,275376.0,Механика,Полный,Кроссовер,339286,18,15299
Hyundai,Solaris,2023,38988.0,Автомат,Задний,Кроссовер,1397354,3,12996
Volkswagen,Golf,2024,30505.0,Автомат,Полный,Седан,1572916,2,15252
Hyundai,Santa Fe,2015,258773.0,Механика,Передний,Хэтчбек,280083,11,23525
Volkswagen,Polo,2017,173101.0,Механика,Полный,Хэтчбек,282008,9,19233
Kia,Ceed,2019,155347.0,Механика,Полный,Седан,612793,7,22192
Kia,Optima,2009,52319.0,Автомат,Полный,Хэтчбек,313042,17,3078
Toyota,Camry,2009,228297.0,Автомат,Передний,Седан,281726,17,13429
Toyota,RAV4,2023,55200.0,Автомат,Передний,Кроссовер,2315856,3,18400
Hyundai,Tucson,2017,142059.0,Робот,Передний,Хэтчбек,461026,9,15784
Toyota,Camry,2019,117704.0,Автомат,Передний,Седан,1571996,7,16815
Kia,Sportage,2008,281046.0,Автомат,Передний,Хэтчбек,296186,18,15614
Toyota,RAV4,2019,198387.0,Автомат,Передний,Хэтчбек,999241,7,28341
Kia,Sportage,2016,218008.0,Механика,Передний,Кроссовер,298686,10,21801
Hyundai,Santa Fe,2013,197580.0,Автомат,Полный,Хэтчбек,327717,13,15198
Volkswagen,Tiguan,2008,251010.0,Автомат,Задний,Хэтчбек,340674,18,13945
Kia,Rio,2017,172110.0,Автомат,Передний,Кроссовер,350095,9,19123
Kia,Ceed,2014,125318.0,Робот,Передний,Седан,274334,12,10443
BMW,3 Series,2021,105163.0,Автомат,Передний,Хэтчбек,1913281,5,21033
Hyundai,Solaris,2016,121004.0,Автомат,Передний,Хэтчбек,451868,10,12100
Volkswagen,Passat,2014,323077.0,Механика,Полный,Седан,337749,12,26923
Kia,Optima,2020,31336.0,Механика,Полный,Кроссовер,1059725,6,5223
Hyundai,Tucson,2024,30898.0,Робот,Задний,Кроссовер,1570167,2,15449
Hyundai,ix35,2009,204504.0,Автомат,Передний,Кроссовер,274276,17,12030
Volkswagen,Tiguan,2010,180962.0,Механика,Передний,Кроссовер,292946,16,11310
Volkswagen,Golf,2022,61397.0,Автомат,Передний,Хэтчбек,1413993,4,15349
Toyota,RAV4,2009,104886.0,Автомат,Передний,Хэтчбек,371832,17,6170
Hyundai,Tucson,2017,76532.0,Механика,Полный,Кроссовер,684602,9,8504
Kia,Rio,2012,313351.0,Механика,Передний,Седан,337182,14,22382
Volkswagen,Passat,2020,89542.0,Автомат,Передний,Хэтчбек,939566,6,14924
Kia,Optima,2021,72284.0,Автомат,Передний,Седан,1116545,5,14457
Kia,Sportage,2009,270027.0,Робот,Передний,Седан,328109,17,15884
Hyundai,ix35,2011,214652.0,Автомат,Полный,Седан,325688,15,14310
Toyota,Camry,2009,401613.0,Механика,Полный,Кроссовер,323485,17,23624
Hyundai,ix35,2011,252406.0,Автомат,Задний,Кроссовер,306488,15,16827
Toyota,RAV4,2016,64914.0,Автомат,Полный,Седан,1207850,10,6491
Toyota,Corolla,2017,202334.0,Механика,Передний,Седан,862111,9,22482
Volkswagen,Tiguan,2023,44134.0,Автомат,Полный,Кроссовер,1408041,3,14711
Hyundai,Santa Fe,2022,60716.0,Автомат,Задний,Кроссовер,1076196,4,15179
Kia,Ceed,2015,170017.0,Автомат,Передний,Кроссовер,267799,11,15456
Toyota,RAV4,2018,165570.0,Автомат,Полный,Хэтчбек,1012506,8,20696
BMW,3 Series,2022,58886.0,Робот,Задний,Кроссовер,2355794,4,14722
Toyota,Land Cruiser,2008,234415.0,Механика,Передний,Кроссовер,295494,18,13023
Volkswagen,Polo,2018,85241.0,Автомат,Полный,Седан,661678,8,10655
Volkswagen,Tiguan,2023,52131.0,Автомат,Полный,Кроссовер,1616993,3,17377
BMW,X5,2018,85025.0,Автомат,Полный,Хэтчбек,1227037,8,10628
Kia,Ceed,2023,32839.0,Автомат,Передний,Хэтчбек,1347040,3,10946
Toyota,Land Cruiser,2013,251024.0,Автомат,Передний,Хэтчбек,311327,13,19310
Toyota,RAV4,2014,141533.0,Автомат,Полный,Кроссовер,709901,12,11794
Volkswagen,Polo,2019,90572.0,Механика,Передний,Кроссовер,711923,7,12939
Hyundai,Solaris,2015,168453.0,Автомат,Передний,Кроссовер,292551,11,15314
BMW,X3,2012,196456.0,Автомат,Задний,Кроссовер,268084,14,14033
Hyundai,Solaris,2008,282828.0,Механика,Передний,Кроссовер,339319,18,15713
Toyota,Land Cruiser,2010,301948.0,Автомат,Полный,Кроссовер,266165,16,18872
BMW,X3,2022,64082.0,Робот,Передний,Седан,2389515,4,16020
BMW,X5,2021,90536.0,Автомат,Полный,Седан,2133732,5,18107
Toyota,RAV4,2015,190483.0,Автомат,Полный,Хэтчбек,637119,11,17317
Toyota,RAV4,2016,146724.0,Механика,Передний,Седан,758305,10,14672
Kia,Ceed,2008,239544.0,Автомат,Передний,Хэтчбек,317135,18,13308
Hyundai,Tucson,2023,42639.0,Автомат,Передний,Седан,1315046,3,14213
BMW,X5,2017,167951.0,Механика,Передний,Кроссовер,892677,9,18661
Toyota,Corolla,2020,89542.0,Автомат,Задний,Седан,1452833,6,14924
Toyota,Camry,2014,209974.0,Автомат,Полный,Седан,410572,12,17498
Kia,Rio,2010,295573.0,Механика,Передний,Седан,340912,16,18473
Volkswagen,Tiguan,2011,130265.0,Автомат,Передний,Кроссовер,322840,15,8684
Kia,Rio,2018,108384.0,Автомат,Передний,Хэтчбек,561568,8,13548
Kia,Sportage,2012,197398.0,Автомат,Передний,Хэтчбек,269492,14,14100
Kia,Rio,2024,35028.0,Автомат,Полный,Хэтчбек,1538641,2,17514
Kia,Sportage,2013,209588.0,Автомат,Полный,Седан,297742,13,16122
Kia,Ceed,2015,152578.0,Автомат,Передний,Кроссовер,301457,11,13871
Hyundai,ix35,2022,58506.0,Робот,Полный,Хэтчбек,1128893,4,14626
Kia,Optima,2024,32088.0,Автомат,Передний,Хэтчбек,1417293,2,16044
BMW,3 Series,2022,27142.0,Механика,Передний,Хэтчбек,2039150,4,6786
BMW,X5,2013,156420.0,Автомат,Передний,Хэтчбек,420171,13,12032
Kia,Optima,2010,193251.0,Механика,Полный,Хэтчбек,296382,16,12078
Toyota,Land Cruiser,2019,134014.0,Автомат,Передний,Седан,1453362,7,19145
Toyota,RAV4,2024,31773.0,Автомат,Передний,Кроссовер,2467989,2,15886
Volkswagen,Golf,2009,165503.0,Автомат,Передний,Хэтчбек,270565,17,9735
Volkswagen,Polo,2024,21997.0,Механика,Полный,Кроссовер,1860660,2,10998
Volkswagen,Passat,2021,47882.0,Автомат,Передний,Седан,1217742,5,9576
Volkswagen,Polo,2024,29173.0,Механика,Полный,Кроссовер,1750340,2,14586
Kia,Ceed,2011,143514.0,Автомат,Полный,Хэтчбек,341654,15,9568
Kia,Sportage,2022,74374.0,Автомат,Передний,Седан,1126192,4,18594
Volkswagen,Polo,2015,162872.0,Автомат,Полный,Кроссовер,299318,11,14807
Volkswagen,Passat,2016,121531.0,Механика,Передний,Седан,399427,10,12153
Kia,Ceed,2012,323220.0,Автомат,Полный,Кроссовер,341931,14,23087
Toyota,RAV4,2011,278295.0,Автомат,Полный,Кроссовер,264268,15,18553
Toyota,Land Cruiser,2023,46765.0,Механика,Передний,Хэтчбек,2527362,3,15588
Hyundai,Solaris,2010,237882.0,Автомат,Передний,Кроссовер,334763,16,14868
Hyundai,Santa Fe,2011,179739.0,Механика,Полный,Хэтчбек,322814,15,11983
Toyota,RAV4,2019,140725.0,Автомат,Передний,Кроссовер,1199935,7,20104
Kia,Sportage,2015,162872.0,Автомат,Полный,Седан,387196,11,14807
Toyota,RAV4,2009,184227.0,Автомат,Полный,Хэтчбек,259849,17,10837
Volkswagen,Passat,2017,110519.0,Робот,Передний,Хэтчбек,522199,9,12280
Toyota,RAV4,2013,194032.0,Автомат,Передний,Кроссовер,384874,13,14926
Kia,Optima,2015,143568.0,Автомат,Передний,Хэтчбек,342270,11,13052
Volkswagen,Tiguan,2024,34146.0,Автомат,Полный,Седан,1710656,2,17073
Volkswagen,Golf,2010,298305.0,Автомат,Передний,Хэтчбек,294095,16,18644
Volkswagen,Tiguan,2015,103738.0,Механика,Передний,Кроссовер,342141,11,9431
Kia,Sportage,2018,113602.0,Автомат,Передний,Седан,539787,8,14200
Kia,Optima,2012,182892.0,Автомат,Задний,Седан,263564,14,13064
Volkswagen,Passat,2019,99374.0,Автомат,Полный,Седан,678024,7,14196
BMW,X3,2013,130420.0,Робот,Передний,Седан,549915,13,10032
Hyundai,Tucson,2011,181342.0,Механика,Передний,Хэтчбек,318757,15,12089
Hyundai,Santa Fe,2012,175206.0,Механика,Передний,Кроссовер,334480,14,12515
Volkswagen,Golf,2016,131583.0,Робот,Передний,Кроссовер,359389,10,13158
Toyota,RAV4,2010,261492.0,Механика,Полный,Кроссовер,293532,16,16343
Hyundai,Tucson,2014,167728.0,Автомат,Передний,Седан,324313,12,13977
Hyundai,Solaris,2013,147264.0,Автомат,Передний,Седан,323085,13,11328
Kia,Sportage,2018,107216.0,Автомат,Передний,Хэтчбек,646978,8,13402
BMW,3 Series,2019,97797.0,Автомат,Передний,Хэтчбек,1622173,7,13971
Toyota,RAV4,2008,382714.0,Автомат,Передний,Седан,291956,18,21262
Toyota,Corolla,2013,225742.0,Автомат,Полный,Седан,275116,13,17365
Toyota,RAV4,2008,296297.0,Механика,Передний,Седан,268547,18,16461
Hyundai,Solaris,2017,100356.0,Автомат,Полный,Седан,506869,9,11151
BMW,5 Series,2023,44927.0,Робот,Передний,Кроссовер,2302477,3,14976
BMW,3 Series,2010,160407.0,Автомат,Полный,Хэтчбек,312087,16,10025
Toyota,Camry,2016,132113.0,Автомат,Передний,Кроссовер,936130,10,13211
Hyundai,Solaris,2011,190713.0,Автомат,Передний,Седан,317192,15,12714
Kia,Rio,2018,106787.0,Робот,Полный,Кроссовер,624819,8,13348
BMW,X5,2017,196746.0,Автомат,Задний,Кроссовер,837842,9,21861
Toyota,Camry,2010,271501.0,Автомат,Задний,Хэтчбек,305371,16,16969
Volkswagen,Passat,2018,169056.0,Автомат,Передний,Кроссовер,401523,8,21132
Kia,Optima,2014,127454.0,Автомат,Полный,Седан,323492,12,10621
Toyota,RAV4,2024,33899.0,Механика,Полный,Седан,2769589,2,16950
Kia,Sportage,2024,50510.0,Автомат,Задний,Кроссовер,1431635,2,25255
Volkswagen,Passat,2022,48899.0,Механика,Задний,Хэтчбек,1262707,4,12225
BMW,3 Series,2013,209129.0,Автомат,Передний,Кроссовер,271422,13,16087
BMW,3 Series,2017,175577.0,Автомат,Полный,Кроссовер,856632,9,19509
BMW,5 Series,2011,226522.0,Робот,Полный,Хэтчбек,270597,15,15101
Toyota,Land Cruiser,2016,186596.0,Механика,Задний,Седан,695240,10,18660
Hyundai,Santa Fe,2010,215023.0,Механика,Передний,Седан,278500,16,13439
Kia,Optima,2012,225726.0,Автомат,Задний,Седан,292809,14,16123
Kia,Rio,2021,71155.0,Автомат,Полный,Кроссовер,1042868,5,14231
Kia,Ceed,2010,333611.0,Автомат,Полный,Седан,317668,16,20851
Toyota,Land Cruiser,2011,301185.0,Автомат,Передний,Седан,302404,15,20079
Toyota,Corolla,2016,164538.0,Механика,Передний,Хэтчбек,843358,10,16454
BMW,X5,2014,271932.0,Механика,Передний,Седан,343769,12,22661
Volkswagen,Passat,2018,98738.0,Механика,Передний,Хэтчбек,603646,8,12342
Hyundai,Solaris,2012,33818.0,Автомат,Передний,Седан,509862,14,2416
Kia,Rio,2015,215295.0,Автомат,Полный,Кроссовер,276732,11,19572
BMW,X3,2022,71385.0,Механика,Задний,Седан,2051636,4,17846
Volkswagen,Polo,2021,113719.0,Механика,Передний,Хэтчбек,1048428,5,22744
Toyota,Land Cruiser,2017,149814.0,Автомат,Полный,Кроссовер,843416,9,16646
Toyota,RAV4,2016,192809.0,Автомат,Передний,Кроссовер,699616,10,19281
Hyundai,Solaris,2018,89831.0,Автомат,Передний,Кроссовер,638018,8,11229
Volkswagen,Passat,2020,88488.0,Механика,Полный,Седан,873529,6,14748
Volkswagen,Tiguan,2014,111029.0,Робот,Полный,Хэтчбек,343870,12,9252
BMW,3 Series,2019,149356.0,Механика,Передний,Седан,1275746,7,21337
BMW,3 Series,2022,32791.0,Автомат,Полный,Кроссовер,2590505,4,8198
BMW,5 Series,2024,23778.0,Механика,Передний,Кроссовер,2434812,2,11889
BMW,X5,2016,212098.0,Автомат,Полный,Хэтчбек,670699,10,21210
Hyundai,ix35,2012,130065.0,Автомат,Передний,Седан,309455,14,9290
BMW,5 Series,2023,44212.0,Автомат,Передний,Седан,2420139,3,14737
BMW,3 Series,2015,138407.0,Автомат,Полный,Седан,778067,11,12582
Hyundai,Santa Fe,2009,182295.0,Автомат,Полный,Седан,278589,17,10723
Toyota,Corolla,2009,253761.5,Автомат,Передний,Хэтчбек,302518,17,14927
Kia,Rio,2012,191026.0,Механика,Передний,Хэтчбек,267483,14,13645
Hyundai,ix35,2014,255525.0,Автомат,Задний,Кроссовер,259672,12,21294
Kia,Ceed,2008,239294.0,Механика,Задний,Кроссовер,282515,18,13294
Kia,Sportage,2011,146990.0,Механика,Полный,Седан,259036,15,9799
Volkswagen,Tiguan,2017,72601.0,Автомат,Передний,Кроссовер,653000,9,8067
Kia,Ceed,2024,34663.0,Механика,Передний,Кроссовер,1741100,2,17332
Kia,Optima,2010,107181.0,Механика,Передний,Седан,315908,16,6699
BMW,5 Series,2011,235689.0,Автомат,Передний,Хэтчбек,286011,15,15713
BMW,X5,2009,181010.0,Автомат,Передний,Кроссовер,279769,17,10648
Hyundai,Solaris,2023,26659.0,Механика,Полный,Хэтчбек,1670239,3,8886
Volkswagen,Polo,2009,355098.0,Механика,Передний,Хэтчбек,296092,17,20888
Kia,Sportage,2018,127242.0,Автомат,Полный,Седан,537211,8,15905
Toyota,RAV4,2014,176197.0,Автомат,Полный,Хэтчбек,485583,12,14683
Hyundai,Tucson,2024,25277.0,Автомат,Передний,Седан,1664620,2,12638
BMW,3 Series,2013,186690.0,Механика,Передний,Седан,408439,13,14361
BMW,X5,2022,57023.0,Автомат,Полный,Хэтчбек,2113662,4,14256
Volkswagen,Passat,2014,132939.0,Автомат,Полный,Седан,304921,12,11078
Hyundai,Solaris,2018,125701.0,Механика,Полный,Седан,618086,8,15713
BMW,X5,2017,99308.0,Автомат,Передний,Хэтчбек,1278664,9,11034
Kia,Ceed,2009,244682.0,Автомат,Полный,Хэтчбек,318522,17,14393
Toyota,Camry,2012,223444.0,Автомат,Передний,Хэтчбек,344601,14,15960
Kia,Optima,2011,292610.0,Автомат,Передний,Кроссовер,305908,15,19507
Kia,Sportage,2017,133601.5,Автомат,Полный,Хэтчбек,364206,9,14845
Toyota,Land Cruiser,2010,289849.0,Автомат,Полный,Хэтчбек,292333,16,18116
Toyota,Camry,2019,162769.0,Автомат,Полный,Седан,1119762,7,23253
Kia,Sportage,2018,105454.0,Автомат,Полный,Хэтчбек,563817,8,13182
Hyundai,Tucson,2015,144979.0,Автомат,Полный,Хэтчбек,296620,11,13180
Toyota,Corolla,2017,95205.0,Механика,Передний,Седан,1274328,9,10578
Hyundai,Tucson,2019,119273.0,Автомат,Полный,Хэтчбек,692286,7,17039
Volkswagen,Passat,2020,105262.0,Автомат,Полный,Хэтчбек,873041,6,17544
Kia,Sportage,2008,287116.0,Автомат,Передний,Кроссовер,315581,18,15951
Hyundai,ix35,2024,22761.0,Механика,Передний,Кроссовер,1710546,2,11380
Hyundai,Santa Fe,2018,117250.0,Автомат,Полный,Хэтчбек,567005,8,14656
BMW,3 Series,2008,189830.0,Робот,Передний,Седан,282626,18,10546
Volkswagen,Tiguan,2010,217685.0,Автомат,Передний,Седан,310827,16,13605
Hyundai,ix35,2019,99451.0,Автомат,Задний,Хэтчбек,684671,7,14207
BMW,X5,2024,34427.0,Автомат,Передний,Хэтчбек,2761806,2,17214
Kia,Optima,2022,45494.0,Автомат,Передний,Хэтчбек,1382704,4,11374
BMW,X5,2024,33111.0,Робот,Передний,Кроссовер,2953373,2,16556
Volkswagen,Polo,2011,244459.0,Автомат,Полный,Кроссовер,304333,15,16297
BMW,3 Series,2016,178419.0,Робот,Задний,Хэтчбек,751983,10,17842
Volkswagen,Passat,2011,208938.0,Механика,Передний,Хэтчбек,322049,15,13929
Toyota,RAV4,2019,84155.0,Механика,Передний,Седан,1557872,7,12022
Toyota,RAV4,2008,214819.0,Механика,Полный,Седан,291596,18,11934
Volkswagen,Polo,2009,276881.0,Робот,Передний,Хэтчбек,296012,17,16287
Hyundai,Solaris,2011,331533.0,Робот,Передний,Кроссовер,313839,15,22102
Kia,Sportage,2024,30172.0,Механика,Полный,Кроссовер,1641137,2,15086
Kia,Sportage,2015,135718.0,Автомат,Передний,Хэтчбек,286812,11,12338
BMW,5 Series,2017,108455.0,Механика,Полный,Хэтчбек,1272915,9,12051
Hyundai,Tucson,2016,92915.0,Механика,Передний,Седан,577333,10,9292
Kia,Ceed,2019,149771.0,Механика,Передний,Кроссовер,629346,7,21396
BMW,3 Series,2015,206132.0,Механика,Передний,Кроссовер,480081,11,18739
Toyota,RAV4,2011,146509.0,Автомат,Передний,Седан,320199,15,9767
Kia,Optima,2018,83222.0,Автомат,Передний,Седан,722614,8,10403
Toyota,Corolla,2013,145200.0,Автомат,Полный,Кроссовер,591749,13,11169
Kia,Sportage,2017,156924.0,Механика,Передний,Кроссовер,391374,9,17436
Hyundai,Solaris,2021,73558.0,Механика,Полный,Седан,1223731,5,14712
Kia,Sportage,2020,92572.0,Автомат,Задний,Хэтчбек,988726,6,15429
Volkswagen,Passat,2010,180495.0,Робот,Полный,Кроссовер,289367,16,11281
Volkswagen,Polo,2017,73182.0,Механика,Полный,Кроссовер,730804,9,8131
BMW,X5,2017,97412.0,Автомат,Передний,Седан,1224133,9,10824
Toyota,Corolla,2024,23297.0,Механика,Полный,Кроссовер,2917291,2,11648
Hyundai,ix35,2012,187477.0,Механика,Полный,Хэтчбек,317603,14,13391
Hyundai,ix35,2018,130634.0,Автомат,Передний,Хэтчбек,545072,8,16329
Kia,Ceed,2011,159360.0,Механика,Полный,Хэтчбек,262939,15,10624
BMW,X3,2020,66888.0,Механика,Передний,Хэтчбек,1970666,6,11148
Hyundai,ix35,2008,146694.0,Автомат,Передний,Хэтчбек,343984,18,8150
Toyota,RAV4,2011,292631.0,Робот,Полный,Хэтчбек,292282,15,19509
Kia,Sportage,2023,52422.0,Механика,Полный,Седан,1429027,3,17474
Kia,Sportage,2016,161957.0,Автомат,Полный,Седан,271570,10,16196
Volkswagen,Polo,2008,278525.0,Механика,Передний,Седан,327875,18,15474
BMW,X3,2014,232201.0,Робот,Передний,Хэтчбек,289193,12,19350
Kia,Ceed,2011,193265.0,Механика,Передний,Кроссовер,319660,15,12884
Toyota,Camry,2024,42949.0,Автомат,Полный,Хэтчбек,2487790,2,21474
Hyundai,Santa Fe,2011,225648.5,Механика,Передний,Кроссовер,290955,15,15043
BMW,5 Series,2014,197092.0,Робот,Передний,Седан,433433,12,16424
BMW,3 Series,2014,145440.0,Автомат,Передний,Хэтчбек,610308,12,12120
BMW,5 Series,2021,99806.0,Автомат,Полный,Кроссовер,1627826,5,19961
Volkswagen,Polo,2021,114220.0,Автомат,Полный,Седан,860731,5,22844
Hyundai,ix35,2012,236699.0,Механика,Передний,Хэтчбек,287342,14,16907
BMW,X5,2021,91564.0,Механика,Полный,Кроссовер,1818833,5,18313
BMW,X3,2023,59981.0,Механика,Передний,Кроссовер,2760188,3,19994
Kia,Rio,2019,85496.0,Механика,Полный,Седан,784759,7,12214
Toyota,RAV4,2016,148585.0,Робот,Передний,Седан,925669,10,14858
Volkswagen,Tiguan,2021,86776.0,Механика,Полный,Хэтчбек,952021,5,17355
Hyundai,ix35,2013,167462.0,Автомат,Полный,Кроссовер,267232,13,12882
Toyota,Corolla,2008,174490.0,Автомат,Полный,Седан,292954,18,9694
Kia,Ceed,2019,70927.0,Автомат,Полный,Кроссовер,730669,7,10132
Hyundai,ix35,2024,21611.0,Механика,Полный,Хэтчбек,1931716,2,10806
BMW,X5,2016,178415.0,Автомат,Передний,Кроссовер,841357,10,17842
Kia,Ceed,2024,39550.0,Механика,Полный,Хэтчбек,1706292,2,19775
BMW,3 Series,2012,247239.0,Автомат,Передний,Кроссовер,312720,14,17660
Volkswagen,Tiguan,2014,101065.0,Механика,Передний,Седан,316702,12,8422
Toyota,Land Cruiser,2022,55934.0,Механика,Передний,Седан,1900684,4,13984
BMW,5 Series,2012,181526.0,Механика,Передний,Хэтчбек,336522,14,12966
Volkswagen,Polo,2009,94478.0,Механика,Полный,Седан,294877,17,5558
Hyundai,Solaris,2015,89731.0,Автомат,Передний,Кроссовер,425272,11,8157
Hyundai,Tucson,2008,268410.0,Автомат,Передний,Кроссовер,287917,18,14912
Toyota,Camry,2012,276366.0,Автомат,Передний,Кроссовер,337342,14,19740
Volkswagen,Tiguan,2017,116439.0,Робот,Передний,Кроссовер,447213,9,12938
Kia,Sportage,2018,135105.0,Механика,Передний,Кроссовер,604450,8,16888
Toyota,Corolla,2012,264769.0,Автомат,Полный,Хэтчбек,317419,14,18912
Kia,Optima,2014,182167.0,Автомат,Полный,Кроссовер,295088,12,15181
Hyundai,Santa Fe,2011,260824.0,Автомат,Полный,Хэтчбек,288510,15,17388
Volkswagen,Polo,2019,123971.0,Механика,Передний,Кроссовер,631185,7,17710
BMW,X3,2021,65183.0,Автомат,Полный,Седан,1850139,5,13037
BMW,X5,2017,92860.0,Автомат,Передний,Седан,1129675,9,10318
Kia,Rio,2020,97941.0,Автомат,Полный,Хэтчбек,934718,6,16324
BMW,5 Series,2009,137215.0,Автомат,Передний,Кроссовер,293008,17,8071
Kia,Rio,2014,265765.0,Робот,Передний,Седан,283750,12,22147
Kia,Optima,2012,170661.0,Робот,Задний,Кроссовер,330668,14,12190
Kia,Rio,2012,141384.0,Автомат,Полный,Кроссовер,297492,14,10099
BMW,5 Series,2011,214782.0,Автомат,Передний,Седан,270851,15,14319
Volkswagen,Passat,2012,182694.0,Автомат,Передний,Кроссовер,308782,14,13050
Volkswagen,Golf,2009,273270.0,Автомат,Полный,Хэтчбек,264554,17,16075
Toyota,RAV4,2016,121140.0,Автомат,Задний,Седан,1047498,10,12114
Volkswagen,Polo,2014,216069.0,Робот,Полный,Кроссовер,340921,12,18006
BMW,5 Series,2021,46344.0,Автомат,Передний,Хэтчбек,2067152,5,9269
Toyota,Camry,2022,58886.0,Автомат,Задний,Седан,1986571,4,14722
Toyota,RAV4,2009,211005.0,Автомат,Полный,Кроссовер,344345,17,12412
Kia,Ceed,2020,117859.0,Робот,Передний,Седан,873004,6,19643
BMW,X3,2008,296892.0,Механика,Полный,Кроссовер,310747,18,16494
Volkswagen,Tiguan,2022,47844.0,Механика,Полный,Седан,1190704,4,11961
Toyota,Land Cruiser,2020,101706.0,Автомат,Задний,Седан,1481146,6,16951
Hyundai,ix35,2018,136950.0,Автомат,Передний,Кроссовер,508685,8,17119
Hyundai,Santa Fe,2019,113996.0,Механика,Полный,Хэтчбек,695636,7,16285
BMW,X3,2016,151801.0,Механика,Полный,Кроссовер,882614,10,15180
Kia,Sportage,2024,30926.0,Автомат,Полный,Хэтчбек,1629570,2,15463
Kia,Sportage,2022,59694.0,Автомат,Полный,Хэтчбек,1072466,4,14924
BMW,3 Series,2020,115181.0,Механика,Передний,Хэтчбек,1618685,6,19197
Kia,Optima,2011,300506.0,Робот,Передний,Седан,342476,15,20034
Volkswagen,Golf,2020,103219.0,Робот,Полный,Седан,736080,6,17203
Kia,Ceed,2024,23482.0,Автомат,Задний,Седан,1915901,2,11741
Volkswagen,Passat,2024,17383.0,Механика,Полный,Кроссовер,1690862,2,8692
Kia,Rio,2015,223395.0,Автомат,Полный,Седан,336005,11,20309
Volkswagen,Golf,2009,237143.0,Механика,Передний,Кроссовер,294952,17,13950
Kia,Rio,2021,88143.0,Автомат,Передний,Седан,931398,5,17629
Toyota,Land Cruiser,2013,270774.0,Автомат,Полный,Кроссовер,322881,13,20829
Toyota,Camry,2022,64786.0,Автомат,Полный,Хэтчбек,2493841,4,16196
Hyundai,ix35,2015,175141.0,Автомат,Полный,Седан,309589,11,15922
Hyundai,Tucson,2011,238027.0,Автомат,Передний,Хэтчбек,271996,15,15868
BMW,5 Series,2010,227709.0,Механика,Полный,Хэтчбек,306326,16,14232
BMW,3 Series,2021,68647.0,Робот,Передний,Кроссовер,1861526,5,13729
BMW,3 Series,2022,66348.0,Автомат,Передний,Хэтчбек,2253727,4,16587
Kia,Rio,2010,207443.0,Робот,Передний,Седан,275542,16,12965
BMW,3 Series,2021,32062.0,Автомат,Задний,Хэтчбек,2122618,5,6412
Toyota,Land Cruiser,2014,117727.0,Автомат,Передний,Седан,809505,12,9811
Volkswagen,Tiguan,2009,253761.5,Автомат,Полный,Кроссовер,305502,17,14927
BMW,3 Series,2019,106965.0,Автомат,Полный,Хэтчбек,1241830,7,15281
Kia,Optima,2008,324403.0,Робот,Полный,Хэтчбек,266416,18,18022
BMW,5 Series,2009,309267.0,Механика,Передний,Седан,311289,17,18192
Kia,Ceed,2023,40052.0,Автомат,Передний,Кроссовер,1646242,3,13351
BMW,X3,2019,154106.0,Автомат,Передний,Хэтчбек,1373859,7,22015
BMW,3 Series,2017,138164.0,Автомат,Передний,Седан,934036,9,15352
Hyundai,Solaris,2019,119818.0,Механика,Полный,Кроссовер,753544,7,17117
BMW,X5,2020,92494.0,Автомат,Задний,Хэтчбек,1820968,6,15416
BMW,X5,2023,54091.0,Автомат,Полный,Седан,2246622,3,18030
Toyota,Corolla,2017,132816.0,Автомат,Передний,Кроссовер,1069874,9,14757
Volkswagen,Polo,2021,55957.0,Автомат,Полный,Кроссовер,1048421,5,11191
Kia,Rio,2011,185815.0,Автомат,Полный,Хэтчбек,278413,15,12388
Kia,Ceed,2015,184524.0,Автомат,Полный,Седан,283601,11,16775
Volkswagen,Tiguan,2017,85153.0,Автомат,Передний,Седан,639222,9,9461
Hyundai,Tucson,2024,37269.0,Автомат,Передний,Кроссовер,1815626,2,18634
Hyundai,Santa Fe,2014,205054.0,Механика,Передний,Кроссовер,336131,12,17088
Kia,Optima,2008,273938.0,Автомат,Полный,Хэтчбек,260175,18,15219
BMW,X5,2024,27071.0,Автомат,Передний,Кроссовер,2768791,2,13536
Volkswagen,Passat,2008,271383.0,Автомат,Передний,Кроссовер,314364,18,15077
Hyundai,Santa Fe,2015,183923.0,Автомат,Передний,Кроссовер,288565,11,16720
Volkswagen,Golf,2014,140690.0,Автомат,Полный,Кроссовер,330409,12,11724
Toyota,Land Cruiser,2020,83243.0,Автомат,Полный,Хэтчбек,1468836,6,13874
Volkswagen,Polo,2023,42777.0,Автомат,Задний,Хэтчбек,1300775,3,14259
BMW,3 Series,2024,17648.0,Автомат,Передний,Седан,2670130,2,8824
Volkswagen,Tiguan,2018,102162.0,Робот,Полный,Седан,650609,8,12770
Kia,Sportage,2022,62719.0,Автомат,Полный,Хэтчбек,1119419,4,15680
Volkswagen,Passat,2021,52894.0,Автомат,Передний,Седан,1078135,5,10579
Hyundai,ix35,2011,175613.0,Автомат,Передний,Седан,282537,15,11708
Volkswagen,Passat,2012,118414.0,Робот,Передний,Кроссовер,321074,14,8458
Volkswagen,Polo,2021,76659.0,Автомат,Полный,Хэтчбек,1125436,5,15332
Toyota,Land Cruiser,2019,131748.0,Автомат,Задний,Кроссовер,1439057,7,18821
Toyota,Land Cruiser,2018,130564.0,Автомат,Передний,Кроссовер,1346252,8,16320
Toyota,Corolla,2022,65716.0,Автомат,Полный,Хэтчбек,2360107,4,16429
Volkswagen,Tiguan,2013,231825.0,Механика,Передний,Седан,318416,13,17833
Toyota,Land Cruiser,2023,59205.0,Автомат,Полный,Хэтчбек,2249770,3,19735
BMW,X5,2014,208294.0,Автомат,Передний,Кроссовер,434087,12,17358
Toyota,Camry,2009,214845.0,Автомат,Передний,Кроссовер,262888,17,12638
Hyundai,ix35,2020,90555.0,Автомат,Полный,Хэтчбек,791206,6,15092
Kia,Sportage,2009,237837.0,Механика,Передний,Кроссовер,312556,17,13990
Hyundai,Tucson,2018,56846.0,Робот,Передний,Седан,828165,8,7106
Volkswagen,Passat,2011,288398.0,Робот,Полный,Кроссовер,318148,15,19227
Toyota,RAV4,2008,117938.0,Автомат,Полный,Хэтчбек,264810,18,6552
BMW,5 Series,2011,168963.0,Механика,Передний,Кроссовер,341081,15,11264
Kia,Ceed,2009,333945.0,Робот,Передний,Кроссовер,308498,17,19644
Volkswagen,Tiguan,2018,135067.0,Автомат,Полный,Хэтчбек,487408,8,16883
Volkswagen,Golf,2017,156497.0,Механика,Полный,Хэтчбек,310244,9,17389
Hyundai,Tucson,2015,181756.0,Автомат,Передний,Седан,322350,11,16523
Volkswagen,Golf,2020,75777.0,Автомат,Передний,Хэтчбек,817624,6,12630
BMW,X5,2019,76096.0,Автомат,Полный,Кроссовер,1415367,7,10871
Volkswagen,Passat,2015,210386.0,Механика,Передний,Хэтчбек,266306,11,19126
Volkswagen,Polo,2015,180779.0,Механика,Полный,Хэтчбек,339950,11,16434
Kia,Ceed,2020,59015.0,Автомат,Полный,Хэтчбек,1010189,6,9836
Hyundai,Solaris,2024,24367.0,Механика,Полный,Хэтчбек,1448423,2,12184
Hyundai,Solaris,2012,115309.0,Механика,Полный,Кроссовер,276023,14,8236
Hyundai,Solaris,2012,135714.0,Механика,Полный,Кроссовер,313031,14,9694
Volkswagen,Passat,2018,105510.0,Механика,Полный,Седан,707352,8,13189
Volkswagen,Golf,2020,101194.0,Автомат,Полный,Хэтчбек,850089,6,16866
Hyundai,Santa Fe,2008,238194.0,Робот,Полный,Хэтчбек,273447,18,13233
Kia,Rio,2015,126303.0,Механика,Полный,Седан,319522,11,11482
Kia,Sportage,2010,207804.0,Механика,Полный,Кроссовер,335031,16,12988
Kia,Rio,2021,47597.0,Автомат,Полный,Кроссовер,1180309,5,9519
Hyundai,Tucson,2009,347772.0,Механика,Передний,Седан,339212,17,20457
Kia,Rio,2012,175537.0,Механика,Передний,Седан,331298,14,12538
Hyundai,Santa Fe,2020,91146.0,Автомат,Полный,Седан,1005569,6,15191
Volkswagen,Polo,2011,111385.0,Механика,Полный,Седан,266071,15,7426
BMW,3 Series,2008,311453.0,Механика,Полный,Кроссовер,264590,18,17303
Hyundai,ix35,2008,258887.0,Автомат,Задний,Кроссовер,301651,18,14383
Kia,Rio,2008,277191.0,Механика,Задний,Седан,272191,18,15400
BMW,X5,2018,148233.0,Автомат,Передний,Седан,1082892,8,18529
Volkswagen,Passat,2013,248574.0,Автомат,Передний,Кроссовер,326634,13,19121
Kia,Sportage,2014,137050.0,Автомат,Полный,Седан,312676,12,11421
Hyundai,Santa Fe,2017,132859.0,Автомат,Полный,Седан,473855,9,14762
BMW,5 Series,2015,230398.0,Автомат,Передний,Кроссовер,467726,11,20945
Toyota,RAV4,2024,31753.0,Механика,Передний,Кроссовер,2689713,2,15876
Volkswagen,Golf,2020,73948.0,Робот,Передний,Кроссовер,952714,6,12325
Volkswagen,Golf,2017,193330.0,Робот,Полный,Кроссовер,312226,9,21481
Toyota,Land Cruiser,2019,133938.0,Механика,Передний,Седан,1202277,7,19134
Kia,Sportage,2008,267079.0,Автомат,Полный,Кроссовер,341577,18,14838
Kia,Sportage,2016,155549.0,Механика,Передний,Седан,339330,10,15555
Kia,Sportage,2010,350411.0,Автомат,Передний,Хэтчбек,284468,16,21901
Toyota,Land Cruiser,2024,28905.0,Автомат,Полный,Седан,2527328,2,14452
Kia,Ceed,2011,199477.0,Автомат,Полный,Седан,313870,15,13298
BMW,3 Series,2012,163827.0,Механика,Передний,Кроссовер,315849,14,11702
Hyundai,Tucson,2014,231332.0,Автомат,Передний,Хэтчбек,286473,12,19278
Toyota,RAV4,2009,264545.0,Механика,Передний,Хэтчбек,314784,17,15561
BMW,X5,2015,110386.0,Автомат,Полный,Кроссовер,746494,11,10035
BMW,X5,2015,200422.0,Автомат,Передний,Седан,527286,11,18220
Toyota,Camry,2023,63107.0,Механика,Передний,Кроссовер,2330216,3,21036
Hyundai,Solaris,2014,142645.0,Автомат,Задний,Седан,276528,12,11887
BMW,3 Series,2011,236224.0,Автомат,Полный,Кроссовер,329485,15,15748
Toyota,Land Cruiser,2009,253761.5,Автомат,Передний,Кроссовер,334282,17,14927
BMW,X3,2012,229963.0,Автомат,Передний,Седан,326943,14,16426
Hyundai,Santa Fe,2018,152503.0,Автомат,Передний,Седан,445229,8,19063
BMW,X3,2018,137711.0,Механика,Передний,Кроссовер,1220757,8,17214
Kia,Ceed,2021,59751.0,Робот,Полный,Кроссовер,1232640,5,11950
Hyundai,Santa Fe,2016,125329.0,Автомат,Задний,Седан,392667,10,12533
Volkswagen,Polo,2015,174576.0,Автомат,Полный,Хэтчбек,282328,11,15871
Hyundai,Santa Fe,2015,150982.0,Автомат,Передний,Седан,314005,11,13726
Toyota,Corolla,2021,59320.0,Робот,Задний,Кроссовер,2054746,5,11864
Kia,Optima,2012,264014.0,Автомат,Полный,Кроссовер,338238,14,18858
BMW,3 Series,2015,211638.0,Автомат,Полный,Хэтчбек,508362,11,19240
BMW,X3,2016,128897.0,Автомат,Полный,Седан,1044035,10,12890
Volkswagen,Tiguan,2022,63008.0,Автомат,Задний,Хэтчбек,1321102,4,15752
Hyundai,Solaris,2009,341120.0,Механика,Передний,Хэтчбек,304552,17,20066
Volkswagen,Tiguan,2011,282895.0,Робот,Передний,Седан,322062,15,18860
BMW,X3,2023,40184.0,Механика,Полный,Седан,2664772,3,13395
Kia,Sportage,2019,101633.0,Механика,Передний,Седан,648704,7,14519
Volkswagen,Passat,2023,41282.0,Механика,Передний,Кроссовер,1360977,3,13761
BMW,5 Series,2008,294473.0,Автомат,Передний,Кроссовер,276206,18,16360
Hyundai,ix35,2021,78882.0,Автомат,Полный,Хэтчбек,1185478,5,15776
Toyota,Land Cruiser,2018,132704.0,Механика,Задний,Кроссовер,1149213,8,16588
Hyundai,Tucson,2009,165115.0,Автомат,Полный,Хэтчбек,278388,17,9713
Kia,Sportage,2014,174388.0,Автомат,Полный,Седан,261707,12,14532
BMW,X3,2021,72392.0,Механика,Передний,Кроссовер,1711682,5,14478
Toyota,Camry,2022,39052.0,Автомат,Передний,Кроссовер,2221748,4,9763
Volkswagen,Golf,2021,88225.0,Автомат,Передний,Седан,1012382,5,17645
Hyundai,ix35,2020,27672.0,Робот,Передний,Хэтчбек,952640,6,4612
Volkswagen,Golf,2019,117947.0,Автомат,Передний,Седан,605865,7,16850
BMW,3 Series,2014,201007.0,Автомат,Передний,Хэтчбек,362503,12,16751
Volkswagen,Golf,2021,81660.0,Механика,Полный,Седан,894469,5,16332
Volkswagen,Polo,2022,52275.0,Автомат,Передний,Седан,1209426,4,13069
Volkswagen,Golf,2009,271330.0,Автомат,Полный,Хэтчбек,330913,17,15961
BMW,X5,2022,51756.0,Автомат,Полный,Кроссовер,2247482,4,12939
BMW,X5,2008,287364.0,Механика,Полный,Седан,264461,18,15965
BMW,3 Series,2023,52682.0,Механика,Задний,Кроссовер,2242041,3,17561
BMW,X5,2021,88659.0,Механика,Передний,Кроссовер,2047586,5,17732
Toyota,Camry,2022,78517.0,Механика,Задний,Хэтчбек,2159619,4,19629
Toyota,Corolla,2014,86418.0,Механика,Передний,Хэтчбек,763233,12,7202
Kia,Optima,2014,185479.0,Автомат,Передний,Хэтчбек,257561,12,15457
BMW,3 Series,2009,270736.0,Автомат,Полный,Кроссовер,307973,17,15926
Kia,Sportage,2011,262945.0,Механика,Полный,Хэтчбек,264694,15,17530
Toyota,RAV4,2013,195519.0,Автомат,Полный,Хэтчбек,310310,13,15040
Hyundai,Tucson,2010,240081.0,Автомат,Передний,Седан,259445,16,15005
Kia,Sportage,2012,289172.0,Автомат,Передний,Хэтчбек,288160,14,20655
BMW,5 Series,2017,156066.0,Механика,Передний,Хэтчбек,1037705,9,17341
Hyundai,Tucson,2009,261326.0,Автомат,Передний,Седан,308258,17,15372
BMW,5 Series,2022,34174.0,Механика,Полный,Седан,2218698,4,8544
Toyota,RAV4,2011,274807.0,Механика,Полный,Хэтчбек,301359,15,18320
Kia,Sportage,2022,52138.0,Механика,Полный,Хэтчбек,1369154,4,13034
Volkswagen,Passat,2015,106678.0,Механика,Полный,Кроссовер,392180,11,9698
Toyota,RAV4,2019,69638.0,Автомат,Полный,Кроссовер,1547741,7,9948
BMW,X3,2023,53465.0,Механика,Задний,Хэтчбек,2550581,3,17822
Volkswagen,Passat,2009,207235.0,Автомат,Передний,Кроссовер,278875,17,12190
Hyundai,ix35,2019,59541.0,Автомат,Полный,Кроссовер,940712,7,8506
Kia,Sportage,2018,93023.0,Механика,Передний,Кроссовер,621097,8,11628
Volkswagen,Tiguan,2014,141996.0,Автомат,Передний,Хэтчбек,324192,12,11833
Hyundai,Santa Fe,2017,90067.0,Автомат,Передний,Хэтчбек,607804,9,10007
Toyota,Camry,2017,109170.0,Механика,Передний,Кроссовер,1148607,9,12130
Kia,Ceed,2008,269241.0,Автомат,Передний,Хэтчбек,298150,18,14958
Volkswagen,Polo,2015,188516.0,Механика,Задний,Хэтчбек,280949,11,17138
Toyota,RAV4,2024,49717.0,Автомат,Передний,Кроссовер,2880019,2,24858
Volkswagen,Tiguan,2015,70235.0,Автомат,Передний,Кроссовер,460295,11,6385
Kia,Optima,2016,146835.0,Механика,Передний,Кроссовер,424093,10,14684
BMW,X5,2016,101675.0,Механика,Полный,Кроссовер,888070,10,10168
Hyundai,Solaris,2009,338375.0,Автомат,Полный,Хэтчбек,314488,17,19904
BMW,5 Series,2009,295842.0,Автомат,Полный,Кроссовер,342372,17,17402
Volkswagen,Golf,2015,213997.0,Автомат,Передний,Кроссовер,335440,11,19454
BMW,3 Series,2012,145408.0,Механика,Передний,Седан,425736,14,10386
Toyota,Camry,2011,257525.0,Автомат,Полный,Кроссовер,292701,15,17168
Kia,Ceed,2023,58621.0,Механика,Передний,Седан,1237395,3,19540
Toyota,RAV4,2024,30217.0,Автомат,Передний,Кроссовер,3158745,2,15108
Toyota,Corolla,2015,98435.0,Автомат,Задний,Седан,854146,11,8949
BMW,X3,2012,262108.0,Автомат,Полный,Седан,307876,14,18722
BMW,X3,2020,90412.0,Автомат,Задний,Кроссовер,1732758,6,15069
BMW,5 Series,2009,312543.0,Автомат,Полный,Кроссовер,311235,17,18385
Volkswagen,Golf,2024,30960.0,Автомат,Передний,Хэтчбек,1798298,2,15480
Toyota,Corolla,2011,293261.0,Механика,Передний,Кроссовер,300903,15,19551
Toyota,Land Cruiser,2012,250821.0,Автомат,Передний,Седан,319275,14,17916
Hyundai,Santa Fe,2018,78662.0,Робот,Полный,Кроссовер,831438,8,9833
Hyundai,Tucson,2018,91477.0,Автомат,Передний,Хэтчбек,603527,8,11435
Hyundai,Tucson,2010,251450.0,Автомат,Передний,Седан,260625,16,15716
Kia,Optima,2016,185390.0,Автомат,Задний,Хэтчбек,322096,10,18539
Kia,Rio,2012,289294.0,Механика,Полный,Хэтчбек,284745,14,20664
BMW,X3,2010,211098.0,Автомат,Полный,Хэтчбек,270993,16,13194
Hyundai,ix35,2009,298364.0,Робот,Передний,Седан,280316,17,17551
Toyota,RAV4,2011,37509.0,Автомат,Полный,Кроссовер,728978,15,2501
Toyota,Corolla,2012,250300.0,Автомат,Передний,Кроссовер,297938,14,17879
BMW,5 Series,2009,200008.0,Автомат,Полный,Кроссовер,317939,17,11765
Volkswagen,Passat,2011,163440.0,Робот,Полный,Хэтчбек,301119,15,10896
BMW,5 Series,2022,68820.0,Автомат,Передний,Седан,2007573,4,17205
BMW,5 Series,2008,304871.0,Механика,Полный,Хэтчбек,320718,18,16937
BMW,5 Series,2014,236013.0,Автомат,Передний,Седан,334869,12,19668
Kia,Sportage,2008,339177.0,Автомат,Полный,Седан,256857,18,18843
Kia,Ceed,2019,119069.0,Автомат,Передний,Седан,773085,7,17010
Hyundai,Tucson,2017,86038.0,Автомат,Передний,Кроссовер,593596,9,9560
Hyundai,ix35,2023,41429.0,Автомат,Задний,Седан,1574390,3,13810
Volkswagen,Tiguan,2016,112513.0,Автомат,Передний,Седан,456661,10,11251
Volkswagen,Golf,2012,244271.0,Механика,Полный,Седан,297681,14,17448
Hyundai,Tucson,2015,143666.0,Автомат,Передний,Седан,317751,11,13061
Toyota,RAV4,2014,195881.0,Механика,Передний,Седан,437322,12,16323
BMW,X5,2024,32690.0,Автомат,Передний,Кроссовер,3000899,2,16345
Volkswagen,Golf,2021,82325.0,Автомат,Задний,Седан,1017928,5,16465
Toyota,Land Cruiser,2022,64664.0,Автомат,Передний,Седан,2248818,4,16166
Volkswagen,Tiguan,2022,65287.0,Автомат,Передний,Кроссовер,1062228,4,16322
BMW,X3,2016,118281.0,Автомат,Передний,Кроссовер,1020434,10,11828
BMW,X3,2023,56243.0,Автомат,Передний,Кроссовер,2384139,3,18748
Hyundai,Tucson,2010,226539.0,Автомат,Полный,Седан,274015,16,14159
BMW,X5,2023,38494.0,Механика,Передний,Кроссовер,2690049,3,12831
Toyota,RAV4,2008,148393.0,Автомат,Полный,Кроссовер,339513,18,8244
Toyota,Camry,2021,77250.0,Автомат,Задний,Хэтчбек,2103473,5,15450
Hyundai,ix35,2010,200279.0,Автомат,Передний,Хэтчбек,259076,16,12517
Toyota,Corolla,2014,145422.0,Робот,Полный,Кроссовер,649376,12,12118
Toyota,Camry,2014,190346.0,Автомат,Полный,Хэтчбек,436898,12,15862
Volkswagen,Polo,2016,149567.0,Автомат,Передний,Седан,306671,10,14957
Volkswagen,Passat,2017,180153.0,Механика,Полный,Кроссовер,266686,9,20017
Hyundai,Santa Fe,2013,217088.0,Автомат,Полный,Седан,294798,13,16699
BMW,X3,2018,128550.0,Автомат,Полный,Хэтчбек,1334538,8,16069
BMW,3 Series,2009,297122.0,Автомат,Передний,Седан,321198,17,17478
Toyota,Camry,2016,118450.0,Автомат,Полный,Хэтчбек,852506,10,11845
Volkswagen,Golf,2009,186041.0,Механика,Полный,Седан,328648,17,10944
BMW,3 Series,2021,81998.0,Автомат,Передний,Кроссовер,1770748,5,16400
Hyundai,ix35,2020,119845.0,Робот,Полный,Седан,741245,6,19974
Toyota,RAV4,2019,74300.0,Механика,Полный,Кроссовер,1363032,7,10614
Kia,Optima,2022,58886.0,Автомат,Полный,Кроссовер,1313333,4,14722
Hyundai,Solaris,2014,128591.0,Автомат,Полный,Седан,303127,12,10716
Volkswagen,Golf,2015,144346.0,Автомат,Передний,Седан,298063,11,13122
Volkswagen,Polo,2024,37100.0,Автомат,Полный,Хэтчбек,1762639,2,18550
Kia,Sportage,2017,237491.0,Автомат,Полный,Хэтчбек,335903,9,26388
BMW,5 Series,2009,211620.0,Автомат,Полный,Седан,291525,17,12448
BMW,X3,2008,267079.0,Механика,Задний,Хэтчбек,287959,18,14838
Volkswagen,Tiguan,2015,199589.0,Автомат,Полный,Кроссовер,305702,11,18144
Volkswagen,Golf,2011,229517.0,Механика,Передний,Седан,301747,15,15301
Hyundai,ix35,2016,241845.0,Робот,Полный,Хэтчбек,261716,10,24184
Volkswagen,Golf,2024,13298.0,Робот,Передний,Хэтчбек,1867749,2,6649
Hyundai,Santa Fe,2019,90985.0,Автомат,Задний,Кроссовер,836342,7,12998
Toyota,Camry,2011,175288.0,Робот,Полный,Седан,296997,15,11686
BMW,X3,2013,246803.0,Автомат,Полный,Хэтчбек,335291,13,18985
Hyundai,Solaris,2016,164835.0,Автомат,Передний,Кроссовер,312962,10,16484
Volkswagen,Passat,2010,221799.0,Механика,Передний,Седан,271719,16,13862
Toyota,Corolla,2010,266629.0,Автомат,Передний,Седан,317526,16,16664
Hyundai,Santa Fe,2017,158060.0,Автомат,Передний,Хэтчбек,406583,9,17562
Toyota,RAV4,2019,86884.0,Автомат,Передний,Седан,1638364,7,12412
BMW,3 Series,2023,29226.0,Автомат,Полный,Хэтчбек,2159122,3,9742
Volkswagen,Passat,2014,176782.0,Механика,Полный,Хэтчбек,277731,12,14732
Kia,Rio,2008,209558.0,Автомат,Полный,Хэтчбек,323082,18,11642
Kia,Sportage,2017,133011.0,Автомат,Полный,Седан,481372,9,14779
Hyundai,Solaris,2021,73350.0,Автомат,Передний,Хэтчбек,932778,5,14670
Kia,Sportage,2022,99416.0,Механика,Передний,Хэтчбек,973506,4,24854
Toyota,Land Cruiser,2024,28459.0,Автомат,Полный,Кроссовер,3162099,2,14230
Hyundai,Santa Fe,2023,28966.0,Робот,Полный,Кроссовер,1586760,3,9655
Toyota,Camry,2012,271441.0,Автомат,Передний,Седан,283915,14,19389
Toyota,Land Cruiser,2014,194214.0,Автомат,Полный,Хэтчбек,388813,12,16184
Toyota,Camry,2016,126415.0,Автомат,Полный,Седан,1020382,10,12642
Toyota,Corolla,2009,301268.0,Автомат,Задний,Хэтчбек,324099,17,17722
BMW,X3,2010,287258.0,Автомат,Передний,Седан,342974,16,17954
Toyota,Land Cruiser,2023,62774.0,Автомат,Полный,Хэтчбек,2713928,3,20925
Hyundai,Santa Fe,2011,220940.0,Автомат,Передний,Кроссовер,331836,15,14729
BMW,5 Series,2016,114351.0,Автомат,Полный,Кроссовер,1039554,10,11435
Volkswagen,Golf,2008,267079.0,Автомат,Полный,Хэтчбек,319774,18,14838
Volkswagen,Golf,2023,46782.0,Автомат,Полный,Хэтчбек,1421835,3,15594
Kia,Ceed,2011,233505.0,Автомат,Передний,Седан,332081,15,15567
Volkswagen,Polo,2019,118460.0,Автомат,Передний,Седан,685180,7,16923
BMW,3 Series,2017,128750.0,Автомат,Задний,Хэтчбек,1198660,9,14306
Hyundai,Solaris,2017,77346.0,Автомат,Полный,Хэтчбек,572100,9,8594
BMW,X3,2015,161501.0,Автомат,Полный,Кроссовер,740525,11,14682
Toyota,RAV4,2019,94968.0,Механика,Полный,Седан,1475685,7,13567
Kia,Optima,2016,66920.0,Механика,Передний,Хэтчбек,651739,10,6692
Hyundai,ix35,2016,162326.0,Автомат,Передний,Хэтчбек,310298,10,16233
Toyota,Land Cruiser,2021,83292.0,Автомат,Полный,Хэтчбек,2075624,5,16658
Volkswagen,Polo,2023,38041.0,Автомат,Полный,Седан,1294918,3,12680
Kia,Optima,2008,237819.0,Механика,Полный,Кроссовер,278912,18,13212
Volkswagen,Passat,2018,96024.0,Механика,Передний,Седан,628146,8,12003
Volkswagen,Golf,2018,133744.0,Автомат,Передний,Хэтчбек,480007,8,16718
Volkswagen,Polo,2016,218993.0,Автомат,Полный,Хэтчбек,282341,10,21899
Volkswagen,Tiguan,2024,24124.0,Механика,Полный,Кроссовер,1908209,2,12062
Toyota,Land Cruiser,2013,193130.0,Робот,Передний,Хэтчбек,311211,13,14856
Volkswagen,Golf,2021,99914.0,Механика,Полный,Кроссовер,845320,5,19983
BMW,5 Series,2017,140796.0,Механика,Передний,Кроссовер,930130,9,15644
Hyundai,ix35,2023,24736.0,Автомат,Задний,Седан,1412208,3,8245
Volkswagen,Polo,2012,269152.0,Автомат,Задний,Хэтчбек,312734,14,19225
Toyota,Land Cruiser,2015,119169.0,Автомат,Передний,Седан,814665,11,10834
Volkswagen,Passat,2013,287129.0,Автомат,Передний,Хэтчбек,310512,13,22087
Hyundai,ix35,2016,105375.0,Механика,Передний,Хэтчбек,445861,10,10538
Toyota,Corolla,2024,49719.0,Механика,Передний,Седан,2551338,2,24860
Hyundai,Santa Fe,2015,203799.0,Автомат,Полный,Седан,325006,11,18527
BMW,3 Series,2009,76341.0,Механика,Передний,Хэтчбек,384127,17,4491
Kia,Ceed,2011,210784.0,Автомат,Передний,Кроссовер,280089,15,14052
Volkswagen,Golf,2017,146457.0,Механика,Передний,Хэтчбек,348390,9,16273
Kia,Sportage,2011,173316.0,Автомат,Полный,Седан,305022,15,11554
Kia,Sportage,2014,255724.0,Автомат,Передний,Кроссовер,262519,12,21310
Kia,Optima,2015,145357.0,Автомат,Полный,Кроссовер,325114,11,13214
Kia,Sportage,2016,143484.0,Механика,Полный,Кроссовер,287934,10,14348
BMW,5 Series,2012,224668.0,Робот,Передний,Кроссовер,297337,14,16048
BMW,5 Series,2014,216243.0,Автомат,Задний,Хэтчбек,374052,12,18020
Hyundai,Solaris,2014,158219.0,Механика,Передний,Седан,342242,12,13185
Toyota,Camry,2018,116139.0,Автомат,Передний,Хэтчбек,1376144,8,14517
Hyundai,Solaris,2011,170091.0,Механика,Полный,Хэтчбек,292210,15,11339
Volkswagen,Polo,2010,287781.0,Робот,Полный,Кроссовер,268438,16,17986
Toyota,Corolla,2016,170946.0,Механика,Задний,Кроссовер,689727,10,17095
Toyota,Camry,2013,270265.0,Автомат,Передний,Хэтчбек,300882,13,20790
BMW,5 Series,2014,143125.0,Механика,Передний,Хэтчбек,662528,12,11927
Toyota,Camry,2011,247669.0,Автомат,Полный,Седан,267471,15,16511
Kia,Ceed,2010,221384.0,Механика,Полный,Хэтчбек,340425,16,13836
Hyundai,ix35,2016,170900.0,Автомат,Полный,Хэтчбек,320815,10,17090
BMW,X3,2011,191537.0,Автомат,Передний,Седан,292972,15,12769
BMW,3 Series,2016,196102.0,Механика,Полный,Седан,583609,10,19610
Toyota,Corolla,2022,88459.0,Автомат,Передний,Кроссовер,2286724,4,22115
Hyundai,Santa Fe,2009,183993.0,Автомат,Полный,Седан,317080,17,10823
Volkswagen,Tiguan,2022,89084.0,Автомат,Полный,Хэтчбек,1052865,4,22271
Kia,Rio,2015,151326.0,Механика,Полный,Хэтчбек,324059,11,13757
Volkswagen,Tiguan,2008,251234.0,Механика,Полный,Кроссовер,264926,18,13957
Hyundai,ix35,2013,218740.0,Автомат,Полный,Кроссовер,295812,13,16826
Volkswagen,Polo,2020,103364.0,Автомат,Задний,Хэтчбек,821243,6,17227
Kia,Sportage,2009,412250.0,Механика,Передний,Седан,328106,17,24250
BMW,5 Series,2016,176406.0,Автомат,Передний,Седан,848100,10,17641
Hyundai,ix35,2015,227161.0,Автомат,Полный,Седан,340815,11,20651
BMW,X5,2010,265239.0,Механика,Полный,Седан,266508,16,16577
BMW,3 Series,2012,159419.0,Автомат,Полный,Хэтчбек,338597,14,11387
BMW,X5,2013,122301.0,Механика,Передний,Кроссовер,604985,13,9408
Volkswagen,Tiguan,2017,133601.0,Автомат,Полный,Седан,503957,9,14845
Toyota,Camry,2008,389689.0,Автомат,Передний,Кроссовер,263535,18,21649
Toyota,Land Cruiser,2023,72430.0,Механика,Передний,Хэтчбек,2551189,3,24143
Kia,Ceed,2023,47076.0,Автомат,Передний,Хэтчбек,1261131,3,15692
Hyundai,Tucson,2022,87591.0,Механика,Полный,Кроссовер,1241102,4,21898
Volkswagen,Tiguan,2018,149276.0,Автомат,Передний,Хэтчбек,522383,8,18660
Volkswagen,Tiguan,2020,53049.0,Механика,Задний,Кроссовер,1053374,6,8842
Toyota,Land Cruiser,2019,94486.0,Робот,Передний,Хэтчбек,1450479,7,13498
Kia,Ceed,2021,83710.0,Робот,Полный,Кроссовер,962647,5,16742
Hyundai,Tucson,2017,127391.0,Механика,Передний,Седан,458786,9,14155
Volkswagen,Passat,2018,92466.0,Автомат,Задний,Кроссовер,628275,8,11558
BMW,3 Series,2014,203452.0,Автомат,Передний,Седан,409135,12,16954
Kia,Sportage,2008,335081.0,Механика,Полный,Кроссовер,284663,18,18616
Hyundai,Santa Fe,2015,127924.0,Автомат,Задний,Хэтчбек,341749,11,11629
Kia,Rio,2012,237076.0,Автомат,Полный,Кроссовер,302815,14,16934
Toyota,Camry,2020,74978.0,Механика,Передний,Седан,1644551,6,12496
Kia,Optima,2018,113535.0,Автомат,Передний,Хэтчбек,613208,8,14192
BMW,X5,2020,89542.0,Автомат,Полный,Кроссовер,1608352,6,14924
Hyundai,ix35,2020,79932.0,Механика,Передний,Седан,887854,6,13322
Toyota,Land Cruiser,2020,95763.0,Автомат,Передний,Седан,1547106,6,15960
BMW,5 Series,2008,273447.0,Механика,Полный,Кроссовер,307906,18,15192
Kia,Rio,2024,38091.0,Автомат,Полный,Седан,1467719,2,19046
Toyota,Camry,2008,267079.0,Механика,Передний,Хэтчбек,297399,18,14838
Toyota,RAV4,2022,48306.0,Автомат,Полный,Кроссовер,2049081,4,12076
Toyota,Camry,2024,26478.0,Автомат,Полный,Седан,2582946,2,13239
Volkswagen,Golf,2012,244373.0,Автомат,Передний,Хэтчбек,339521,14,17455
Volkswagen,Passat,2008,219491.0,Автомат,Задний,Седан,256679,18,12194
Hyundai,Santa Fe,2019,77966.0,Автомат,Передний,Хэтчбек,772127,7,11138
Hyundai,Tucson,2023,41525.0,Автомат,Полный,Хэтчбек,1567745,3,13842
Toyota,RAV4,2010,249123.0,Автомат,Передний,Кроссовер,331268,16,15570
BMW,X3,2010,273633.0,Автомат,Передний,Кроссовер,285808,16,17102
Hyundai,ix35,2016,146835.0,Автомат,Задний,Седан,343516,10,14684
Volkswagen,Golf,2008,363971.0,Автомат,Полный,Кроссовер,315714,18,20221
Toyota,RAV4,2023,42613.0,Автомат,Полный,Кроссовер,2816091,3,14204
Toyota,RAV4,2014,137415.0,Автомат,Передний,Хэтчбек,561284,12,11451
Hyundai,Santa Fe,2024,28776.0,Автомат,Полный,Седан,1871623,2,14388
Toyota,RAV4,2019,113333.0,Автомат,Передний,Кроссовер,1458188,7,16190
Toyota,Camry,2008,260690.0,Робот,Задний,Кроссовер,267229,18,14483
Kia,Rio,2014,165908.0,Автомат,Передний,Хэтчбек,267492,12,13826
BMW,5 Series,2016,48427.0,Автомат,Полный,Кроссовер,1083583,10,4843
Volkswagen,Golf,2018,120997.0,Механика,Полный,Седан,573988,8,15125
BMW,3 Series,2020,108036.0,Робот,Передний,Хэтчбек,1768850,6,18006
Volkswagen,Passat,2024,27480.0,Робот,Задний,Седан,1610807,2,13740
BMW,3 Series,2022,64780.0,Автомат,Полный,Седан,2420047,4,16195
Kia,Optima,2021,98721.0,Механика,Задний,Кроссовер,1070635,5,19744
Toyota,Corolla,2019,99083.0,Автомат,Полный,Хэтчбек,1263339,7,14155
Toyota,Corolla,2023,51430.0,Автомат,Полный,Хэтчбек,2723421,3,17143
Kia,Ceed,2020,80947.0,Автомат,Полный,Хэтчбек,1057880,6,13491
Volkswagen,Golf,2020,82678.0,Автомат,Передний,Кроссовер,872929,6,13780
Toyota,Corolla,2010,236785.0,Робот,Передний,Седан,290170,16,14799
Toyota,Corolla,2017,147741.0,Механика,Полный,Седан,1056794,9,16416
Hyundai,ix35,2012,239162.0,Механика,Передний,Кроссовер,278777,14,17083
Toyota,Corolla,2019,132770.0,Автомат,Передний,Кроссовер,1164393,7,18967
Volkswagen,Passat,2009,278200.0,Механика,Передний,Кроссовер,264407,17,16365
Kia,Sportage,2024,29213.0,Механика,Передний,Хэтчбек,1624230,2,14606
BMW,X3,2014,181325.0,Автомат,Передний,Кроссовер,568916,12,15110
BMW,3 Series,2017,118604.0,Автомат,Передний,Седан,1059281,9,13178
BMW,X3,2016,144037.0,Автомат,Передний,Седан,784016,10,14404
Volkswagen,Passat,2014,253550.0,Автомат,Полный,Кроссовер,300750,12,21129
Kia,Rio,2010,268468.0,Робот,Передний,Седан,322303,16,16779
BMW,5 Series,2013,110919.0,Автомат,Полный,Кроссовер,681318,13,8532
Hyundai,Santa Fe,2016,126897.0,Механика,Передний,Хэтчбек,364790,10,12690
Toyota,Land Cruiser,2011,225008.0,Автомат,Полный,Хэтчбек,298061,15,15001
BMW,X3,2020,76808.0,Автомат,Задний,Кроссовер,1917288,6,12801
BMW,5 Series,2018,109963.0,Автомат,Передний,Хэтчбек,1374827,8,13745
Volkswagen,Golf,2022,48694.0,Автомат,Передний,Хэтчбек,1264254,4,12174
BMW,X5,2019,118955.0,Автомат,Передний,Седан,1519225,7,16994
Volkswagen,Passat,2020,122529.0,Робот,Задний,Кроссовер,671118,6,20422
Hyundai,Tucson,2023,41748.0,Автомат,Полный,Хэтчбек,1614867,3,13916
BMW,X5,2020,154541.0,Механика,Полный,Седан,1598133,6,25757
Kia,Rio,2012,217582.0,Механика,Полный,Седан,338850,14,15542
Volkswagen,Tiguan,2013,118005.0,Автомат,Передний,Седан,296404,13,9077
Hyundai,Solaris,2011,231244.0,Автомат,Полный,Седан,320143,15,15416
BMW,5 Series,2011,216580.0,Автомат,Передний,Хэтчбек,285335,15,14439
Volkswagen,Polo,2021,103559.0,Автомат,Передний,Хэтчбек,1046114,5,20712
Toyota,RAV4,2022,71017.0,Автомат,Передний,Хэтчбек,1849117,4,17754
Toyota,RAV4,2017,155402.0,Робот,Полный,Хэтчбек,1044330,9,17267
BMW,5 Series,2019,144131.0,Автомат,Полный,Седан,1453086,7,20590
Toyota,Corolla,2019,91538.0,Автомат,Задний,Кроссовер,1372472,7,13077
BMW,5 Series,2017,98858.0,Механика,Передний,Седан,1285453,9,10984
BMW,X5,2016,169617.0,Механика,Передний,Хэтчбек,810289,10,16962
BMW,X5,2024,36193.0,Автомат,Передний,Седан,2466364,2,18096
Hyundai,Tucson,2017,104285.0,Робот,Передний,Седан,532665,9,11587
Kia,Rio,2020,105655.0,Автомат,Передний,Седан,801651,6,17609
BMW,X3,2020,110778.0,Автомат,Передний,Кроссовер,1416013,6,18463
BMW,X5,2013,232269.0,Автомат,Полный,Хэтчбек,298780,13,17867
Volkswagen,Polo,2014,227930.0,Робот,Передний,Седан,285055,12,18994
Toyota,Camry,2012,102998.0,Механика,Передний,Седан,645620,14,7357
BMW,3 Series,2018,98226.0,Автомат,Передний,Кроссовер,1108155,8,12278
Kia,Optima,2021,82409.0,Автомат,Передний,Кроссовер,1134400,5,16482
Kia,Optima,2015,144871.0,Механика,Полный,Кроссовер,286418,11,13170
BMW,X5,2021,52174.0,Автомат,Полный,Кроссовер,1863662,5,10435
BMW,X3,2018,81990.0,Автомат,Передний,Седан,1184155,8,10249
Toyota,RAV4,2021,62614.0,Автомат,Полный,Седан,1675554,5,12523
Toyota,Corolla,2018,122142.0,Механика,Передний,Кроссовер,1208844,8,15268
Volkswagen,Polo,2012,223869.0,Робот,Полный,Седан,284415,14,15991
Hyundai,Solaris,2022,56396.0,Механика,Полный,Кроссовер,1072932,4,14099
Hyundai,Solaris,2024,24177.0,Автомат,Передний,Кроссовер,1892899,2,12088
Volkswagen,Golf,2015,247209.0,Робот,Передний,Кроссовер,272116,11,22474
Volkswagen,Tiguan,2020,86240.0,Механика,Передний,Кроссовер,917425,6,14373
Kia,Ceed,2021,51249.0,Автомат,Передний,Хэтчбек,1112769,5,10250
Hyundai,ix35,2023,51466.0,Механика,Полный,Хэтчбек,1461782,3,17155
Volkswagen,Golf,2020,122148.0,Автомат,Полный,Седан,860279,6,20358
Volkswagen,Passat,2019,102563.0,Автомат,Полный,Кроссовер,715419,7,14652
Toyota,Camry,2021,64341.0,Механика,Полный,Седан,1844490,5,12868
Kia,Rio,2012,161020.0,Механика,Передний,Хэтчбек,272402,14,11501
Hyundai,Santa Fe,2015,214600.0,Автомат,Полный,Кроссовер,275539,11,19509
Toyota,RAV4,2015,108040.0,Робот,Передний,Хэтчбек,853882,11,9822
Hyundai,Tucson,2023,57725.0,Механика,Полный,Хэтчбек,1470048,3,19242
Kia,Sportage,2021,61950.0,Автомат,Передний,Кроссовер,1085232,5,12390
Kia,Rio,2024,23847.0,Автомат,Передний,Седан,1699754,2,11924
Volkswagen,Polo,2015,98656.0,Автомат,Полный,Седан,455189,11,8969
Kia,Optima,2015,171513.0,Автомат,Передний,Седан,316572,11,15592
Volkswagen,Tiguan,2020,36546.0,Механика,Передний,Кроссовер,1074172,6,6091
Toyota,Corolla,2014,187877.0,Автомат,Передний,Хэтчбек,487543,12,15656
BMW,X5,2011,237057.0,Автомат,Передний,Кроссовер,283839,15,15804
Hyundai,Tucson,2009,164290.0,Автомат,Передний,Седан,257370,17,9664
Toyota,RAV4,2008,224688.0,Механика,Передний,Хэтчбек,261215,18,12483
Kia,Sportage,2017,166573.0,Автомат,Передний,Седан,332642,9,18508
Toyota,Camry,2008,233435.0,Автомат,Передний,Седан,306850,18,12969
Toyota,Camry,2016,137480.0,Механика,Передний,Седан,982957,10,13748
Kia,Sportage,2019,131731.0,Автомат,Передний,Седан,578497,7,18819
Volkswagen,Golf,2021,112675.0,Механика,Задний,Седан,955602,5,22535
Toyota,RAV4,2013,208215.0,Автомат,Передний,Кроссовер,292971,13,16017
Hyundai,ix35,2016,101847.0,Автомат,Передний,Хэтчбек,504123,10,10185
Hyundai,ix35,2024,28829.0,Автомат,Передний,Кроссовер,1679359,2,14414
Hyundai,ix35,2017,140515.0,Механика,Передний,Хэтчбек,462801,9,15613
Hyundai,Solaris,2008,160321.0,Автомат,Задний,Хэтчбек,262826,18,8907
Toyota,RAV4,2024,28968.0,Автомат,Задний,Хэтчбек,2866537,2,14484
Kia,Ceed,2017,70815.0,Автомат,Полный,Хэтчбек,752189,9,7868
BMW,X3,2017,177494.0,Механика,Передний,Седан,758105,9,19722
Toyota,Land Cruiser,2020,80807.0,Автомат,Полный,Седан,1948866,6,13468
Kia,Optima,2024,15106.0,Механика,Передний,Хэтчбек,1814672,2,7553
Hyundai,Tucson,2024,40541.0,Автомат,Передний,Седан,1539139,2,20270
Kia,Ceed,2011,248780.0,Автомат,Передний,Седан,264396,15,16585
Hyundai,ix35,2009,413962.0,Механика,Полный,Кроссовер,269745,17,24351
BMW,X3,2023,52443.0,Автомат,Передний,Кроссовер,2727967,3,17481
Toyota,RAV4,2014,243649.0,Автомат,Задний,Седан,319616,12,20304
Volkswagen,Golf,2009,253761.5,Автомат,Задний,Хэтчбек,261268,17,14927
Hyundai,Solaris,2020,89542.0,Механика,Полный,Кроссовер,835963,6,14924
Volkswagen,Polo,2012,289677.0,Автомат,Полный,Кроссовер,284623,14,20691
Kia,Optima,2016,60567.0,Механика,Передний,Кроссовер,639506,10,6057
Volkswagen,Passat,2008,300084.0,Автомат,Передний,Седан,299127,18,16671
Kia,Optima,2019,118189.0,Автомат,Передний,Кроссовер,585114,7,16884
Kia,Optima,2024,24009.0,Автомат,Передний,Хэтчбек,1666350,2,12004
Volkswagen,Golf,2015,162872.0,Механика,Задний,Седан,296967,11,14807
BMW,3 Series,2018,145361.0,Автомат,Передний,Седан,1132210,8,18170
Hyundai,Tucson,2020,87808.0,Робот,Полный,Седан,943927,6,14635
BMW,X5,2019,83619.0,Автомат,Передний,Седан,1370675,7,11946
Toyota,Corolla,2010,132215.0,Автомат,Передний,Хэтчбек,298714,16,8263
Hyundai,ix35,2016,151103.0,Робот,Передний,Седан,278121,10,15110
Hyundai,ix35,2010,293867.0,Автомат,Передний,Хэтчбек,282444,16,18367
BMW,3 Series,2013,115704.0,Автомат,Передний,Хэтчбек,604775,13,8900
Toyota,Land Cruiser,2019,151943.0,Робот,Полный,Кроссовер,1091959,7,21706
Toyota,Corolla,2014,155076.0,Механика,Передний,Хэтчбек,603626,12,12923
Volkswagen,Passat,2023,27080.0,Автомат,Передний,Кроссовер,1659142,3,9027
Kia,Sportage,2017,134480.0,Автомат,Полный,Кроссовер,435154,9,14942
Hyundai,Tucson,2022,42641.0,Механика,Полный,Хэтчбек,1132411,4,10660
Hyundai,Tucson,2008,114103.0,Автомат,Передний,Седан,297597,18,6339
Toyota,Camry,2009,141090.0,Механика,Передний,Кроссовер,291012,17,8299
BMW,3 Series,2023,47648.0,Механика,Задний,Седан,2690893,3,15883
Toyota,Camry,2020,121325.0,Автомат,Передний,Кроссовер,1767197,6,20221
BMW,5 Series,2022,44279.0,Механика,Передний,Хэтчбек,2145299,4,11070
BMW,X5,2012,154266.0,Механика,Передний,Кроссовер,422782,14,11019
Hyundai,Tucson,2012,214189.0,Механика,Передний,Кроссовер,326191,14,15299
Volkswagen,Passat,2014,164958.0,Механика,Полный,Седан,292947,12,13746
BMW,5 Series,2023,59510.0,Механика,Передний,Хэтчбек,2291207,3,19837
Volkswagen,Golf,2010,280494.0,Автомат,Полный,Хэтчбек,293265,16,17531
Volkswagen,Golf,2016,124267.0,Автомат,Передний,Хэтчбек,339057,10,12427
BMW,X3,2022,50700.0,Механика,Полный,Кроссовер,2541622,4,12675
Kia,Optima,2020,41973.0,Механика,Передний,Кроссовер,1052295,6,6996
BMW,X3,2013,247759.0,Автомат,Полный,Седан,298762,13,19058
Toyota,RAV4,2020,91238.0,Механика,Полный,Седан,1863361,6,15206
Hyundai,Santa Fe,2018,86182.0,Автомат,Передний,Кроссовер,685267,8,10773
Kia,Rio,2008,283831.0,Автомат,Полный,Хэтчбек,289584,18,15768
Kia,Sportage,2011,151589.0,Автомат,Передний,Кроссовер,260037,15,10106
Volkswagen,Polo,2014,194010.0,Автомат,Передний,Седан,299143,12,16168
Toyota,Land Cruiser,2024,38630.0,Автомат,Полный,Седан,3052015,2,19315
BMW,X5,2008,240028.0,Механика,Передний,Хэтчбек,258013,18,13335
Hyundai,ix35,2010,213863.0,Автомат,Передний,Хэтчбек,317913,16,13366
Kia,Sportage,2019,113190.0,Автомат,Передний,Хэтчбек,625586,7,16170
Volkswagen,Tiguan,2013,195964.0,Автомат,Передний,Кроссовер,309983,13,15074
BMW,5 Series,2009,253761.5,Робот,Полный,Седан,320776,17,14927
BMW,3 Series,2008,281451.0,Автомат,Передний,Кроссовер,278053,18,15636
Toyota,RAV4,2022,60963.0,Автомат,Полный,Хэтчбек,2230569,4,15241
Kia,Optima,2014,190732.0,Механика,Задний,Седан,285333,12,15894
BMW,5 Series,2023,36732.0,Автомат,Передний,Кроссовер,2419725,3,12244
Hyundai,Tucson,2023,43453.0,Робот,Полный,Хэтчбек,1605790,3,14484
Volkswagen,Tiguan,2016,127024.0,Робот,Передний,Хэтчбек,354898,10,12702
Volkswagen,Tiguan,2013,131903.0,Автомат,Передний,Хэтчбек,277413,13,10146
Hyundai,Santa Fe,2008,384463.0,Автомат,Передний,Кроссовер,271565,18,21359
Hyundai,Solaris,2008,213343.0,Автомат,Передний,Хэтчбек,291315,18,11852
Volkswagen,Polo,2018,155762.0,Робот,Полный,Хэтчбек,443938,8,19470
BMW,3 Series,2009,377963.0,Механика,Передний,Кроссовер,290817,17,22233
BMW,X5,2015,200569.0,Автомат,Передний,Седан,471704,11,18234
Hyundai,Santa Fe,2015,164993.0,Механика,Передний,Хэтчбек,276493,11,14999
BMW,X5,2015,138580.0,Автомат,Передний,Седан,835899,11,12598
Kia,Rio,2020,77091.0,Автомат,Передний,Седан,920487,6,12848
Volkswagen,Polo,2016,157172.0,Автомат,Задний,Седан,309025,10,15717
BMW,5 Series,2016,205626.0,Автомат,Передний,Кроссовер,711202,10,20563
Hyundai,Tucson,2012,248388.0,Автомат,Полный,Кроссовер,259645,14,17742
Kia,Sportage,2012,231486.0,Автомат,Полный,Хэтчбек,286184,14,16535
Toyota,RAV4,2017,49615.0,Механика,Передний,Кроссовер,1176616,9,5513
Toyota,Land Cruiser,2024,32384.0,Автомат,Передний,Кроссовер,3008988,2,16192
Toyota,Corolla,2017,136867.0,Автомат,Полный,Кроссовер,1068585,9,15207
BMW,3 Series,2018,169102.0,Механика,Передний,Седан,1005396,8,21138
BMW,X5,2020,87347.0,Автомат,Полный,Хэтчбек,1566272,6,14558
Toyota,Land Cruiser,2011,154407.0,Автомат,Передний,Хэтчбек,291244,15,10294
Toyota,Corolla,2010,291900.0,Автомат,Передний,Кроссовер,323978,16,18244
Volkswagen,Passat,2024,20047.0,Автомат,Передний,Седан,1894681,2,10024
Kia,Ceed,2009,253761.5,Механика,Полный,Кроссовер,307794,17,14927
Hyundai,ix35,2015,217627.0,Автомат,Передний,Седан,270269,11,19784
Kia,Rio,2021,82435.0,Механика,Полный,Седан,1163651,5,16487
Kia,Sportage,2009,281610.0,Механика,Полный,Хэтчбек,288459,17,16565
Hyundai,Tucson,2017,169069.0,Автомат,Полный,Хэтчбек,353746,9,18785
Volkswagen,Golf,2023,41085.0,Автомат,Полный,Хэтчбек,1324140,3,13695
BMW,5 Series,2010,307760.0,Автомат,Задний,Хэтчбек,305731,16,19235
Kia,Ceed,2016,115959.0,Механика,Передний,Кроссовер,471590,10,11596
Toyota,Camry,2015,172612.0,Автомат,Передний,Хэтчбек,720952,11,15692
BMW,5 Series,2022,79988.0,Робот,Передний,Кроссовер,2253611,4,19997
Volkswagen,Passat,2024,16146.0,Механика,Передний,Хэтчбек,1713910,2,8073
Hyundai,Santa Fe,2016,69941.0,Автомат,Передний,Седан,630154,10,6994
Volkswagen,Tiguan,2009,134940.0,Робот,Полный,Седан,306689,17,7938
Toyota,Camry,2014,211353.0,Автомат,Передний,Хэтчбек,330707,12,17613
BMW,X3,2024,16875.0,Автомат,Передний,Хэтчбек,3230443,2,8438
Toyota,RAV4,2010,180415.0,Автомат,Передний,Кроссовер,332831,16,11276
Hyundai,Santa Fe,2023,64464.0,Автомат,Передний,Седан,1405426,3,21488
Hyundai,Santa Fe,2016,125707.0,Автомат,Полный,Хэтчбек,395199,10,12571
BMW,X3,2019,112622.0,Механика,Передний,Седан,1369716,7,16089
Toyota,Corolla,2008,301112.0,Автомат,Полный,Кроссовер,292311,18,16728
Kia,Rio,2020,98904.0,Механика,Передний,Хэтчбек,987845,6,16484
Kia,Optima,2012,259001.0,Автомат,Передний,Хэтчбек,273360,14,18500
Volkswagen,Passat,2019,126549.0,Механика,Задний,Кроссовер,635761,7,18078
Volkswagen,Tiguan,2013,119219.0,Автомат,Передний,Седан,298065,13,9171
Toyota,Corolla,2021,74051.0,Механика,Полный,Кроссовер,1636379,5,14810
Toyota,RAV4,2023,73406.0,Автомат,Полный,Хэтчбек,2316857,3,24469
Kia,Rio,2022,75738.0,Автомат,Полный,Хэтчбек,1369393,4,18934
Volkswagen,Passat,2012,192571.0,Автомат,Полный,Хэтчбек,317984,14,13755
Toyota,Land Cruiser,2019,85465.0,Автомат,Полный,Седан,1288785,7,12209
Toyota,Camry,2016,169192.0,Робот,Полный,Седан,784196,10,16919
Kia,Ceed,2015,88773.0,Автомат,Передний,Седан,416185,11,8070
Volkswagen,Passat,2024,25612.0,Робот,Передний,Кроссовер,1852430,2,12806
Kia,Sportage,2008,267079.0,Робот,Передний,Кроссовер,286733,18,14838
BMW,X5,2022,53664.0,Автомат,Полный,Кроссовер,2406500,4,13416
Hyundai,ix35,2015,143681.0,Робот,Передний,Кроссовер,326339,11,13062
Toyota,Corolla,2022,36486.0,Автомат,Полный,Хэтчбек,2539674,4,9122
Hyundai,Tucson,2020,85097.0,Автомат,Передний,Седан,943838,6,14183
Kia,Ceed,2009,326691.0,Автомат,Полный,Кроссовер,302728,17,19217
Toyota,Corolla,2018,106772.0,Механика,Передний,Хэтчбек,1357224,8,13346
Kia,Optima,2024,22648.0,Механика,Полный,Кроссовер,1918746,2,11324
Hyundai,ix35,2011,330071.0,Механика,Передний,Хэтчбек,343919,15,22005
BMW,3 Series,2017,133602.0,Автомат,Передний,Хэтчбек,1115168,9,14845
BMW,X5,2012,104526.0,Робот,Полный,Седан,556473,14,7466
Toyota,Land Cruiser,2015,151148.0,Автомат,Передний,Седан,676555,11,13741
Toyota,RAV4,2017,107333.0,Механика,Полный,Хэтчбек,1255145,9,11926
Hyundai,Santa Fe,2024,27701.0,Механика,Передний,Хэтчбек,1522950,2,13850
Hyundai,Santa Fe,2018,167167.0,Автомат,Передний,Кроссовер,409861,8,20896
Volkswagen,Polo,2009,282962.0,Автомат,Передний,Кроссовер,290874,17,16645
BMW,3 Series,2009,167017.0,Автомат,Полный,Хэтчбек,305602,17,9825
Kia,Sportage,2018,76604.0,Автомат,Передний,Хэтчбек,823703,8,9576
BMW,3 Series,2008,180136.0,Робот,Передний,Хэтчбек,300928,18,10008
BMW,X5,2018,112823.0,Робот,Передний,Седан,1341590,8,14103
Volkswagen,Passat,2020,82553.0,Автомат,Полный,Седан,872702,6,13759
Hyundai,ix35,2011,230759.0,Автомат,Передний,Кроссовер,271676,15,15384
BMW,X5,2021,77839.0,Механика,Передний,Седан,1717519,5,15568
Hyundai,Solaris,2023,74841.0,Механика,Полный,Кроссовер,1426776,3,24947
BMW,X5,2018,86598.0,Механика,Полный,Седан,1160736,8,10825
Volkswagen,Passat,2019,80812.0,Автомат,Передний,Седан,922470,7,11545
Hyundai,Solaris,2023,20318.0,Робот,Передний,Седан,1594996,3,6773
Volkswagen,Golf,2009,165620.0,Автомат,Полный,Седан,291152,17,9742
BMW,X3,2014,176296.0,Автомат,Передний,Кроссовер,441947,12,14691
Toyota,Corolla,2018,108183.0,Автомат,Полный,Седан,1407727,8,13523
Hyundai,ix35,2010,243039.0,Механика,Полный,Хэтчбек,338445,16,15190
Volkswagen,Tiguan,2011,222746.0,Автомат,Передний,Хэтчбек,333411,15,14850
Volkswagen,Passat,2024,39652.0,Автомат,Передний,Седан,1545786,2,19826
BMW,X5,2021,45678.0,Механика,Полный,Кроссовер,1919861,5,9136
Kia,Ceed,2019,138924.0,Автомат,Полный,Хэтчбек,614542,7,19846
Volkswagen,Passat,2012,323148.0,Автомат,Задний,Седан,319503,14,23082
Volkswagen,Polo,2013,100462.0,Автомат,Передний,Кроссовер,326136,13,7728
Hyundai,Solaris,2012,262620.0,Автомат,Полный,Кроссовер,290769,14,18759
Kia,Rio,2010,237882.0,Автомат,Передний,Кроссовер,321317,16,14868
Kia,Ceed,2009,279004.0,Механика,Передний,Кроссовер,277749,17,16412
Hyundai,Tucson,2012,223345.0,Автомат,Полный,Хэтчбек,267087,14,15953
Toyota,RAV4,2010,269960.0,Механика,Полный,Кроссовер,325273,16,16872
BMW,X5,2011,212717.0,Механика,Полный,Кроссовер,269436,15,14181
BMW,X5,2021,112005.0,Автомат,Задний,Хэтчбек,1823481,5,22401
Toyota,Land Cruiser,2009,195362.0,Механика,Передний,Седан,295271,17,11492
Volkswagen,Passat,2020,86173.0,Автомат,Полный,Хэтчбек,980958,6,14362
Toyota,Camry,2017,158994.0,Автомат,Передний,Кроссовер,979320,9,17666
BMW,X5,2012,212565.0,Робот,Полный,Хэтчбек,261079,14,15183
BMW,X3,2014,184744.0,Механика,Полный,Кроссовер,517030,12,15395
Toyota,Land Cruiser,2013,111310.0,Автомат,Передний,Хэтчбек,641572,13,8562
Kia,Ceed,2015,179718.0,Автомат,Передний,Седан,277505,11,16338
Hyundai,ix35,2024,34802.0,Автомат,Полный,Хэтчбек,1788413,2,17401
Toyota,Land Cruiser,2013,108143.0,Автомат,Передний,Хэтчбек,643278,13,8319
Kia,Ceed,2021,65035.0,Автомат,Полный,Хэтчбек,1041489,5,13007
BMW,3 Series,2019,133595.0,Автомат,Задний,Седан,1521070,7,19085
Volkswagen,Passat,2020,48536.0,Робот,Передний,Хэтчбек,893818,6,8089
Toyota,Corolla,2012,160735.0,Автомат,Передний,Седан,383048,14,11481
Kia,Rio,2021,40661.0,Автомат,Полный,Кроссовер,1070705,5,8132
Hyundai,Tucson,2017,157698.0,Автомат,Передний,Хэтчбек,327110,9,17522
Toyota,RAV4,2014,228376.0,Механика,Передний,Седан,341698,12,19031
Kia,Rio,2023,37226.0,Автомат,Передний,Кроссовер,1430012,3,12409
Toyota,Corolla,2022,36377.0,Автомат,Полный,Кроссовер,2386857,4,9094
Hyundai,Tucson,2018,144688.0,Автомат,Полный,Кроссовер,557780,8,18086
Hyundai,Solaris,2024,21109.0,Механика,Полный,Седан,1871991,2,10554
Toyota,RAV4,2015,148687.0,Автомат,Передний,Хэтчбек,613503,11,13517
Toyota,Land Cruiser,2023,60618.0,Автомат,Полный,Кроссовер,2490843,3,20206
Hyundai,Solaris,2012,234644.0,Автомат,Передний,Седан,309976,14,16760
Hyundai,Solaris,2024,32897.0,Автомат,Передний,Кроссовер,1443688,2,16448
Volkswagen,Passat,2018,78283.0,Механика,Полный,Седан,715398,8,9785
Kia,Optima,2018,118367.0,Автомат,Полный,Седан,653203,8,14796
Hyundai,ix35,2022,43805.0,Механика,Передний,Седан,1200848,4,10951
Hyundai,Tucson,2009,306256.0,Автомат,Передний,Седан,274545,17,18015
Toyota,Land Cruiser,2011,236357.0,Механика,Передний,Хэтчбек,316109,15,15757
Kia,Rio,2019,95020.0,Механика,Передний,Кроссовер,807046,7,13574
Hyundai,Solaris,2010,282648.0,Автомат,Передний,Кроссовер,338151,16,17666
Toyota,RAV4,2015,173083.0,Автомат,Передний,Седан,696701,11,15735
BMW,5 Series,2023,45200.0,Автомат,Передний,Хэтчбек,2684842,3,15067
Hyundai,Tucson,2008,159147.0,Автомат,Передний,Кроссовер,303572,18,8842
BMW,3 Series,2022,83398.0,Механика,Полный,Кроссовер,2413444,4,20850
Hyundai,Tucson,2014,231639.0,Автомат,Полный,Хэтчбек,288643,12,19303
BMW,5 Series,2011,194636.0,Автомат,Передний,Хэтчбек,342931,15,12976
Toyota,Camry,2010,322044.0,Автомат,Задний,Седан,341854,16,20128
Toyota,Land Cruiser,2015,177662.0,Механика,Передний,Хэтчбек,685783,11,16151
Kia,Ceed,2018,69401.0,Робот,Передний,Седан,679364,8,8675
Hyundai,Tucson,2014,216581.0,Автомат,Передний,Седан,304637,12,18048
Volkswagen,Passat,2015,95095.0,Автомат,Передний,Седан,473368,11,8645
Volkswagen,Tiguan,2015,196412.0,Автомат,Задний,Кроссовер,277313,11,17856
BMW,5 Series,2020,102646.0,Автомат,Полный,Хэтчбек,1416334,6,17108
Kia,Optima,2018,161092.0,Автомат,Передний,Хэтчбек,445290,8,20136
Toyota,Camry,2013,237018.0,Механика,Полный,Хэтчбек,311539,13,18232
Kia,Ceed,2012,210171.0,Робот,Передний,Хэтчбек,336899,14,15012
Hyundai,Santa Fe,2012,266698.0,Автомат,Передний,Хэтчбек,283814,14,19050
Kia,Sportage,2010,202566.0,Автомат,Передний,Хэтчбек,339225,16,12660
Kia,Rio,2011,169453.0,Механика,Передний,Хэтчбек,309447,15,11297
Kia,Sportage,2016,110151.0,Автомат,Передний,Седан,453759,10,11015
Kia,Sportage,2013,162405.0,Автомат,Передний,Седан,337817,13,12493
Toyota,RAV4,2023,36274.0,Автомат,Передний,Хэтчбек,2880253,3,12091
BMW,X3,2024,27375.0,Механика,Передний,Седан,3149311,2,13688
Toyota,Corolla,2014,194422.0,Механика,Полный,Кроссовер,433181,12,16202
BMW,X3,2009,312243.0,Автомат,Передний,Кроссовер,335187,17,18367
Toyota,RAV4,2020,31765.0,Автомат,Передний,Хэтчбек,1816310,6,5294
Hyundai,Santa Fe,2018,151378.0,Автомат,Передний,Кроссовер,414165,8,18922
Volkswagen,Polo,2010,260660.0,Робот,Передний,Хэтчбек,329390,16,16291
Kia,Optima,2008,358004.0,Автомат,Передний,Хэтчбек,331698,18,19889
Volkswagen,Golf,2009,147350.0,Автомат,Задний,Седан,299529,17,8668
BMW,3 Series,2010,217391.0,Автомат,Полный,Кроссовер,275349,16,13587
Volkswagen,Passat,2014,161315.0,Автомат,Полный,Хэтчбек,308898,12,13443
Volkswagen,Polo,2020,88449.0,Автомат,Передний,Седан,829056,6,14742
Volkswagen,Polo,2010,242757.0,Механика,Передний,Кроссовер,310444,16,15172
Volkswagen,Passat,2015,174181.0,Автомат,Передний,Кроссовер,319142,11,15835
BMW,X5,2018,159308.0,Автомат,Передний,Седан,998910,8,19914
Toyota,Land Cruiser,2021,33526.0,Механика,Передний,Седан,1856695,5,6705
Hyundai,Santa Fe,2012,218390.0,Автомат,Задний,Хэтчбек,343192,14,15599
Hyundai,Santa Fe,2020,119845.0,Механика,Полный,Седан,845820,6,19974
BMW,3 Series,2009,193184.0,Механика,Передний,Кроссовер,271680,17,11364
Volkswagen,Golf,2019,68215.0,Механика,Передний,Седан,859699,7,9745
Hyundai,Santa Fe,2015,180010.0,Механика,Передний,Хэтчбек,311595,11,16365
BMW,X5,2023,54656.0,Автомат,Передний,Кроссовер,2099494,3,18219
Toyota,Camry,2011,184992.0,Механика,Полный,Седан,278223,15,12333
BMW,5 Series,2022,32777.0,Механика,Передний,Седан,2236883,4,8194
Hyundai,ix35,2021,88525.0,Автомат,Полный,Кроссовер,1162529,5,17705
Volkswagen,Tiguan,2009,203926.0,Автомат,Передний,Седан,262418,17,11996
Toyota,Land Cruiser,2009,195048.0,Автомат,Полный,Кроссовер,340814,17,11473
Toyota,Corolla,2023,37453.0,Робот,Передний,Седан,2839433,3,12484
Volkswagen,Golf,2008,170581.0,Автомат,Передний,Кроссовер,269546,18,9477
BMW,X5,2016,171527.0,Механика,Передний,Седан,763368,10,17153
Hyundai,ix35,2010,367747.0,Автомат,Передний,Кроссовер,302595,16,22984
Volkswagen,Tiguan,2018,101860.0,Автомат,Задний,Седан,644487,8,12732
Toyota,RAV4,2019,70335.0,Механика,Полный,Седан,1429032,7,10048
BMW,X5,2022,49681.0,Механика,Передний,Хэтчбек,2311980,4,12420
BMW,3 Series,2016,152818.0,Автомат,Передний,Хэтчбек,766620,10,15282
BMW,3 Series,2008,317133.0,Автомат,Передний,Кроссовер,338559,18,17618
Toyota,Land Cruiser,2022,38481.0,Механика,Полный,Хэтчбек,2079303,4,9620
Volkswagen,Golf,2012,234191.0,Автомат,Передний,Кроссовер,286881,14,16728
Hyundai,Tucson,2014,123477.0,Автомат,Передний,Седан,314038,12,10290
Kia,Rio,2022,71306.0,Механика,Передний,Хэтчбек,1068300,4,17826
Kia,Rio,2011,301060.0,Робот,Передний,Кроссовер,295576,15,20071
BMW,5 Series,2012,217158.0,Автомат,Передний,Хэтчбек,324116,14,15511
Kia,Ceed,2008,256945.0,Автомат,Передний,Седан,258048,18,14275
BMW,3 Series,2014,206313.0,Механика,Передний,Седан,401500,12,17193
Toyota,Camry,2012,231848.0,Автомат,Полный,Хэтчбек,300271,14,16561
BMW,5 Series,2011,182807.0,Механика,Передний,Кроссовер,332061,15,12187
Toyota,Land Cruiser,2023,41855.0,Механика,Передний,Хэтчбек,2358912,3,13952
Toyota,Camry,2013,193130.0,Робот,Передний,Хэтчбек,304327,13,14856
Toyota,Camry,2014,220816.0,Автомат,Передний,Седан,364564,12,18401
Toyota,Land Cruiser,2011,199382.0,Робот,Полный,Хэтчбек,286175,15,13292
Hyundai,ix35,2016,216588.0,Механика,Полный,Седан,261261,10,21659
Volkswagen,Golf,2024,22619.0,Механика,Полный,Кроссовер,1707656,2,11310
Toyota,Corolla,2017,159971.0,Робот,Передний,Седан,975074,9,17775
Kia,Ceed,2024,40524.0,Механика,Полный,Седан,1609201,2,20262
BMW,5 Series,2011,272606.0,Механика,Передний,Хэтчбек,274231,15,18174
Volkswagen,Passat,2011,171657.0,Робот,Передний,Кроссовер,275514,15,11444
Toyota,Camry,2012,251493.0,Автомат,Передний,Кроссовер,309860,14,17964
Volkswagen,Golf,2023,32250.0,Механика,Полный,Седан,1581972,3,10750
Volkswagen,Passat,2017,111362.0,Автомат,Передний,Седан,572097,9,12374
Toyota,Corolla,2023,37639.0,Автомат,Передний,Хэтчбек,2270295,3,12546
Volkswagen,Passat,2019,93853.0,Автомат,Передний,Кроссовер,693786,7,13408
Volkswagen,Tiguan,2014,132800.0,Автомат,Передний,Седан,307336,12,11067
Kia,Sportage,2021,85420.0,Автомат,Полный,Хэтчбек,941787,5,17084
Volkswagen,Golf,2023,46235.0,Автомат,Передний,Седан,1475016,3,15412
BMW,3 Series,2019,102920.0,Автомат,Передний,Кроссовер,1373325,7,14703
BMW,X3,2008,232551.0,Автомат,Задний,Седан,293411,18,12920
Toyota,Land Cruiser,2017,127266.0,Автомат,Полный,Хэтчбек,1022319,9,14141
BMW,5 Series,2009,255973.0,Автомат,Передний,Кроссовер,310087,17,15057
Volkswagen,Polo,2008,271821.0,Механика,Полный,Кроссовер,266806,18,15101
Toyota,Camry,2019,70298.0,Механика,Передний,Седан,1364475,7,10043
Kia,Optima,2008,284442.0,Робот,Полный,Седан,324639,18,15802
Volkswagen,Passat,2011,175070.0,Автомат,Полный,Седан,320140,15,11671
Volkswagen,Tiguan,2024,25909.0,Механика,Полный,Кроссовер,1451054,2,12954
Kia,Optima,2010,258137.0,Автомат,Передний,Седан,266086,16,16134
Hyundai,Solaris,2024,45030.0,Автомат,Передний,Седан,1540508,2,22515
Hyundai,Tucson,2016,98198.0,Автомат,Передний,Кроссовер,471887,10,9820
Volkswagen,Tiguan,2017,149267.0,Механика,Передний,Кроссовер,443991,9,16585
Kia,Ceed,2009,178962.0,Механика,Передний,Кроссовер,311642,17,10527
Hyundai,Santa Fe,2020,117848.0,Автомат,Передний,Кроссовер,699517,6,19641
Toyota,RAV4,2011,130516.0,Механика,Передний,Седан,345971,15,8701
Volkswagen,Passat,2012,269971.0,Автомат,Передний,Седан,334249,14,19284
Toyota,Land Cruiser,2014,207649.0,Робот,Передний,Кроссовер,397320,12,17304
Volkswagen,Passat,2011,380123.0,Механика,Полный,Хэтчбек,326848,15,25342
Kia,Sportage,2013,223457.0,Автомат,Передний,Седан,296155,13,17189
Volkswagen,Passat,2024,20281.0,Автомат,Передний,Седан,1853849,2,10140
Kia,Sportage,2023,42166.0,Автомат,Передний,Седан,1309176,3,14055
BMW,3 Series,2017,135174.0,Робот,Полный,Седан,949846,9,15019
BMW,5 Series,2017,135213.0,Автомат,Передний,Кроссовер,976931,9,15024
BMW,3 Series,2011,123046.0,Автомат,Полный,Кроссовер,408430,15,8203
Kia,Optima,2013,271553.0,Механика,Передний,Седан,304223,13,20889
Volkswagen,Polo,2024,26174.0,Автомат,Полный,Кроссовер,1448042,2,13087
Toyota,Camry,2011,273474.0,Механика,Передний,Седан,283348,15,18232
Hyundai,Santa Fe,2019,57793.0,Механика,Передний,Хэтчбек,933969,7,8256
Kia,Optima,2008,281226.0,Механика,Полный,Седан,342247,18,15624
BMW,X5,2023,44212.0,Автомат,Полный,Кроссовер,2274796,3,14737
Hyundai,Santa Fe,2020,88352.0,Механика,Передний,Хэтчбек,787897,6,14725
BMW,X5,2009,193657.0,Автомат,Передний,Седан,268837,17,11392
Toyota,Corolla,2019,79074.0,Автомат,Передний,Седан,1660138,7,11296
Volkswagen,Polo,2023,37123.0,Механика,Полный,Кроссовер,1486476,3,12374
Volkswagen,Tiguan,2008,273656.0,Механика,Полный,Хэтчбек,282112,18,15203
BMW,X5,2019,115596.0,Автомат,Передний,Хэтчбек,1558908,7,16514
BMW,3 Series,2015,228880.0,Автомат,Полный,Кроссовер,480786,11,20807
Hyundai,Santa Fe,2017,162328.0,Автомат,Полный,Седан,352439,9,18036
Toyota,Corolla,2013,245463.0,Робот,Передний,Кроссовер,264649,13,18882
Toyota,RAV4,2015,137828.0,Механика,Передний,Хэтчбек,838537,11,12530
Toyota,RAV4,2016,126299.0,Автомат,Передний,Седан,789220,10,12630
BMW,5 Series,2023,49533.0,Автомат,Полный,Седан,2279374,3,16511
Volkswagen,Polo,2014,224121.0,Автомат,Полный,Кроссовер,333581,12,18677
Volkswagen,Passat,2022,48049.0,Механика,Передний,Хэтчбек,1140894,4,12012
BMW,5 Series,2012,249524.0,Автомат,Передний,Хэтчбек,290806,14,17823
Toyota,RAV4,2009,342929.0,Механика,Полный,Седан,273219,17,20172
Toyota,RAV4,2010,151764.0,Автомат,Передний,Кроссовер,272615,16,9485
Toyota,Land Cruiser,2021,69768.0,Робот,Передний,Седан,1872744,5,13954
Toyota,RAV4,2010,301624.0,Автомат,Полный,Кроссовер,289579,16,18852
Hyundai,Solaris,2020,55781.0,Автомат,Задний,Седан,1017007,6,9297
Kia,Optima,2015,187059.0,Автомат,Передний,Хэтчбек,256813,11,17005
Volkswagen,Golf,2014,156366.0,Автомат,Передний,Кроссовер,307025,12,13030
Hyundai,Tucson,2015,118226.0,Автомат,Передний,Хэтчбек,364373,11,10748
Volkswagen,Passat,2011,240816.0,Робот,Передний,Хэтчбек,288668,15,16054
Volkswagen,Polo,2009,177136.0,Механика,Полный,Седан,303595,17,10420
Volkswagen,Golf,2019,165699.0,Механика,Передний,Седан,550417,7,23671
Toyota,Corolla,2021,68453.0,Автомат,Задний,Хэтчбек,1803542,5,13691
Hyundai,Solaris,2019,106297.0,Автомат,Задний,Кроссовер,696168,7,15185
Hyundai,ix35,2011,258889.0,Механика,Передний,Седан,272934,15,17259
Toyota,Land Cruiser,2014,194260.0,Автомат,Передний,Кроссовер,438867,12,16188
Toyota,Camry,2024,30171.0,Механика,Передний,Седан,2575789,2,15086
Kia,Rio,2023,49039.0,Автомат,Передний,Хэтчбек,1486830,3,16346
Hyundai,Tucson,2020,38672.0,Механика,Передний,Седан,1078961,6,6445
BMW,X3,2017,172618.0,Автомат,Задний,Седан,784553,9,19180
BMW,5 Series,2022,54096.0,Робот,Передний,Седан,2329064,4,13524
Kia,Rio,2014,240917.0,Автомат,Полный,Хэтчбек,292451,12,20076
Toyota,RAV4,2012,128805.0,Автомат,Полный,Седан,480672,14,9200
Toyota,RAV4,2022,38294.0,Робот,Полный,Кроссовер,2180733,4,9574
BMW,3 Series,2014,249144.0,Автомат,Полный,Кроссовер,297136,12,20762
BMW,3 Series,2022,49179.0,Автомат,Задний,Хэтчбек,2303231,4,12295
Toyota,Corolla,2024,46157.0,Механика,Задний,Хэтчбек,3059510,2,23078
BMW,X3,2024,41798.0,Автомат,Передний,Хэтчбек,3104172,2,20899
Hyundai,Tucson,2014,259818.0,Автомат,Передний,Седан,269255,12,21652
Volkswagen,Golf,2008,330346.0,Механика,Передний,Седан,314798,18,18353
Hyundai,Tucson,2024,30931.0,Робот,Полный,Кроссовер,1809376,2,15466
Kia,Sportage,2024,45511.0,Механика,Передний,Хэтчбек,1704586,2,22756
Volkswagen,Passat,2011,320050.0,Робот,Полный,Хэтчбек,339599,15,21337
Volkswagen,Golf,2023,60642.0,Автомат,Передний,Седан,1307613,3,20214
BMW,5 Series,2013,143985.0,Автомат,Передний,Седан,536077,13,11076
Hyundai,Solaris,2009,199284.0,Автомат,Полный,Кроссовер,338502,17,11723
Hyundai,ix35,2012,238099.0,Автомат,Полный,Хэтчбек,301124,14,17007
BMW,3 Series,2008,202830.0,Автомат,Полный,Седан,323652,18,11268
Kia,Optima,2024,31424.0,Автомат,Передний,Хэтчбек,1512565,2,15712
Hyundai,Santa Fe,2024,22253.0,Автомат,Задний,Седан,1496851,2,11126
Toyota,RAV4,2011,172908.0,Автомат,Передний,Хэтчбек,292636,15,11527
Kia,Rio,2022,65265.0,Автомат,Полный,Хэтчбек,1300361,4,16316
Toyota,RAV4,2018,93631.0,Механика,Полный,Кроссовер,1422394,8,11704
Volkswagen,Passat,2019,159304.0,Автомат,Задний,Седан,493437,7,22758
BMW,3 Series,2010,235609.0,Автомат,Полный,Кроссовер,322297,16,14726
Kia,Optima,2016,190050.0,Автомат,Полный,Хэтчбек,302364,10,19005
BMW,X3,2024,26563.0,Автомат,Передний,Кроссовер,2610943,2,13282
Volkswagen,Passat,2018,158664.0,Автомат,Полный,Седан,444192,8,19833
BMW,X3,2017,139774.0,Автомат,Полный,Кроссовер,1138608,9,15530
Volkswagen,Polo,2013,239713.0,Механика,Полный,Хэтчбек,338468,13,18439
BMW,3 Series,2021,54061.0,Автомат,Передний,Седан,1916057,5,10812
Volkswagen,Golf,2023,32838.0,Автомат,Полный,Седан,1282444,3,10946
Toyota,Land Cruiser,2011,200879.0,Механика,Полный,Кроссовер,310365,15,13392
Volkswagen,Passat,2019,104645.0,Автомат,Передний,Кроссовер,743012,7,14949
Toyota,Land Cruiser,2018,94947.0,Автомат,Полный,Седан,1359147,8,11868
Volkswagen,Polo,2024,27053.0,Механика,Передний,Хэтчбек,1594053,2,13526
Hyundai,Santa Fe,2008,156926.0,Механика,Передний,Кроссовер,284124,18,8718
Kia,Sportage,2008,217172.0,Механика,Полный,Хэтчбек,259455,18,12065
BMW,5 Series,2010,249871.0,Механика,Полный,Седан,302715,16,15617
Toyota,Land Cruiser,2008,294686.0,Автомат,Задний,Седан,296487,18,16371
Kia,Optima,2015,162872.0,Автомат,Передний,Хэтчбек,313347,11,14807
Volkswagen,Polo,2012,186673.0,Автомат,Полный,Хэтчбек,265027,14,13334
Volkswagen,Tiguan,2008,144816.0,Автомат,Передний,Хэтчбек,307498,18,8045
Hyundai,Tucson,2008,221509.0,Механика,Полный,Кроссовер,277795,18,12306
Kia,Ceed,2008,333449.0,Автомат,Полный,Кроссовер,285052,18,18525
Toyota,RAV4,2008,262205.0,Механика,Полный,Кроссовер,329631,18,14567
Hyundai,Solaris,2022,62386.0,Механика,Передний,Кроссовер,1188843,4,15596
Volkswagen,Passat,2010,247533.0,Автомат,Полный,Седан,312494,16,15471
BMW,5 Series,2008,267079.0,Механика,Передний,Хэтчбек,287047,18,14838
Hyundai,Solaris,2009,293387.0,Автомат,Передний,Седан,343572,17,17258
Volkswagen,Polo,2019,131998.0,Механика,Передний,Седан,576903,7,18857
Toyota,Camry,2018,166565.0,Автомат,Задний,Седан,1023860,8,20821
Hyundai,Solaris,2008,288862.0,Робот,Полный,Кроссовер,312553,18,16048
BMW,X3,2017,229255.0,Автомат,Передний,Хэтчбек,647809,9,25473
Kia,Rio,2018,120229.0,Механика,Передний,Хэтчбек,584285,8,15029
Toyota,Corolla,2012,173289.0,Автомат,Передний,Хэтчбек,335408,14,12378
Volkswagen,Tiguan,2021,70532.0,Автомат,Передний,Кроссовер,953637,5,14106
BMW,5 Series,2017,83840.0,Автомат,Передний,Кроссовер,1108085,9,9316
Kia,Rio,2019,90999.0,Механика,Передний,Кроссовер,705073,7,13000
BMW,3 Series,2016,186107.0,Автомат,Задний,Хэтчбек,769097,10,18611
Toyota,Land Cruiser,2018,129413.0,Механика,Передний,Хэтчбек,1311681,8,16177
BMW,3 Series,2015,227542.0,Автомат,Полный,Хэтчбек,456560,11,20686
Hyundai,Solaris,2019,116593.0,Автомат,Передний,Хэтчбек,681135,7,16656
Kia,Ceed,2008,349296.0,Автомат,Передний,Седан,314227,18,19405
Hyundai,ix35,2019,111111.0,Автомат,Передний,Кроссовер,683437,7,15873
Kia,Rio,2014,237424.0,Механика,Полный,Хэтчбек,271951,12,19785
Volkswagen,Golf,2016,176267.0,Механика,Полный,Седан,312149,10,17627
Toyota,Corolla,2023,29782.0,Автомат,Задний,Хэтчбек,2350633,3,9927
Volkswagen,Golf,2020,102591.0,Механика,Передний,Хэтчбек,920668,6,17098
BMW,3 Series,2020,134362.0,Автомат,Передний,Хэтчбек,1730039,6,22394
Toyota,RAV4,2008,234665.0,Автомат,Передний,Хэтчбек,283239,18,13037
Toyota,Camry,2014,181254.0,Робот,Передний,Кроссовер,525229,12,15104
Hyundai,Santa Fe,2009,240447.0,Механика,Передний,Хэтчбек,340559,17,14144
Kia,Rio,2019,94153.0,Робот,Передний,Седан,693909,7,13450
Kia,Rio,2017,125862.0,Автомат,Передний,Седан,424848,9,13985
Toyota,Land Cruiser,2017,109251.0,Робот,Передний,Кроссовер,1020977,9,12139
Hyundai,Santa Fe,2013,193130.0,Автомат,Полный,Кроссовер,313654,13,14856
Toyota,RAV4,2008,326393.0,Автомат,Передний,Кроссовер,331023,18,18133
Hyundai,Tucson,2016,141905.0,Механика,Передний,Седан,327403,10,14190
Kia,Rio,2016,216023.0,Механика,Задний,Хэтчбек,284406,10,21602
BMW,3 Series,2008,219363.0,Робот,Передний,Седан,303309,18,12187
Toyota,Land Cruiser,2022,50515.0,Механика,Полный,Хэтчбек,2361777,4,12629
Kia,Optima,2024,25981.0,Механика,Задний,Хэтчбек,1678862,2,12990
BMW,X3,2020,78105.0,Автомат,Задний,Седан,1904284,6,13018
Hyundai,Tucson,2019,102044.0,Автомат,Задний,Кроссовер,821135,7,14578
BMW,3 Series,2008,407961.0,Механика,Передний,Хэтчбек,255938,18,22664
Volkswagen,Passat,2017,90244.0,Автомат,Полный,Хэтчбек,660161,9,10027
Toyota,Camry,2017,104209.0,Автомат,Передний,Кроссовер,973156,9,11579
Kia,Optima,2020,107133.0,Механика,Передний,Седан,945700,6,17856
Volkswagen,Polo,2023,44275.0,Автомат,Полный,Хэтчбек,1343992,3,14758
BMW,X3,2009,332490.0,Механика,Передний,Кроссовер,278951,17,19558
Hyundai,Tucson,2015,131164.0,Механика,Полный,Кроссовер,329853,11,11924
Kia,Optima,2019,136345.0,Автомат,Передний,Хэтчбек,684893,7,19478
Volkswagen,Polo,2019,164712.0,Механика,Полный,Седан,574434,7,23530
Toyota,Land Cruiser,2018,94452.0,Автомат,Задний,Седан,1509149,8,11806
BMW,5 Series,2008,218441.0,Автомат,Полный,Седан,263013,18,12136
BMW,X5,2022,51599.0,Автомат,Полный,Хэтчбек,2178235,4,12900
Volkswagen,Tiguan,2013,213994.0,Механика,Передний,Хэтчбек,300654,13,16461
Hyundai,Tucson,2012,130834.0,Автомат,Полный,Кроссовер,301886,14,9345
Volkswagen,Passat,2017,109930.0,Автомат,Передний,Хэтчбек,560798,9,12214
Toyota,Corolla,2017,136367.0,Механика,Полный,Хэтчбек,1166673,9,15152
Volkswagen,Passat,2011,256473.0,Механика,Полный,Кроссовер,290799,15,17098
Hyundai,ix35,2011,345563.0,Автомат,Передний,Седан,271795,15,23038
Volkswagen,Golf,2022,63240.0,Автомат,Полный,Кроссовер,1358706,4,15810
Toyota,Land Cruiser,2012,171100.0,Автомат,Полный,Хэтчбек,355197,14,12221
Kia,Sportage,2019,76081.0,Механика,Полный,Хэтчбек,907877,7,10869
BMW,5 Series,2024,30172.0,Автомат,Передний,Кроссовер,2607703,2,15086
BMW,5 Series,2014,203029.0,Механика,Полный,Седан,479864,12,16919
Volkswagen,Golf,2014,233798.0,Автомат,Полный,Кроссовер,255987,12,19483
BMW,3 Series,2016,98761.0,Автомат,Передний,Седан,1154047,10,9876
Volkswagen,Polo,2020,55019.0,Механика,Задний,Кроссовер,882220,6,9170
Hyundai,ix35,2010,133273.0,Автомат,Задний,Хэтчбек,338786,16,8330
Volkswagen,Tiguan,2023,35372.0,Автомат,Полный,Хэтчбек,1502942,3,11791
Hyundai,Santa Fe,2016,142770.0,Автомат,Полный,Хэтчбек,339310,10,14277
BMW,5 Series,2016,108113.0,Автомат,Задний,Седан,1050535,10,10811
Toyota,Land Cruiser,2011,134462.0,Автомат,Передний,Седан,429551,15,8964
BMW,5 Series,2016,150385.0,Механика,Полный,Седан,883967,10,15038
Volkswagen,Tiguan,2015,183757.0,Механика,Передний,Хэтчбек,300879,11,16705
Kia,Optima,2023,42167.0,Механика,Передний,Хэтчбек,1291189,3,14056
BMW,X5,2008,253692.0,Робот,Передний,Кроссовер,259224,18,14094
Kia,Optima,2010,210634.0,Автомат,Передний,Седан,301405,16,13165
Kia,Sportage,2012,157290.0,Автомат,Полный,Седан,275490,14,11235
Volkswagen,Passat,2018,134417.0,Механика,Передний,Кроссовер,467008,8,16802
Kia,Sportage,2009,267524.0,Автомат,Задний,Седан,304234,17,15737
Toyota,RAV4,2013,232700.0,Автомат,Передний,Кроссовер,336364,13,17900
Toyota,RAV4,2008,290964.0,Автомат,Полный,Кроссовер,313334,18,16165
Volkswagen,Polo,2012,224030.0,Механика,Передний,Кроссовер,311285,14,16002
Kia,Ceed,2023,44005.0,Автомат,Полный,Хэтчбек,1332787,3,14668
Volkswagen,Passat,2022,48330.0,Автомат,Передний,Седан,1101178,4,12082
Toyota,Corolla,2009,401094.0,Механика,Передний,Кроссовер,274834,17,23594
Toyota,Corolla,2017,157210.0,Механика,Передний,Хэтчбек,953300,9,17468
Toyota,Camry,2012,217330.0,Автомат,Передний,Хэтчбек,330650,14,15524
Kia,Rio,2023,47376.0,Механика,Полный,Хэтчбек,1221427,3,15792
Toyota,Corolla,2016,185189.0,Автомат,Полный,Седан,732273,10,18519
Kia,Sportage,2016,192859.0,Автомат,Передний,Хэтчбек,324292,10,19286
Hyundai,Tucson,2023,44052.0,Механика,Передний,Хэтчбек,1538631,3,14684
BMW,3 Series,2019,86310.0,Механика,Полный,Кроссовер,1358884,7,12330
BMW,X5,2024,38581.0,Автомат,Полный,Кроссовер,2439476,2,19290
Kia,Ceed,2024,34940.0,Робот,Передний,Кроссовер,1729130,2,17470
BMW,3 Series,2018,84757.0,Автомат,Передний,Кроссовер,1370822,8,10595
Volkswagen,Passat,2019,141392.0,Механика,Передний,Седан,551399,7,20199
Hyundai,Tucson,2014,184535.0,Автомат,Передний,Кроссовер,279750,12,15378
Hyundai,Tucson,2008,248505.0,Автомат,Полный,Седан,344955,18,13806
BMW,3 Series,2009,337312.0,Робот,Полный,Кроссовер,320396,17,19842
Toyota,Corolla,2014,223462.0,Механика,Задний,Хэтчбек,327174,12,18622
BMW,X5,2022,36478.0,Автомат,Полный,Кроссовер,2317973,4,9120
Toyota,Land Cruiser,2016,146835.0,Автомат,Передний,Хэтчбек,607099,10,14684
Toyota,RAV4,2014,271960.0,Автомат,Полный,Хэтчбек,265369,12,22663
Kia,Rio,2023,39632.0,Автомат,Полный,Кроссовер,1442911,3,13211
BMW,X5,2024,29247.0,Автомат,Полный,Кроссовер,2730299,2,14624
Volkswagen,Tiguan,2023,63656.0,Робот,Передний,Кроссовер,1233762,3,21219
Kia,Rio,2023,44212.0,Робот,Передний,Седан,1387054,3,14737
Toyota,Corolla,2010,122961.0,Автомат,Полный,Кроссовер,330666,16,7685
Toyota,Land Cruiser,2023,35366.0,Автомат,Полный,Хэтчбек,2221214,3,11789
BMW,3 Series,2016,145628.0,Автомат,Полный,Хэтчбек,906828,10,14563
BMW,X3,2024,29566.0,Автомат,Полный,Хэтчбек,3096883,2,14783
BMW,X5,2012,274825.0,Механика,Полный,Кроссовер,267277,14,19630
Kia,Optima,2024,45370.0,Механика,Полный,Кроссовер,1535346,2,22685
BMW,3 Series,2021,95414.0,Автомат,Передний,Хэтчбек,1978975,5,19083
Kia,Rio,2011,151120.0,Автомат,Полный,Кроссовер,319072,15,10075
Kia,Ceed,2023,37677.0,Механика,Полный,Кроссовер,1299605,3,12559
BMW,X3,2021,44145.0,Механика,Полный,Седан,2141424,5,8829
Volkswagen,Passat,2008,231778.0,Автомат,Передний,Кроссовер,289535,18,12877
BMW,5 Series,2008,326858.0,Автомат,Полный,Седан,260746,18,18159
Hyundai,Solaris,2023,71907.0,Механика,Передний,Седан,1219944,3,23969
Toyota,Camry,2018,150587.0,Механика,Полный,Кроссовер,1106480,8,18823
Kia,Rio,2017,50283.0,Автомат,Передний,Кроссовер,810283,9,5587
Hyundai,ix35,2016,144182.0,Робот,Полный,Хэтчбек,282976,10,14418
Toyota,Camry,2019,113705.0,Автомат,Передний,Хэтчбек,1588176,7,16244
BMW,X3,2020,83968.0,Автомат,Задний,Хэтчбек,1544838,6,13995
Kia,Sportage,2017,125904.0,Механика,Передний,Седан,461888,9,13989
Toyota,Land Cruiser,2012,238072.0,Механика,Задний,Кроссовер,340975,14,17005
Toyota,Corolla,2019,106939.5,Механика,Задний,Седан,1275316,7,15277
Kia,Rio,2024,35820.0,Механика,Полный,Хэтчбек,1688990,2,17910
Kia,Rio,2012,195831.0,Автомат,Передний,Кроссовер,283813,14,13988
Volkswagen,Golf,2023,23571.0,Автомат,Передний,Седан,1627094,3,7857
BMW,3 Series,2016,236025.0,Механика,Полный,Кроссовер,560110,10,23602
BMW,5 Series,2010,276637.0,Автомат,Полный,Седан,309451,16,17290
Toyota,Camry,2012,238061.0,Механика,Передний,Кроссовер,300712,14,17004
Volkswagen,Golf,2023,48416.0,Автомат,Передний,Хэтчбек,1519100,3,16139
Hyundai,Tucson,2015,136749.0,Механика,Передний,Кроссовер,331942,11,12432
Kia,Optima,2014,224375.0,Механика,Передний,Хэтчбек,337224,12,18698
Kia,Optima,2010,213777.0,Механика,Передний,Кроссовер,342788,16,13361
Kia,Optima,2018,114347.0,Механика,Полный,Хэтчбек,654650,8,14293
Volkswagen,Golf,2015,168149.0,Механика,Передний,Седан,285361,11,15286
BMW,3 Series,2022,23581.0,Автомат,Полный,Седан,2385622,4,5895
Hyundai,Santa Fe,2009,349023.0,Автомат,Передний,Кроссовер,305218,17,20531
BMW,X3,2017,181190.0,Автомат,Задний,Хэтчбек,758153,9,20132
Volkswagen,Polo,2009,290468.0,Автомат,Полный,Кроссовер,277475,17,17086
BMW,X5,2010,237882.0,Автомат,Полный,Кроссовер,282751,16,14868
BMW,X5,2015,156004.0,Автомат,Передний,Седан,607166,11,14182
Hyundai,Tucson,2010,80022.0,Автомат,Полный,Седан,273618,16,5001
Hyundai,Tucson,2017,107446.0,Автомат,Полный,Хэтчбек,516907,9,11938
BMW,X5,2009,292222.0,Автомат,Передний,Седан,311378,17,17190
Kia,Ceed,2023,35841.0,Механика,Полный,Хэтчбек,1570767,3,11947
BMW,3 Series,2023,28321.0,Механика,Полный,Кроссовер,2564841,3,9440
Kia,Optima,2020,79447.0,Механика,Задний,Кроссовер,866207,6,13241
Kia,Rio,2010,294684.0,Автомат,Передний,Хэтчбек,323900,16,18418
Kia,Rio,2011,239624.0,Механика,Полный,Хэтчбек,306104,15,15975
Hyundai,Tucson,2016,126341.0,Автомат,Передний,Кроссовер,396031,10,12634
Volkswagen,Polo,2011,309959.0,Автомат,Передний,Кроссовер,317973,15,20664
BMW,5 Series,2014,162908.0,Автомат,Полный,Седан,617317,12,13576
Volkswagen,Polo,2020,96944.0,Механика,Полный,Седан,895261,6,16157
BMW,3 Series,2018,140794.0,Робот,Полный,Кроссовер,1219288,8,17599
Toyota,Camry,2011,225548.0,Механика,Задний,Кроссовер,309425,15,15037
BMW,3 Series,2023,38538.0,Автомат,Передний,Хэтчбек,2697907,3,12846
Kia,Sportage,2018,113938.0,Механика,Передний,Кроссовер,552479,8,14242
BMW,3 Series,2023,44611.0,Автомат,Задний,Кроссовер,2201952,3,14870
Kia,Optima,2014,196158.0,Автомат,Передний,Кроссовер,273437,12,16346
Volkswagen,Polo,2012,235593.0,Автомат,Задний,Кроссовер,322771,14,16828
Volkswagen,Tiguan,2012,221336.0,Автомат,Задний,Кроссовер,282719,14,15810
Toyota,Corolla,2023,43786.0,Автомат,Полный,Хэтчбек,2534038,3,14595
Kia,Ceed,2022,46727.0,Робот,Полный,Кроссовер,1286495,4,11682
Hyundai,Solaris,2019,110234.0,Робот,Задний,Седан,726196,7,15748
Volkswagen,Tiguan,2024,26876.0,Автомат,Полный,Хэтчбек,1863062,2,13438
Hyundai,Tucson,2020,72199.0,Механика,Передний,Хэтчбек,1095142,6,12033
BMW,X3,2019,126552.0,Механика,Передний,Седан,1335146,7,18079
Kia,Optima,2014,230085.0,Автомат,Полный,Седан,337803,12,19174
Hyundai,Tucson,2014,177469.0,Механика,Полный,Хэтчбек,294508,12,14789
Hyundai,Santa Fe,2012,247332.0,Автомат,Полный,Седан,296652,14,17667
Kia,Ceed,2024,31881.0,Робот,Полный,Седан,1789862,2,15940
BMW,X5,2011,285402.0,Робот,Полный,Седан,322410,15,19027
Hyundai,Tucson,2018,124873.0,Механика,Передний,Седан,493826,8,15609
BMW,X5,2016,79076.0,Автомат,Полный,Кроссовер,1124139,10,7908
Hyundai,ix35,2019,89572.0,Механика,Передний,Хэтчбек,744875,7,12796
Toyota,Land Cruiser,2022,48116.0,Робот,Полный,Седан,2408178,4,12029
Kia,Optima,2017,153228.0,Механика,Передний,Седан,361146,9,17025
Hyundai,ix35,2012,171055.0,Механика,Передний,Хэтчбек,341676,14,12218
BMW,5 Series,2010,250098.0,Автомат,Полный,Седан,342333,16,15631
Toyota,RAV4,2018,159506.0,Автомат,Передний,Кроссовер,972661,8,19938
Volkswagen,Polo,2012,265216.0,Автомат,Передний,Хэтчбек,313188,14,18944
Hyundai,ix35,2013,227028.0,Автомат,Полный,Кроссовер,314554,13,17464
Kia,Optima,2008,321895.0,Робот,Полный,Кроссовер,336777,18,17883
BMW,X3,2008,237478.0,Автомат,Полный,Седан,261372,18,13193
Toyota,Corolla,2017,163122.0,Автомат,Полный,Хэтчбек,916575,9,18125
Toyota,Land Cruiser,2024,27192.0,Автомат,Полный,Седан,2572358,2,13596
BMW,5 Series,2016,191982.0,Автомат,Полный,Кроссовер,650237,10,19198
Kia,Ceed,2018,133971.0,Автомат,Полный,Хэтчбек,467592,8,16746
BMW,X5,2016,151422.0,Механика,Передний,Кроссовер,852750,10,15142
Toyota,Corolla,2016,189632.0,Автомат,Передний,Седан,724172,10,18963
Volkswagen,Tiguan,2011,136768.0,Механика,Передний,Кроссовер,255999,15,9118
BMW,X5,2012,296551.0,Автомат,Передний,Кроссовер,290830,14,21182
Volkswagen,Golf,2020,52667.0,Автомат,Передний,Кроссовер,1062628,6,8778
Kia,Rio,2015,180213.0,Автомат,Задний,Хэтчбек,343499,11,16383
BMW,X3,2009,209071.0,Робот,Передний,Седан,318520,17,12298
Volkswagen,Golf,2014,181325.0,Робот,Полный,Седан,332831,12,15110
Volkswagen,Tiguan,2016,136795.0,Автомат,Полный,Кроссовер,358929,10,13680
Toyota,Camry,2008,362987.0,Механика,Передний,Хэтчбек,315444,18,20166
Hyundai,ix35,2024,32701.0,Робот,Задний,Хэтчбек,1815182,2,16350
BMW,3 Series,2008,242558.0,Робот,Передний,Хэтчбек,329459,18,13475
Kia,Sportage,2016,105252.0,Автомат,Передний,Кроссовер,399882,10,10525
Toyota,Land Cruiser,2021,59110.0,Автомат,Полный,Хэтчбек,2108281,5,11822
Hyundai,Santa Fe,2023,47066.0,Механика,Передний,Седан,1295052,3,15689
Toyota,Land Cruiser,2019,142298.0,Автомат,Передний,Кроссовер,1392972,7,20328
Volkswagen,Polo,2008,219978.0,Механика,Передний,Хэтчбек,285266,18,12221
BMW,5 Series,2014,268183.0,Механика,Передний,Седан,287807,12,22349
Hyundai,Solaris,2011,268284.0,Автомат,Полный,Седан,296645,15,17886
BMW,3 Series,2017,178042.0,Автомат,Передний,Кроссовер,782054,9,19782
Volkswagen,Polo,2014,172231.0,Автомат,Передний,Седан,275057,12,14353
Kia,Rio,2012,177436.0,Автомат,Передний,Седан,285702,14,12674
Volkswagen,Polo,2021,62724.0,Автомат,Полный,Кроссовер,1201737,5,12545
BMW,3 Series,2013,211431.0,Механика,Полный,Кроссовер,323213,13,16264
Hyundai,ix35,2015,211689.0,Автомат,Полный,Седан,257834,11,19244
Kia,Rio,2017,93946.0,Автомат,Передний,Седан,546146,9,10438
Hyundai,Tucson,2008,160960.0,Механика,Полный,Хэтчбек,257697,18,8942
Kia,Rio,2017,158638.0,Автомат,Полный,Кроссовер,384623,9,17626
Volkswagen,Polo,2009,270017.0,Автомат,Полный,Седан,332912,17,15883
Hyundai,ix35,2021,96708.0,Автомат,Полный,Седан,941124,5,19342
BMW,5 Series,2018,105854.0,Робот,Передний,Кроссовер,1200533,8,13232
Hyundai,Solaris,2022,71670.0,Механика,Полный,Седан,1181989,4,17918
Kia,Sportage,2023,47072.0,Механика,Полный,Хэтчбек,1421625,3,15691
Hyundai,Solaris,2010,254825.0,Механика,Полный,Кроссовер,263578,16,15927
Volkswagen,Polo,2012,312649.0,Автомат,Передний,Хэтчбек,274928,14,22332
Toyota,RAV4,2009,350472.0,Автомат,Задний,Хэтчбек,336188,17,20616
BMW,3 Series,2016,131810.0,Механика,Передний,Кроссовер,862459,10,13181
Volkswagen,Passat,2024,46310.0,Механика,Задний,Седан,1374362,2,23155
BMW,3 Series,2013,124642.0,Автомат,Передний,Хэтчбек,640685,13,9588
Kia,Rio,2024,18056.0,Механика,Передний,Кроссовер,1473464,2,9028
Kia,Ceed,2010,314732.0,Автомат,Передний,Хэтчбек,300553,16,19671
Volkswagen,Passat,2019,126963.0,Механика,Передний,Хэтчбек,644020,7,18138
Kia,Optima,2016,112077.0,Механика,Передний,Кроссовер,436380,10,11208
Toyota,Land Cruiser,2023,44268.0,Механика,Передний,Седан,2734790,3,14756
Volkswagen,Passat,2022,60175.0,Механика,Полный,Хэтчбек,1373041,4,15044
Kia,Sportage,2022,57777.0,Автомат,Полный,Кроссовер,1147492,4,14444
Kia,Rio,2013,257674.0,Механика,Задний,Хэтчбек,280464,13,19821
BMW,5 Series,2010,319026.0,Робот,Полный,Седан,289823,16,19939
Toyota,Camry,2013,291517.0,Робот,Полный,Кроссовер,289404,13,22424
Toyota,Corolla,2019,108832.0,Механика,Полный,Седан,1492656,7,15547
BMW,X3,2010,163117.0,Автомат,Задний,Седан,286699,16,10195
Hyundai,Santa Fe,2022,49231.0,Автомат,Полный,Седан,1261634,4,12308
Kia,Optima,2015,141029.0,Автомат,Передний,Седан,286085,11,12821
Volkswagen,Golf,2022,60239.0,Автомат,Полный,Хэтчбек,1087080,4,15060
BMW,X5,2024,16395.0,Автомат,Задний,Хэтчбек,2928103,2,8198
BMW,5 Series,2009,257907.0,Робот,Полный,Кроссовер,266290,17,15171
Toyota,Camry,2021,63206.0,Автомат,Передний,Хэтчбек,1964068,5,12641
Kia,Rio,2019,103183.0,Механика,Задний,Седан,763573,7,14740
Toyota,RAV4,2011,204449.0,Автомат,Полный,Седан,307071,15,13630
BMW,5 Series,2024,39221.0,Автомат,Полный,Седан,2624609,2,19610
Hyundai,Solaris,2022,97057.0,Автомат,Полный,Хэтчбек,986120,4,24264
Hyundai,Tucson,2013,211230.0,Автомат,Полный,Кроссовер,292328,13,16248
Kia,Sportage,2020,89855.0,Механика,Полный,Кроссовер,988818,6,14976
BMW,3 Series,2009,351974.0,Автомат,Передний,Кроссовер,298096,17,20704
Volkswagen,Golf,2015,124125.0,Автомат,Полный,Седан,341203,11,11284
Hyundai,Santa Fe,2008,258758.0,Механика,Полный,Кроссовер,335612,18,14375
Volkswagen,Tiguan,2010,154731.0,Автомат,Передний,Седан,268880,16,9671
Hyundai,Santa Fe,2019,122087.0,Автомат,Передний,Кроссовер,572061,7,17441
Kia,Ceed,2018,146350.0,Автомат,Полный,Седан,483271,8,18294
Toyota,Land Cruiser,2021,90235.0,Автомат,Передний,Кроссовер,2085313,5,18047
Hyundai,Tucson,2022,55509.0,Автомат,Полный,Кроссовер,1089569,4,13877
Toyota,RAV4,2020,69974.0,Автомат,Передний,Хэтчбек,1689319,6,11662
Toyota,RAV4,2012,224640.0,Автомат,Передний,Седан,340271,14,16046
Toyota,Camry,2022,70393.0,Автомат,Передний,Седан,2155028,4,17598
Toyota,Corolla,2023,58040.0,Автомат,Полный,Хэтчбек,2473036,3,19347
Volkswagen,Tiguan,2019,97132.0,Механика,Полный,Кроссовер,714568,7,13876
Hyundai,Solaris,2016,112458.0,Робот,Передний,Кроссовер,407278,10,11246
Volkswagen,Passat,2017,129449.0,Автомат,Передний,Седан,452948,9,14383
Volkswagen,Tiguan,2016,210786.0,Автомат,Полный,Хэтчбек,262783,10,21079
Volkswagen,Tiguan,2012,357524.0,Автомат,Полный,Хэтчбек,294377,14,25537
BMW,X5,2016,157750.0,Автомат,Полный,Кроссовер,787355,10,15775
Volkswagen,Tiguan,2015,189373.0,Автомат,Задний,Хэтчбек,258202,11,17216
Kia,Sportage,2021,95712.0,Механика,Передний,Седан,974397,5,19142
Volkswagen,Passat,2010,170589.0,Механика,Передний,Седан,280478,16,10662
Volkswagen,Tiguan,2008,114606.0,Робот,Передний,Седан,314468,18,6367
Kia,Optima,2012,217294.0,Механика,Передний,Седан,255230,14,15521
Kia,Ceed,2014,242630.0,Автомат,Полный,Седан,315061,12,20219
Toyota,RAV4,2020,74327.0,Механика,Задний,Кроссовер,1597034,6,12388
Kia,Ceed,2011,154042.0,Автомат,Передний,Кроссовер,282684,15,10269
Toyota,RAV4,2018,127745.0,Автомат,Передний,Седан,1036599,8,15968
Toyota,Corolla,2020,81355.0,Робот,Передний,Кроссовер,1720133,6,13559
Volkswagen,Polo,2017,129081.0,Механика,Передний,Кроссовер,467178,9,14342
Kia,Rio,2015,227554.0,Механика,Передний,Седан,255672,11,20687
Hyundai,Solaris,2021,69854.0,Автомат,Полный,Седан,1114832,5,13971
Kia,Ceed,2011,202671.0,Механика,Полный,Хэтчбек,278227,15,13511
Kia,Optima,2011,322002.0,Механика,Полный,Хэтчбек,261638,15,21467
Toyota,Camry,2009,253761.5,Автомат,Полный,Хэтчбек,340701,17,14927
Volkswagen,Golf,2018,146129.0,Автомат,Передний,Седан,432899,8,18266
Hyundai,Santa Fe,2010,146663.0,Автомат,Полный,Хэтчбек,303448,16,9166
Toyota,Camry,2008,248323.0,Механика,Полный,Седан,286446,18,13796
Hyundai,Tucson,2015,130234.0,Автомат,Передний,Хэтчбек,291316,11,11839
Volkswagen,Polo,2018,119802.0,Автомат,Передний,Хэтчбек,570746,8,14975
Hyundai,Tucson,2019,59935.0,Автомат,Передний,Седан,829782,7,8562
Volkswagen,Passat,2008,275207.0,Механика,Передний,Кроссовер,321446,18,15289
Volkswagen,Polo,2017,122709.0,Робот,Передний,Кроссовер,457463,9,13634
Kia,Ceed,2024,48417.0,Робот,Передний,Седан,1720149,2,24208
BMW,X5,2019,115640.0,Автомат,Передний,Седан,1321098,7,16520
Hyundai,Solaris,2019,95179.0,Робот,Полный,Хэтчбек,651141,7,13597
Toyota,Land Cruiser,2020,39025.0,Автомат,Передний,Кроссовер,1820971,6,6504
Kia,Sportage,2024,20232.0,Механика,Передний,Хэтчбек,1799156,2,10116
BMW,X5,2017,186452.0,Автомат,Полный,Седан,758863,9,20717
Hyundai,Tucson,2020,93210.0,Автомат,Полный,Хэтчбек,878705,6,15535
Hyundai,Solaris,2020,72928.0,Механика,Полный,Кроссовер,824810,6,12155
BMW,5 Series,2017,133601.5,Механика,Передний,Кроссовер,1174853,9,14845
Hyundai,Tucson,2021,95298.0,Автомат,Передний,Кроссовер,1000678,5,19060
Toyota,RAV4,2008,318192.0,Механика,Полный,Седан,311072,18,17677
Hyundai,Santa Fe,2023,46462.0,Механика,Передний,Седан,1237292,3,15487
Toyota,RAV4,2017,133601.5,Автомат,Передний,Седан,1034582,9,14845
Volkswagen,Passat,2010,279832.0,Автомат,Передний,Кроссовер,305817,16,17490
BMW,3 Series,2014,201303.0,Автомат,Полный,Хэтчбек,396601,12,16775
Kia,Sportage,2019,81608.0,Автомат,Полный,Кроссовер,794274,7,11658
BMW,X3,2015,107418.0,Автомат,Полный,Хэтчбек,923344,11,9765
Volkswagen,Passat,2012,230456.0,Автомат,Передний,Седан,286141,14,16461
Toyota,Corolla,2023,41419.0,Автомат,Полный,Седан,2475860,3,13806
BMW,X3,2011,220846.0,Автомат,Передний,Хэтчбек,326037,15,14723
BMW,3 Series,2018,158547.0,Автомат,Передний,Кроссовер,1135897,8,19818
Kia,Optima,2018,102160.0,Автомат,Передний,Хэтчбек,604282,8,12770
Hyundai,Tucson,2008,203512.0,Механика,Передний,Седан,286658,18,11306
Hyundai,Solaris,2022,60330.0,Робот,Передний,Хэтчбек,1351180,4,15082
Hyundai,Santa Fe,2014,194415.0,Автомат,Передний,Кроссовер,296419,12,16201
Kia,Sportage,2020,13073.0,Механика,Передний,Седан,1130455,6,2179
Hyundai,Tucson,2008,355470.0,Автомат,Полный,Седан,315176,18,19748
BMW,3 Series,2015,118970.0,Автомат,Полный,Кроссовер,838494,11,10815
BMW,X5,2017,126125.0,Робот,Полный,Седан,1120101,9,14014
Hyundai,Solaris,2011,226450.0,Механика,Полный,Хэтчбек,274742,15,15097
Toyota,Land Cruiser,2022,55223.0,Автомат,Передний,Седан,2003365,4,13806
Hyundai,Tucson,2010,225661.0,Механика,Передний,Кроссовер,316233,16,14104
Hyundai,Solaris,2024,13327.0,Автомат,Задний,Кроссовер,1683450,2,6664
Kia,Optima,2017,182467.0,Механика,Передний,Кроссовер,343790,9,20274
Hyundai,Tucson,2017,108723.0,Автомат,Передний,Кроссовер,453461,9,12080
Kia,Sportage,2009,319833.0,Автомат,Задний,Хэтчбек,321207,17,18814
Hyundai,Tucson,2016,193735.0,Робот,Задний,Седан,256477,10,19374
Toyota,RAV4,2013,74499.0,Механика,Передний,Хэтчбек,660246,13,5731
Kia,Sportage,2017,172590.0,Механика,Передний,Хэтчбек,279036,9,19177
Volkswagen,Polo,2014,244664.0,Автомат,Передний,Кроссовер,271966,12,20389
Volkswagen,Tiguan,2024,23400.0,Автомат,Полный,Седан,1585620,2,11700
Toyota,Camry,2015,157545.0,Механика,Полный,Седан,734185,11,14322
Hyundai,Santa Fe,2019,95021.0,Автомат,Передний,Седан,737120,7,13574
Volkswagen,Tiguan,2024,30499.0,Автомат,Передний,Седан,1618846,2,15250
BMW,X5,2020,103448.0,Робот,Передний,Седан,1447016,6,17241
Hyundai,Tucson,2024,28450.0,Автомат,Полный,Хэтчбек,1661372,2,14225
Hyundai,Solaris,2018,138711.0,Автомат,Задний,Седан,548828,8,17339
Hyundai,ix35,2021,100929.0,Автомат,Передний,Седан,866455,5,20186
Volkswagen,Polo,2008,246947.0,Автомат,Полный,Седан,333098,18,13719
Volkswagen,Golf,2015,147831.0,Автомат,Полный,Хэтчбек,280640,11,13439
BMW,5 Series,2013,251296.0,Автомат,Передний,Седан,332181,13,19330
Toyota,Corolla,2018,140352.0,Автомат,Передний,Седан,1070092,8,17544
BMW,X3,2012,143457.0,Механика,Передний,Кроссовер,494103,14,10247
BMW,5 Series,2022,29910.0,Автомат,Передний,Хэтчбек,2547530,4,7478
Hyundai,Santa Fe,2013,193130.0,Механика,Передний,Хэтчбек,284176,13,14856
Toyota,Camry,2021,104417.0,Механика,Полный,Кроссовер,1978975,5,20883
Toyota,Camry,2018,83034.0,Механика,Полный,Седан,1405830,8,10379
Volkswagen,Polo,2024,19957.0,Робот,Полный,Хэтчбек,1746087,2,9978
BMW,X5,2012,168533.0,Автомат,Полный,Кроссовер,296919,14,12038
Volkswagen,Polo,2013,200119.0,Механика,Передний,Хэтчбек,295236,13,15394
Toyota,Land Cruiser,2023,35027.0,Автомат,Задний,Кроссовер,2491402,3,11676
Toyota,Camry,2010,242513.0,Механика,Передний,Седан,308732,16,15157
Toyota,Land Cruiser,2016,144928.0,Механика,Передний,Седан,778694,10,14493
Hyundai,Santa Fe,2019,28761.0,Автомат,Задний,Седан,909333,7,4109
Volkswagen,Golf,2009,217729.0,Автомат,Передний,Седан,299301,17,12808
BMW,X3,2022,49298.0,Автомат,Полный,Хэтчбек,2006628,4,12324
Volkswagen,Golf,2009,128873.0,Механика,Передний,Кроссовер,303181,17,7581
Volkswagen,Tiguan,2008,345744.0,Автомат,Полный,Кроссовер,283070,18,19208
Toyota,Corolla,2017,153881.0,Робот,Полный,Седан,1000080,9,17098
Hyundai,Solaris,2018,121031.5,Робот,Передний,Кроссовер,627615,8,15129
Kia,Rio,2012,191376.0,Автомат,Передний,Кроссовер,271787,14,13670
Kia,Rio,2017,105056.0,Автомат,Полный,Хэтчбек,470194,9,11673
Hyundai,ix35,2020,125870.0,Механика,Полный,Хэтчбек,778482,6,20978
Kia,Optima,2017,122065.0,Автомат,Передний,Хэтчбек,507736,9,13563
Hyundai,Tucson,2021,94157.0,Робот,Задний,Хэтчбек,1070905,5,18831
Toyota,Corolla,2020,65374.0,Механика,Передний,Кроссовер,1632784,6,10896
Toyota,RAV4,2023,27655.0,Автомат,Передний,Хэтчбек,2592683,3,9218
BMW,5 Series,2022,68455.0,Механика,Передний,Хэтчбек,1905485,4,17114
BMW,X5,2013,195222.0,Механика,Передний,Седан,392653,13,15017
Hyundai,Santa Fe,2018,160615.0,Механика,Передний,Седан,497460,8,20077
BMW,3 Series,2009,263815.0,Механика,Полный,Хэтчбек,331072,17,15519
Kia,Ceed,2019,41267.0,Автомат,Полный,Седан,976047,7,5895
Volkswagen,Polo,2020,119493.0,Механика,Полный,Седан,672559,6,19916
Volkswagen,Passat,2012,221416.0,Механика,Полный,Седан,278237,14,15815
BMW,X3,2011,233092.0,Автомат,Полный,Седан,300960,15,15539
Hyundai,Tucson,2011,213196.0,Автомат,Задний,Кроссовер,339279,15,14213
Volkswagen,Tiguan,2023,56693.0,Автомат,Полный,Кроссовер,1299919,3,18898
Toyota,Camry,2017,141688.0,Автомат,Задний,Кроссовер,1130829,9,15743
Hyundai,Solaris,2023,52993.0,Автомат,Передний,Хэтчбек,1297571,3,17664
Hyundai,Santa Fe,2015,248538.0,Автомат,Полный,Кроссовер,289227,11,22594
Toyota,Land Cruiser,2008,449653.0,Автомат,Полный,Седан,343312,18,24981
Volkswagen,Passat,2024,35607.0,Автомат,Полный,Хэтчбек,1788195,2,17804
Volkswagen,Tiguan,2019,101545.0,Автомат,Передний,Седан,780510,7,14506
BMW,X3,2014,127451.0,Автомат,Полный,Хэтчбек,670200,12,10621
Kia,Rio,2014,141593.0,Автомат,Передний,Хэтчбек,262292,12,11799
Toyota,RAV4,2022,72983.0,Механика,Полный,Хэтчбек,2044727,4,18246
Volkswagen,Polo,2011,256917.0,Автомат,Передний,Седан,264594,15,17128
BMW,3 Series,2017,134312.0,Робот,Передний,Седан,1097604,9,14924
BMW,3 Series,2023,51759.0,Автомат,Полный,Кроссовер,2346970,3,17253
Toyota,Camry,2024,33963.0,Механика,Полный,Хэтчбек,2823723,2,16982
Hyundai,Solaris,2014,172254.0,Механика,Передний,Кроссовер,328453,12,14354
Hyundai,ix35,2018,103673.0,Робот,Передний,Кроссовер,565721,8,12959
Kia,Optima,2008,288551.0,Автомат,Полный,Седан,293430,18,16031
Volkswagen,Passat,2016,152535.0,Автомат,Полный,Хэтчбек,260953,10,15254
Kia,Sportage,2021,32212.0,Автомат,Полный,Седан,1155926,5,6442
Toyota,Camry,2022,58886.0,Механика,Передний,Кроссовер,2301746,4,14722
Kia,Rio,2012,123592.0,Автомат,Полный,Седан,334712,14,8828
Hyundai,Santa Fe,2012,172836.0,Автомат,Задний,Седан,335120,14,12345
Volkswagen,Golf,2022,58066.0,Автомат,Полный,Кроссовер,1123573,4,14516
BMW,5 Series,2020,73812.0,Механика,Передний,Кроссовер,1558770,6,12302
Toyota,Land Cruiser,2013,165194.0,Автомат,Полный,Кроссовер,423813,13,12707
Toyota,Corolla,2019,82836.0,Робот,Передний,Хэтчбек,1489417,7,11834
BMW,5 Series,2008,114126.0,Робот,Передний,Седан,334408,18,6340
Toyota,Camry,2012,167946.0,Механика,Полный,Кроссовер,370374,14,11996
Toyota,RAV4,2008,376205.0,Механика,Полный,Седан,260233,18,20900
BMW,5 Series,2019,136436.0,Автомат,Полный,Хэтчбек,1414856,7,19491
Volkswagen,Passat,2022,39604.0,Робот,Передний,Хэтчбек,1205845,4,9901
BMW,3 Series,2018,90720.0,Автомат,Передний,Хэтчбек,1494290,8,11340
BMW,5 Series,2023,59772.0,Механика,Задний,Кроссовер,2535856,3,19924
Kia,Sportage,2021,66361.0,Механика,Передний,Хэтчбек,1090901,5,13272
BMW,3 Series,2016,161978.0,Автомат,Передний,Седан,783917,10,16198
Kia,Optima,2013,214685.0,Механика,Передний,Кроссовер,313063,13,16514
Kia,Rio,2021,77772.0,Автомат,Передний,Хэтчбек,1113685,5,15554
Volkswagen,Polo,2012,218149.0,Механика,Передний,Седан,281860,14,15582
Hyundai,Solaris,2012,178440.0,Робот,Полный,Кроссовер,304338,14,12746
Toyota,RAV4,2021,94895.0,Робот,Полный,Хэтчбек,2081550,5,18979
Toyota,Corolla,2017,196305.0,Механика,Полный,Хэтчбек,836238,9,21812
Toyota,Corolla,2009,198525.0,Автомат,Передний,Седан,309624,17,11678
Toyota,Corolla,2013,169525.0,Автомат,Передний,Хэтчбек,483398,13,13040
BMW,5 Series,2023,30725.0,Автомат,Полный,Седан,2706790,3,10242
Kia,Optima,2008,223804.0,Автомат,Полный,Седан,322850,18,12434
Hyundai,Solaris,2008,339228.0,Механика,Полный,Хэтчбек,292304,18,18846
BMW,X3,2008,267079.0,Механика,Передний,Седан,265527,18,14838
Kia,Optima,2020,103919.0,Механика,Передний,Хэтчбек,763892,6,17320
Volkswagen,Tiguan,2010,290294.0,Механика,Передний,Хэтчбек,338287,16,18143
Kia,Sportage,2021,65927.0,Автомат,Задний,Хэтчбек,1171838,5,13185
BMW,5 Series,2008,253862.0,Автомат,Полный,Седан,324175,18,14103
Hyundai,Santa Fe,2024,34493.0,Механика,Передний,Седан,1533986,2,17246
Toyota,Corolla,2023,37119.0,Автомат,Задний,Хэтчбек,2873401,3,12373
Volkswagen,Passat,2021,104958.0,Автомат,Передний,Кроссовер,928666,5,20992
Kia,Sportage,2009,316812.0,Механика,Передний,Хэтчбек,270530,17,18636
Toyota,Corolla,2022,57246.0,Механика,Полный,Седан,2031999,4,14312
Toyota,Corolla,2012,242383.0,Автомат,Передний,Седан,329776,14,17313
Hyundai,Santa Fe,2019,122218.0,Механика,Передний,Седан,719782,7,17460
Kia,Sportage,2018,159227.0,Автомат,Полный,Хэтчбек,433217,8,19903
BMW,3 Series,2011,200716.0,Робот,Передний,Кроссовер,263391,15,13381
Toyota,Camry,2022,54281.0,Автомат,Передний,Седан,2491615,4,13570
Hyundai,ix35,2022,55231.0,Автомат,Полный,Седан,1121528,4,13808
Volkswagen,Passat,2015,72244.0,Автомат,Передний,Седан,454064,11,6568
Hyundai,ix35,2017,149801.0,Автомат,Передний,Хэтчбек,338075,9,16645
Volkswagen,Tiguan,2009,312695.0,Механика,Передний,Кроссовер,332234,17,18394
Hyundai,Solaris,2015,121435.0,Механика,Полный,Хэтчбек,368199,11,11040
Volkswagen,Tiguan,2012,195233.0,Механика,Полный,Хэтчбек,302649,14,13945
Volkswagen,Polo,2012,214119.0,Автомат,Полный,Седан,306389,14,15294
Volkswagen,Polo,2024,12985.0,Механика,Передний,Кроссовер,1822477,2,6492
Kia,Rio,2014,275029.0,Механика,Полный,Хэтчбек,302474,12,22919
Hyundai,Solaris,2024,28511.0,Автомат,Полный,Седан,1723121,2,14256
Volkswagen,Golf,2012,271955.0,Механика,Передний,Кроссовер,323106,14,19425
Toyota,Corolla,2014,68033.0,Автомат,Передний,Хэтчбек,1011510,12,5669
Volkswagen,Golf,2024,45581.0,Механика,Передний,Кроссовер,1709308,2,22790
Kia,Sportage,2016,168942.0,Механика,Передний,Хэтчбек,327931,10,16894
Toyota,Camry,2024,30172.0,Автомат,Передний,Хэтчбек,2670532,2,15086
BMW,X5,2024,27577.0,Автомат,Передний,Кроссовер,2906111,2,13788
Volkswagen,Golf,2024,34835.0,Автомат,Передний,Седан,1704665,2,17418
Hyundai,ix35,2023,54675.0,Робот,Задний,Седан,1245458,3,18225
Kia,Ceed,2019,80207.0,Автомат,Передний,Седан,729494,7,11458
Hyundai,Santa Fe,2011,258375.0,Механика,Полный,Кроссовер,301964,15,17225
BMW,X3,2008,229947.0,Автомат,Задний,Кроссовер,275803,18,12775
Toyota,Camry,2016,172542.0,Автомат,Передний,Седан,872294,10,17254
Hyundai,ix35,2024,34686.0,Робот,Полный,Седан,1557650,2,17343
Hyundai,Santa Fe,2010,301346.0,Автомат,Передний,Хэтчбек,284042,16,18834
Hyundai,Solaris,2013,172423.0,Автомат,Полный,Седан,333968,13,13263
Kia,Rio,2018,162133.0,Механика,Передний,Седан,455163,8,20267
BMW,X3,2010,233128.0,Автомат,Передний,Седан,278294,16,14570
BMW,3 Series,2019,142984.0,Автомат,Полный,Кроссовер,1114561,7,20426
Volkswagen,Tiguan,2010,323704.0,Автомат,Передний,Седан,296265,16,20232
Hyundai,Santa Fe,2023,59355.0,Автомат,Передний,Кроссовер,1512044,3,19785
Kia,Sportage,2011,215578.0,Автомат,Полный,Седан,303618,15,14372
Volkswagen,Polo,2021,114704.0,Автомат,Полный,Хэтчбек,846744,5,22941
Kia,Ceed,2014,270721.0,Автомат,Задний,Кроссовер,316089,12,22560
Volkswagen,Golf,2023,43261.0,Механика,Передний,Седан,1309321,3,14420
Toyota,Corolla,2008,155101.0,Автомат,Полный,Хэтчбек,255738,18,8617
BMW,X5,2012,280857.0,Автомат,Передний,Седан,259465,14,20061
BMW,X3,2019,106939.5,Автомат,Передний,Седан,1508586,7,15277
Volkswagen,Polo,2024,13099.0,Автомат,Передний,Хэтчбек,1765246,2,6550
Kia,Sportage,2023,37958.0,Автомат,Передний,Седан,1278322,3,12653
BMW,3 Series,2008,397117.0,Робот,Передний,Кроссовер,264146,18,22062
Volkswagen,Passat,2023,49091.0,Механика,Передний,Кроссовер,1609505,3,16364
Volkswagen,Tiguan,2023,37564.0,Механика,Передний,Кроссовер,1336884,3,12521
Volkswagen,Polo,2011,308911.0,Автомат,Полный,Хэтчбек,300287,15,20594
Hyundai,Solaris,2018,122512.0,Автомат,Задний,Кроссовер,632452,8,15314
BMW,3 Series,2015,196976.0,Механика,Передний,Седан,471991,11,17907
BMW,3 Series,2016,190569.0,Автомат,Полный,Седан,724797,10,19057
Hyundai,Tucson,2021,85569.0,Автомат,Полный,Кроссовер,1092077,5,17114
BMW,X3,2016,123162.0,Механика,Передний,Кроссовер,869825,10,12316
Volkswagen,Polo,2017,131332.0,Автомат,Полный,Хэтчбек,515155,9,14592
BMW,3 Series,2015,115916.0,Автомат,Полный,Кроссовер,782504,11,10538
Toyota,Camry,2023,30397.0,Механика,Задний,Седан,2628657,3,10132
Hyundai,Solaris,2023,59747.0,Автомат,Передний,Хэтчбек,1481664,3,19916
Volkswagen,Tiguan,2022,73075.0,Автомат,Передний,Хэтчбек,1247547,4,18269
Toyota,RAV4,2023,38590.0,Автомат,Передний,Седан,2140745,3,12863
Volkswagen,Golf,2018,97824.0,Автомат,Полный,Седан,580363,8,12228
BMW,X3,2013,178672.0,Автомат,Полный,Седан,370359,13,13744
BMW,3 Series,2013,202385.0,Робот,Передний,Седан,293745,13,15568
Toyota,Corolla,2008,238351.0,Механика,Полный,Седан,269128,18,13242
BMW,X3,2023,38409.0,Механика,Полный,Кроссовер,2221293,3,12803
Volkswagen,Golf,2014,240972.0,Робот,Полный,Седан,324323,12,20081
Toyota,Corolla,2010,269549.0,Механика,Передний,Седан,304664,16,16847
Kia,Ceed,2019,74571.0,Механика,Передний,Седан,836604,7,10653
Hyundai,ix35,2015,134977.0,Автомат,Передний,Кроссовер,255120,11,12271
Hyundai,Solaris,2019,114924.0,Автомат,Полный,Кроссовер,702195,7,16418
Kia,Sportage,2011,204472.0,Механика,Передний,Седан,314100,15,13631
Hyundai,Solaris,2011,137375.0,Механика,Полный,Седан,337679,15,9158
Volkswagen,Tiguan,2018,87885.0,Механика,Передний,Седан,780112,8,10986
Volkswagen,Tiguan,2021,74480.0,Автомат,Полный,Хэтчбек,1112026,5,14896
Kia,Optima,2008,352808.0,Механика,Передний,Седан,331627,18,19600
Kia,Rio,2015,149992.0,Автомат,Полный,Седан,310550,11,13636
Toyota,Corolla,2011,204801.0,Механика,Передний,Седан,276684,15,13653
Kia,Ceed,2020,97753.0,Автомат,Полный,Седан,801332,6,16292
Kia,Optima,2012,152728.0,Автомат,Полный,Кроссовер,309850,14,10909
Volkswagen,Polo,2010,253825.0,Механика,Передний,Кроссовер,302389,16,15864
BMW,X5,2017,126996.0,Механика,Полный,Хэтчбек,906062,9,14111
BMW,X5,2014,259831.0,Автомат,Передний,Кроссовер,330716,12,21653
BMW,3 Series,2016,183507.0,Автомат,Передний,Хэтчбек,624839,10,18351
Hyundai,Tucson,2013,244905.0,Автомат,Задний,Кроссовер,332888,13,18839
Hyundai,Santa Fe,2016,114884.0,Автомат,Полный,Седан,472639,10,11488
Volkswagen,Golf,2011,293753.0,Робот,Полный,Кроссовер,316491,15,19584
Kia,Sportage,2021,87140.0,Автомат,Полный,Хэтчбек,1006288,5,17428
BMW,X5,2023,34599.0,Автомат,Передний,Седан,2648181,3,11533
Toyota,Corolla,2019,83498.0,Автомат,Задний,Хэтчбек,1294355,7,11928
Toyota,Camry,2024,30172.0,Робот,Полный,Седан,2546880,2,15086
Hyundai,Solaris,2024,28972.0,Автомат,Полный,Кроссовер,1711974,2,14486
BMW,5 Series,2013,117342.0,Механика,Полный,Седан,596315,13,9026
Volkswagen,Passat,2011,201429.0,Механика,Полный,Кроссовер,261979,15,13429
Kia,Ceed,2019,93958.0,Механика,Полный,Седан,849908,7,13423
BMW,X3,2012,189643.0,Механика,Передний,Седан,338912,14,13546
BMW,5 Series,2011,275623.0,Автомат,Полный,Хэтчбек,321357,15,18375
Kia,Sportage,2009,162975.0,Автомат,Полный,Кроссовер,344499,17,9587
Toyota,Land Cruiser,2008,298690.0,Механика,Задний,Седан,299627,18,16594
Toyota,Land Cruiser,2014,169147.0,Автомат,Передний,Кроссовер,497126,12,14096
Toyota,Camry,2017,156137.0,Механика,Передний,Кроссовер,1019999,9,17349
Hyundai,Tucson,2010,235260.0,Механика,Полный,Седан,298629,16,14704
Toyota,Corolla,2016,205295.0,Механика,Передний,Седан,647400,10,20530
Hyundai,Solaris,2015,151638.0,Механика,Полный,Хэтчбек,304427,11,13785
BMW,5 Series,2019,108829.0,Механика,Полный,Хэтчбек,1341340,7,15547
BMW,X3,2024,42243.0,Автомат,Полный,Хэтчбек,3068454,2,21122
BMW,5 Series,2024,40116.0,Автомат,Передний,Кроссовер,2916333,2,20058
Hyundai,Tucson,2009,253167.0,Автомат,Передний,Кроссовер,292247,17,14892
Toyota,Camry,2014,213142.0,Автомат,Передний,Кроссовер,338457,12,17762
Hyundai,Santa Fe,2019,144210.0,Автомат,Передний,Седан,572279,7,20601
Hyundai,Tucson,2010,237882.0,Механика,Передний,Седан,320762,16,14868
Toyota,Camry,2011,258967.0,Автомат,Передний,Хэтчбек,323247,15,17264
Kia,Optima,2014,130176.0,Механика,Передний,Кроссовер,341953,12,10848
Volkswagen,Passat,2009,346485.0,Робот,Полный,Кроссовер,292959,17,20381
Toyota,Camry,2017,170686.0,Автомат,Полный,Кроссовер,934512,9,18965
Volkswagen,Tiguan,2008,287215.0,Робот,Передний,Хэтчбек,333134,18,15956
Hyundai,ix35,2021,44903.0,Механика,Полный,Хэтчбек,1099200,5,8981
BMW,X5,2018,93551.0,Механика,Передний,Хэтчбек,1311056,8,11694
Volkswagen,Passat,2015,208136.0,Автомат,Полный,Кроссовер,275642,11,18921
BMW,X3,2015,79702.0,Автомат,Передний,Седан,937097,11,7246
Toyota,Corolla,2019,99762.0,Робот,Передний,Кроссовер,1423861,7,14252
Hyundai,Tucson,2020,56969.0,Робот,Передний,Хэтчбек,954385,6,9495
Volkswagen,Polo,2016,111049.0,Автомат,Полный,Седан,495615,10,11105
Hyundai,Solaris,2024,31248.0,Механика,Задний,Хэтчбек,1840001,2,15624
Kia,Rio,2015,255675.0,Механика,Задний,Кроссовер,266491,11,23243
Toyota,RAV4,2014,166880.0,Автомат,Передний,Хэтчбек,478374,12,13907
Hyundai,ix35,2015,170002.0,Автомат,Полный,Хэтчбек,276457,11,15455
Kia,Ceed,2017,160093.0,Механика,Полный,Кроссовер,356899,9,17788
Kia,Ceed,2015,154641.0,Автомат,Передний,Кроссовер,297415,11,14058
BMW,5 Series,2019,91356.0,Автомат,Полный,Хэтчбек,1406874,7,13051
Toyota,Camry,2016,170447.0,Автомат,Передний,Хэтчбек,735398,10,17045
Toyota,Land Cruiser,2020,113328.0,Автомат,Полный,Кроссовер,1527360,6,18888
Volkswagen,Polo,2009,299940.0,Механика,Задний,Седан,268137,17,17644
Toyota,Camry,2023,28961.0,Автомат,Передний,Кроссовер,2482063,3,9654
Toyota,Corolla,2019,106788.0,Автомат,Передний,Хэтчбек,1259758,7,15255
BMW,X5,2015,240930.0,Автомат,Передний,Седан,347407,11,21903
Toyota,Corolla,2010,67666.0,Автомат,Полный,Хэтчбек,569718,16,4229
BMW,3 Series,2019,152205.0,Автомат,Полный,Кроссовер,1340373,7,21744
Kia,Ceed,2018,168875.0,Автомат,Передний,Седан,457712,8,21109
Volkswagen,Tiguan,2015,63460.0,Автомат,Полный,Седан,512503,11,5769
Toyota,RAV4,2013,137646.0,Автомат,Полный,Кроссовер,477552,13,10588
Kia,Ceed,2014,115336.0,Автомат,Передний,Седан,262980,12,9611
Volkswagen,Golf,2022,60835.0,Автомат,Полный,Кроссовер,1082729,4,15209
BMW,X3,2024,30172.0,Робот,Задний,Кроссовер,3031946,2,15086
BMW,X3,2018,112133.0,Робот,Передний,Хэтчбек,1085005,8,14017
Volkswagen,Polo,2011,278109.0,Автомат,Полный,Кроссовер,292187,15,18541
BMW,X3,2023,18780.0,Автомат,Полный,Кроссовер,2658079,3,6260
Toyota,Camry,2017,133601.5,Автомат,Полный,Хэтчбек,956010,9,14845
Volkswagen,Polo,2014,181325.0,Автомат,Передний,Кроссовер,304990,12,15110
Volkswagen,Passat,2019,84577.0,Механика,Полный,Хэтчбек,823660,7,12082
Kia,Sportage,2023,45079.0,Механика,Передний,Кроссовер,1322297,3,15026
Volkswagen,Golf,2009,343261.0,Автомат,Полный,Хэтчбек,265427,17,20192
Toyota,Camry,2016,161398.0,Автомат,Передний,Седан,731452,10,16140
Hyundai,ix35,2021,28667.0,Механика,Передний,Хэтчбек,1138207,5,5733
BMW,3 Series,2021,92389.0,Механика,Передний,Седан,1990872,5,18478
Volkswagen,Tiguan,2019,88612.0,Механика,Полный,Седан,730870,7,12659
Kia,Rio,2014,115062.0,Робот,Полный,Седан,276074,12,9588
Volkswagen,Polo,2010,272804.0,Автомат,Полный,Кроссовер,272765,16,17050
Toyota,RAV4,2009,259056.0,Механика,Задний,Кроссовер,303933,17,15239
Volkswagen,Polo,2021,78831.0,Автомат,Передний,Седан,1111407,5,15766
Toyota,Corolla,2013,271182.0,Механика,Задний,Хэтчбек,341037,13,20860
BMW,5 Series,2014,97359.0,Автомат,Передний,Седан,797364,12,8113
Toyota,Corolla,2016,129016.0,Робот,Полный,Кроссовер,939615,10,12902
Volkswagen,Polo,2023,61802.0,Механика,Полный,Хэтчбек,1540727,3,20601
BMW,X3,2011,135567.0,Автомат,Передний,Кроссовер,396250,15,9038
Kia,Optima,2009,186101.0,Робот,Полный,Седан,295824,17,10947
Hyundai,Tucson,2012,191955.0,Механика,Полный,Хэтчбек,259625,14,13711
Volkswagen,Tiguan,2019,98002.0,Автомат,Передний,Хэтчбек,780347,7,14000
Volkswagen,Passat,2022,64379.0,Механика,Полный,Кроссовер,1399289,4,16095
Volkswagen,Golf,2017,95230.0,Автомат,Передний,Седан,497895,9,10581
Volkswagen,Passat,2021,86265.0,Автомат,Полный,Кроссовер,1136508,5,17253
Kia,Sportage,2012,275297.0,Автомат,Передний,Хэтчбек,260732,14,19664
Kia,Sportage,2024,43290.0,Автомат,Передний,Седан,1595462,2,21645
Kia,Rio,2015,174261.0,Автомат,Передний,Кроссовер,313852,11,15842
Toyota,Land Cruiser,2015,123211.0,Автомат,Передний,Кроссовер,888123,11,11201
BMW,X5,2015,204305.0,Автомат,Полный,Седан,520427,11,18573
Toyota,Camry,2015,162122.0,Автомат,Полный,Хэтчбек,709171,11,14738
BMW,X3,2018,131348.0,Автомат,Полный,Хэтчбек,1143426,8,16418
Hyundai,Santa Fe,2019,179169.0,Механика,Полный,Кроссовер,536496,7,25596
Kia,Ceed,2021,49558.0,Робот,Передний,Хэтчбек,1193524,5,9912
Kia,Rio,2008,322400.0,Автомат,Передний,Хэтчбек,288958,18,17911
Kia,Rio,2021,90640.0,Механика,Передний,Хэтчбек,950813,5,18128
Toyota,RAV4,2010,208884.0,Механика,Передний,Хэтчбек,295219,16,13055
Kia,Rio,2015,195838.0,Механика,Задний,Седан,284521,11,17803
Kia,Ceed,2019,106996.0,Автомат,Передний,Кроссовер,674174,7,15285
Toyota,RAV4,2011,312372.0,Автомат,Передний,Хэтчбек,260630,15,20825
Hyundai,Tucson,2022,58886.0,Механика,Задний,Седан,1169122,4,14722
Volkswagen,Polo,2015,205679.0,Автомат,Полный,Кроссовер,296832,11,18698
Hyundai,Tucson,2014,124712.0,Автомат,Полный,Кроссовер,332037,12,10393
Toyota,Corolla,2013,158045.0,Автомат,Полный,Кроссовер,494855,13,12157
Volkswagen,Polo,2018,129307.0,Автомат,Передний,Кроссовер,550374,8,16163
BMW,5 Series,2014,172743.0,Автомат,Полный,Седан,544585,12,14395
Volkswagen,Passat,2010,321140.0,Механика,Полный,Седан,282044,16,20071
Toyota,Land Cruiser,2020,91623.0,Автомат,Передний,Кроссовер,1642043,6,15270
Volkswagen,Passat,2020,89383.0,Автомат,Полный,Хэтчбек,972741,6,14897
Toyota,Land Cruiser,2015,313484.0,Робот,Полный,Кроссовер,285983,11,28499
Kia,Ceed,2024,30172.0,Механика,Полный,Кроссовер,1824189,2,15086
Toyota,RAV4,2016,153352.0,Механика,Передний,Седан,747044,10,15335
BMW,X3,2017,95986.0,Механика,Передний,Седан,1030747,9,10665
Hyundai,ix35,2021,71329.0,Автомат,Передний,Седан,1018932,5,14266
Hyundai,ix35,2018,110559.0,Робот,Полный,Кроссовер,632383,8,13820
Toyota,Corolla,2022,84117.0,Автомат,Передний,Кроссовер,2312391,4,21029
BMW,X3,2018,91282.0,Автомат,Полный,Хэтчбек,1198215,8,11410
Volkswagen,Golf,2023,25757.0,Автомат,Полный,Седан,1469238,3,8586
Kia,Sportage,2024,33517.0,Автомат,Полный,Седан,1471462,2,16758
Hyundai,Santa Fe,2016,142054.0,Механика,Передний,Седан,332753,10,14205
Hyundai,ix35,2011,308146.0,Автомат,Передний,Хэтчбек,263772,15,20543
Toyota,Land Cruiser,2016,132954.0,Автомат,Передний,Седан,850041,10,13295
BMW,3 Series,2012,180873.0,Автомат,Полный,Кроссовер,289768,14,12920
Volkswagen,Polo,2022,76664.0,Автомат,Задний,Кроссовер,1079792,4,19166
Toyota,Land Cruiser,2014,152474.0,Механика,Задний,Кроссовер,608146,12,12706
Hyundai,Solaris,2021,76004.0,Автомат,Передний,Хэтчбек,1003385,5,15201
Kia,Optima,2008,161674.0,Автомат,Полный,Хэтчбек,264139,18,8982
BMW,X3,2018,157443.0,Автомат,Полный,Седан,1027132,8,19680
Hyundai,ix35,2020,89960.0,Автомат,Передний,Кроссовер,983876,6,14993
BMW,5 Series,2024,26393.0,Механика,Полный,Хэтчбек,2661650,2,13196
Kia,Rio,2020,70627.0,Автомат,Полный,Хэтчбек,972909,6,11771
Hyundai,ix35,2024,32304.0,Автомат,Полный,Хэтчбек,1800543,2,16152
Hyundai,Santa Fe,2022,73216.0,Автомат,Полный,Кроссовер,1218446,4,18304
Hyundai,ix35,2015,157404.0,Автомат,Передний,Кроссовер,310561,11,14309
Hyundai,Santa Fe,2009,311430.0,Автомат,Задний,Седан,305684,17,18319
Kia,Rio,2020,69673.0,Механика,Передний,Кроссовер,1015732,6,11612
Kia,Sportage,2011,299292.0,Автомат,Передний,Седан,267020,15,19953
Hyundai,Tucson,2014,149620.0,Робот,Передний,Хэтчбек,287004,12,12468
BMW,5 Series,2021,57181.0,Механика,Передний,Кроссовер,1768030,5,11436
Volkswagen,Polo,2009,381743.0,Автомат,Полный,Кроссовер,341364,17,22455
Toyota,Camry,2015,145806.0,Автомат,Полный,Кроссовер,734561,11,13255
Volkswagen,Golf,2009,250276.0,Автомат,Передний,Седан,311856,17,14722
Kia,Rio,2013,132032.0,Автомат,Полный,Кроссовер,278517,13,10156
BMW,X3,2019,120648.0,Автомат,Полный,Кроссовер,1483631,7,17235
Toyota,Camry,2021,74254.0,Автомат,Передний,Хэтчбек,2161199,5,14851
Volkswagen,Golf,2017,202982.0,Механика,Полный,Кроссовер,329895,9,22554
Kia,Optima,2017,181868.0,Автомат,Полный,Кроссовер,268627,9,20208
BMW,X3,2018,77616.0,Автомат,Передний,Хэтчбек,1559151,8,9702
Kia,Ceed,2018,121031.5,Автомат,Передний,Кроссовер,590111,8,15129
BMW,3 Series,2023,44212.0,Автомат,Передний,Седан,2390489,3,14737
Toyota,Corolla,2015,168617.0,Автомат,Передний,Кроссовер,589113,11,15329
Hyundai,Santa Fe,2019,108292.0,Механика,Передний,Хэтчбек,687483,7,15470
Hyundai,Tucson,2011,153642.0,Механика,Полный,Кроссовер,264729,15,10243
Hyundai,Santa Fe,2017,184086.0,Механика,Полный,Седан,286282,9,20454
Kia,Sportage,2020,112339.0,Автомат,Передний,Хэтчбек,870194,6,18723
Toyota,RAV4,2023,71579.0,Механика,Задний,Хэтчбек,2352068,3,23860
Volkswagen,Tiguan,2015,199817.0,Механика,Задний,Кроссовер,315172,11,18165
BMW,5 Series,2020,68364.0,Механика,Полный,Хэтчбек,1637351,6,11394
Toyota,Corolla,2009,289700.0,Автомат,Полный,Кроссовер,307312,17,17041
Hyundai,Tucson,2012,139796.0,Механика,Полный,Седан,337775,14,9985
Volkswagen,Tiguan,2023,57156.0,Механика,Полный,Хэтчбек,1251154,3,19052
BMW,5 Series,2014,187102.0,Автомат,Полный,Кроссовер,446879,12,15592
Hyundai,Tucson,2011,139190.0,Автомат,Передний,Седан,331008,15,9279
BMW,X5,2011,254362.0,Автомат,Передний,Кроссовер,269543,15,16957
Hyundai,Tucson,2014,124880.0,Автомат,Полный,Кроссовер,307428,12,10407
Volkswagen,Passat,2014,234403.0,Механика,Передний,Хэтчбек,255247,12,19534
BMW,X3,2012,227198.0,Автомат,Передний,Кроссовер,270744,14,16228
Volkswagen,Golf,2020,95618.0,Автомат,Полный,Седан,940538,6,15936
Volkswagen,Tiguan,2009,292699.0,Робот,Полный,Седан,343767,17,17218
Hyundai,ix35,2019,50561.0,Автомат,Передний,Седан,1005008,7,7223
Hyundai,Tucson,2012,230480.0,Автомат,Передний,Кроссовер,270352,14,16463
BMW,3 Series,2023,36580.0,Автомат,Передний,Седан,2198383,3,12193
BMW,5 Series,2009,241866.0,Автомат,Полный,Кроссовер,281872,17,14227
Kia,Ceed,2021,60735.0,Автомат,Передний,Хэтчбек,1108616,5,12147
Kia,Optima,2018,166580.0,Автомат,Передний,Седан,476598,8,20822
Hyundai,Solaris,2009,117895.0,Механика,Задний,Кроссовер,343643,17,6935
Volkswagen,Golf,2024,33074.0,Автомат,Передний,Седан,1537675,2,16537
Hyundai,ix35,2024,37820.0,Автомат,Задний,Кроссовер,1524799,2,18910
Hyundai,Tucson,2014,150458.0,Автомат,Задний,Хэтчбек,283178,12,12538
Hyundai,Tucson,2012,157610.0,Автомат,Полный,Кроссовер,337577,14,11258
Volkswagen,Passat,2018,151518.0,Автомат,Передний,Хэтчбек,414125,8,18940
Kia,Ceed,2016,175494.0,Автомат,Полный,Кроссовер,259011,10,17549
BMW,5 Series,2021,81526.0,Автомат,Передний,Кроссовер,1618874,5,16305
Volkswagen,Golf,2016,130888.0,Робот,Передний,Хэтчбек,393465,10,13089
Kia,Rio,2017,123649.0,Робот,Передний,Хэтчбек,516134,9,13739
Kia,Ceed,2017,116898.0,Автомат,Передний,Кроссовер,468188,9,12989
Toyota,Camry,2018,103764.0,Автомат,Передний,Кроссовер,1470075,8,12970
Kia,Optima,2021,72915.0,Автомат,Полный,Хэтчбек,1068101,5,14583
Hyundai,Tucson,2008,276539.0,Механика,Передний,Кроссовер,320641,18,15363
Hyundai,Santa Fe,2020,128916.0,Автомат,Передний,Хэтчбек,700956,6,21486
Hyundai,ix35,2024,21491.0,Автомат,Полный,Хэтчбек,1453472,2,10746
Toyota,RAV4,2015,196667.0,Автомат,Передний,Хэтчбек,615641,11,17879
Volkswagen,Golf,2023,44791.0,Автомат,Полный,Седан,1599442,3,14930
Volkswagen,Golf,2008,264776.0,Автомат,Полный,Хэтчбек,326812,18,14710
Toyota,RAV4,2011,204528.0,Автомат,Полный,Кроссовер,284077,15,13635
Hyundai,ix35,2015,206821.0,Механика,Передний,Хэтчбек,267101,11,18802
Toyota,Corolla,2010,277934.0,Автомат,Передний,Кроссовер,261084,16,17371
BMW,X5,2008,226600.0,Автомат,Передний,Седан,328195,18,12589
Kia,Ceed,2024,28620.0,Автомат,Передний,Седан,1474223,2,14310
Kia,Sportage,2018,142185.0,Автомат,Передний,Седан,453117,8,17773
Volkswagen,Golf,2024,18144.0,Автомат,Задний,Седан,1873351,2,9072
Toyota,RAV4,2019,55269.0,Механика,Передний,Кроссовер,1372942,7,7896
BMW,X3,2010,289606.0,Автомат,Передний,Седан,337331,16,18100
Volkswagen,Tiguan,2017,133601.5,Автомат,Передний,Хэтчбек,445001,9,14845
Hyundai,Tucson,2011,121717.0,Автомат,Полный,Седан,308785,15,8114
Toyota,Camry,2016,159867.0,Автомат,Полный,Кроссовер,877621,10,15987
Hyundai,Tucson,2012,193754.0,Робот,Полный,Седан,327521,14,13840
Hyundai,Santa Fe,2012,166526.0,Автомат,Передний,Хэтчбек,306870,14,11895
Toyota,Corolla,2014,157288.0,Автомат,Передний,Седан,518285,12,13107
Toyota,Land Cruiser,2013,162576.0,Автомат,Полный,Седан,504083,13,12506
BMW,X3,2009,335985.0,Робот,Передний,Хэтчбек,293477,17,19764
Toyota,Camry,2011,256245.0,Автомат,Передний,Хэтчбек,261416,15,17083
Kia,Rio,2016,179298.0,Механика,Полный,Кроссовер,284156,10,17930
Volkswagen,Tiguan,2022,65074.0,Автомат,Полный,Седан,1073452,4,16268
Kia,Optima,2008,296050.0,Механика,Полный,Хэтчбек,324278,18,16447
Hyundai,Tucson,2022,52232.0,Автомат,Полный,Седан,1394763,4,13058
Volkswagen,Tiguan,2011,227046.0,Робот,Передний,Хэтчбек,291930,15,15136
Volkswagen,Polo,2015,149608.0,Автомат,Задний,Кроссовер,258963,11,13601
Hyundai,Santa Fe,2012,209878.0,Механика,Передний,Седан,327256,14,14991
Volkswagen,Tiguan,2014,191259.0,Автомат,Полный,Хэтчбек,315026,12,15938
Volkswagen,Polo,2015,134586.0,Механика,Передний,Хэтчбек,276708,11,12235
Volkswagen,Golf,2022,62359.0,Автомат,Полный,Седан,1257274,4,15590
Toyota,RAV4,2019,109182.0,Механика,Передний,Хэтчбек,1459147,7,15597
Toyota,Corolla,2018,127053.0,Механика,Полный,Седан,1325551,8,15882
Kia,Ceed,2022,77145.0,Автомат,Передний,Хэтчбек,1220530,4,19286
Hyundai,Tucson,2017,166975.0,Механика,Передний,Седан,326027,9,18553
Hyundai,Santa Fe,2024,32073.0,Автомат,Полный,Седан,1473381,2,16036
Kia,Ceed,2013,128231.0,Автомат,Задний,Седан,280048,13,9864
BMW,X5,2022,47411.0,Робот,Передний,Кроссовер,2402929,4,11853
Toyota,RAV4,2017,188017.0,Автомат,Полный,Седан,798353,9,20891
Volkswagen,Golf,2017,87372.0,Автомат,Передний,Кроссовер,658152,9,9708
Toyota,Land Cruiser,2008,173636.0,Автомат,Полный,Хэтчбек,293683,18,9646
Hyundai,Tucson,2023,26990.0,Автомат,Полный,Кроссовер,1682831,3,8997
BMW,3 Series,2019,78882.0,Механика,Передний,Седан,1325908,7,11269
Volkswagen,Golf,2020,91515.0,Автомат,Полный,Хэтчбек,971294,6,15252
Kia,Optima,2024,33364.0,Автомат,Передний,Седан,1550768,2,16682
BMW,X5,2012,125358.0,Робот,Передний,Седан,568373,14,8954
Toyota,Corolla,2021,73788.0,Автомат,Передний,Хэтчбек,1947059,5,14758
Volkswagen,Passat,2020,89542.0,Механика,Полный,Хэтчбек,819232,6,14924
Kia,Sportage,2011,209592.0,Автомат,Передний,Кроссовер,319134,15,13973
Toyota,Camry,2014,306160.0,Автомат,Передний,Хэтчбек,317521,12,25513
Hyundai,ix35,2013,168208.0,Автомат,Передний,Хэтчбек,344022,13,12939
BMW,3 Series,2024,42130.0,Робот,Передний,Хэтчбек,2501057,2,21065
Kia,Rio,2019,90192.0,Автомат,Полный,Седан,734247,7,12885
Hyundai,ix35,2023,42276.0,Механика,Передний,Седан,1258607,3,14092
Hyundai,Santa Fe,2009,331597.0,Автомат,Полный,Кроссовер,339918,17,19506
Kia,Rio,2015,189871.0,Автомат,Полный,Кроссовер,297602,11,17261
Toyota,Corolla,2017,133601.5,Механика,Полный,Хэтчбек,998631,9,14845
Kia,Rio,2009,263233.0,Автомат,Передний,Кроссовер,340524,17,15484
BMW,5 Series,2017,140438.0,Механика,Задний,Седан,985926,9,15604
Volkswagen,Polo,2009,310891.0,Механика,Полный,Кроссовер,255196,17,18288
Toyota,Corolla,2018,97002.0,Автомат,Передний,Седан,1442721,8,12125
Hyundai,ix35,2020,75090.0,Автомат,Передний,Хэтчбек,842689,6,12515
Volkswagen,Golf,2018,97623.0,Механика,Задний,Хэтчбек,667736,8,12203
Volkswagen,Tiguan,2022,64518.0,Автомат,Полный,Седан,1197764,4,16130
Toyota,Corolla,2023,43384.0,Автомат,Полный,Кроссовер,2617172,3,14461
BMW,X3,2009,271844.0,Автомат,Полный,Седан,257339,17,15991
BMW,X3,2024,34305.0,Механика,Передний,Седан,2490254,2,17152
Hyundai,Solaris,2016,206346.0,Автомат,Полный,Кроссовер,309620,10,20635
Volkswagen,Tiguan,2014,203284.0,Робот,Полный,Седан,260930,12,16940
BMW,3 Series,2019,99109.0,Автомат,Передний,Седан,1560711,7,14158
Volkswagen,Passat,2022,46094.0,Автомат,Передний,Хэтчбек,1309612,4,11524
Kia,Ceed,2020,96918.0,Робот,Полный,Кроссовер,743308,6,16153
Toyota,Camry,2012,264360.0,Робот,Полный,Кроссовер,319348,14,18883
Toyota,RAV4,2018,159901.0,Автомат,Передний,Хэтчбек,1015892,8,19988
Hyundai,Santa Fe,2012,342136.0,Автомат,Передний,Хэтчбек,260891,14,24438
Volkswagen,Passat,2013,231576.0,Автомат,Полный,Хэтчбек,311002,13,17814
BMW,3 Series,2008,147115.0,Автомат,Задний,Хэтчбек,339633,18,8173
Hyundai,Tucson,2015,156607.0,Автомат,Передний,Кроссовер,330368,11,14237
Hyundai,Solaris,2017,167024.0,Автомат,Передний,Кроссовер,302284,9,18558
Kia,Ceed,2016,124136.0,Автомат,Передний,Хэтчбек,402066,10,12414
Hyundai,Solaris,2022,85276.0,Механика,Передний,Кроссовер,1260954,4,21319
Hyundai,Santa Fe,2009,264554.0,Автомат,Передний,Кроссовер,329002,17,15562
Volkswagen,Polo,2022,41662.0,Автомат,Полный,Хэтчбек,1505329,4,10416
Volkswagen,Polo,2010,336336.0,Автомат,Передний,Седан,311403,16,21021
Volkswagen,Polo,2021,48320.0,Механика,Полный,Хэтчбек,1177167,5,9664
Volkswagen,Passat,2019,120218.0,Автомат,Передний,Седан,692625,7,17174
Toyota,Land Cruiser,2011,253044.0,Автомат,Передний,Хэтчбек,328254,15,16870
Kia,Rio,2019,109286.0,Автомат,Передний,Седан,669664,7,15612
Kia,Ceed,2011,95368.0,Автомат,Передний,Кроссовер,291439,15,6358
Toyota,Camry,2013,156258.0,Механика,Передний,Седан,479897,13,12020
Volkswagen,Polo,2016,140190.0,Автомат,Передний,Седан,352889,10,14019
Volkswagen,Polo,2013,182017.0,Автомат,Передний,Седан,300210,13,14001
Toyota,Corolla,2024,27972.0,Автомат,Передний,Седан,3194948,2,13986
Hyundai,ix35,2024,24200.0,Автомат,Полный,Седан,1687594,2,12100
BMW,X3,2018,115510.0,Механика,Передний,Хэтчбек,1325881,8,14439
Toyota,Corolla,2013,154708.0,Механика,Задний,Кроссовер,557708,13,11901
BMW,5 Series,2021,74946.0,Механика,Полный,Хэтчбек,1761470,5,14989
BMW,3 Series,2011,219588.0,Автомат,Полный,Хэтчбек,328564,15,14639
Volkswagen,Passat,2012,318411.0,Автомат,Передний,Кроссовер,269691,14,22744
BMW,5 Series,2020,57416.0,Механика,Задний,Кроссовер,1609858,6,9569
Hyundai,ix35,2021,48055.0,Автомат,Передний,Кроссовер,1211435,5,9611
Hyundai,Santa Fe,2024,29680.0,Механика,Передний,Кроссовер,1486485,2,14840
Hyundai,Tucson,2012,220321.0,Автомат,Полный,Хэтчбек,277171,14,15737
Toyota,RAV4,2023,46386.0,Механика,Полный,Седан,2186892,3,15462
BMW,5 Series,2016,220789.0,Робот,Передний,Кроссовер,572231,10,22079
Kia,Ceed,2022,55523.0,Механика,Передний,Седан,1412473,4,13881
Kia,Rio,2012,187929.0,Автомат,Полный,Кроссовер,323093,14,13424
BMW,X3,2016,148872.0,Механика,Передний,Кроссовер,768934,10,14887
Hyundai,Tucson,2009,212813.0,Робот,Полный,Хэтчбек,343924,17,12518
Volkswagen,Passat,2024,40058.0,Автомат,Полный,Седан,1480701,2,20029
BMW,X3,2011,192128.0,Автомат,Задний,Седан,293272,15,12809
Kia,Optima,2012,271633.0,Автомат,Передний,Седан,332425,14,19402
BMW,3 Series,2016,89715.0,Автомат,Передний,Кроссовер,1092598,10,8972
Hyundai,Solaris,2008,237284.0,Автомат,Полный,Кроссовер,277242,18,13182
Toyota,Corolla,2010,215069.0,Механика,Полный,Кроссовер,342323,16,13442
Toyota,Land Cruiser,2011,179971.0,Механика,Полный,Седан,264366,15,11998
Toyota,RAV4,2017,155037.0,Автомат,Передний,Кроссовер,956888,9,17226
Hyundai,Santa Fe,2015,201162.0,Автомат,Полный,Хэтчбек,317378,11,18287
BMW,5 Series,2023,45997.0,Автомат,Передний,Хэтчбек,2834963,3,15332
Toyota,Corolla,2012,207304.0,Автомат,Передний,Седан,334331,14,14807
Hyundai,ix35,2011,206501.0,Автомат,Задний,Седан,265198,15,13767
BMW,3 Series,2021,106533.0,Автомат,Полный,Хэтчбек,1814484,5,21307
Volkswagen,Passat,2012,228750.0,Механика,Передний,Седан,283358,14,16339
Toyota,Land Cruiser,2014,159034.0,Механика,Передний,Кроссовер,561763,12,13253
Kia,Ceed,2015,105181.0,Автомат,Передний,Хэтчбек,329842,11,9562
Kia,Ceed,2010,212223.0,Механика,Передний,Седан,321657,16,13264
Hyundai,Solaris,2010,279845.0,Автомат,Передний,Кроссовер,274536,16,17490
Kia,Optima,2016,150631.0,Автомат,Передний,Седан,293048,10,15063
Volkswagen,Golf,2022,47978.0,Механика,Полный,Седан,1241691,4,11994
BMW,3 Series,2022,40584.0,Автомат,Передний,Седан,2349423,4,10146
Kia,Ceed,2011,250677.0,Механика,Передний,Хэтчбек,299376,15,16712
Toyota,Land Cruiser,2015,129427.0,Автомат,Передний,Кроссовер,840505,11,11766
Volkswagen,Polo,2017,154204.0,Автомат,Передний,Кроссовер,418021,9,17134
Toyota,RAV4,2017,97398.0,Автомат,Передний,Кроссовер,1251506,9,10822
BMW,3 Series,2009,210596.0,Робот,Задний,Седан,323819,17,12388
Toyota,Land Cruiser,2008,261635.0,Автомат,Передний,Хэтчбек,306888,18,14535
BMW,X5,2014,215814.0,Механика,Полный,Кроссовер,376775,12,17984
Hyundai,Santa Fe,2014,202580.0,Механика,Передний,Кроссовер,314536,12,16882
Volkswagen,Passat,2013,229535.0,Механика,Полный,Седан,308359,13,17657
Toyota,Camry,2011,240101.0,Автомат,Задний,Хэтчбек,274474,15,16007
Kia,Ceed,2013,182852.0,Механика,Передний,Седан,268139,13,14066
Toyota,RAV4,2023,25910.0,Механика,Полный,Кроссовер,2552057,3,8637
Kia,Ceed,2015,176452.0,Робот,Полный,Кроссовер,287554,11,16041
Volkswagen,Tiguan,2021,49654.0,Механика,Передний,Кроссовер,984539,5,9931
Volkswagen,Polo,2023,65647.0,Робот,Передний,Хэтчбек,1254435,3,21882
BMW,3 Series,2014,147480.0,Механика,Передний,Кроссовер,630409,12,12290
Hyundai,Santa Fe,2009,221681.0,Механика,Передний,Седан,322303,17,13040
Kia,Optima,2014,105033.0,Механика,Передний,Хэтчбек,312900,12,8753
Toyota,RAV4,2011,382019.0,Автомат,Полный,Седан,257886,15,25468
BMW,3 Series,2008,317861.0,Автомат,Передний,Седан,320121,18,17659
Volkswagen,Golf,2020,103187.0,Автомат,Полный,Хэтчбек,847948,6,17198
BMW,X3,2014,212925.0,Механика,Передний,Седан,348818,12,17744
Kia,Ceed,2022,48525.0,Механика,Полный,Седан,1210343,4,12131
Toyota,Camry,2010,353280.0,Механика,Передний,Кроссовер,294387,16,22080
Hyundai,Tucson,2017,122012.0,Автомат,Полный,Седан,554591,9,13557
Toyota,Land Cruiser,2024,48334.0,Робот,Полный,Кроссовер,2968657,2,24167
Hyundai,Tucson,2009,287251.0,Механика,Полный,Хэтчбек,332951,17,16897
Kia,Rio,2014,197746.0,Механика,Передний,Седан,298325,12,16479
Toyota,Camry,2023,27122.0,Автомат,Передний,Хэтчбек,2246354,3,9041
BMW,X3,2017,133601.5,Автомат,Полный,Седан,884181,9,14845
Hyundai,ix35,2010,187374.0,Автомат,Передний,Хэтчбек,318443,16,11711
Toyota,Land Cruiser,2012,255737.0,Механика,Передний,Седан,300188,14,18267
Hyundai,ix35,2013,269195.0,Автомат,Передний,Кроссовер,305058,13,20707
Hyundai,ix35,2021,63919.0,Механика,Задний,Седан,1051190,5,12784
Kia,Ceed,2023,59573.0,Автомат,Передний,Хэтчбек,1366161,3,19858
Volkswagen,Golf,2014,207467.0,Автомат,Полный,Кроссовер,334649,12,17289
Volkswagen,Golf,2022,61371.0,Механика,Передний,Хэтчбек,1226136,4,15343
Volkswagen,Polo,2018,130136.0,Автомат,Полный,Кроссовер,521412,8,16267
Volkswagen,Polo,2020,93729.0,Робот,Полный,Седан,778332,6,15622
Hyundai,Solaris,2018,121031.5,Механика,Передний,Хэтчбек,379678,8,15129
Kia,Optima,2021,59078.0,Механика,Передний,Хэтчбек,1239848,5,11816
Hyundai,Tucson,2017,107863.0,Автомат,Передний,Седан,522349,9,11985
BMW,X5,2015,238639.0,Автомат,Передний,Кроссовер,460845,11,21694
Volkswagen,Tiguan,2010,225201.0,Автомат,Передний,Хэтчбек,282154,16,14075
Kia,Ceed,2010,276533.0,Робот,Передний,Кроссовер,320059,16,17283
Volkswagen,Polo,2014,307274.0,Механика,Полный,Седан,305631,12,25606
Toyota,Camry,2021,93837.0,Автомат,Задний,Хэтчбек,1604792,5,18767
Hyundai,Tucson,2019,139651.0,Автомат,Полный,Хэтчбек,617868,7,19950
Hyundai,Tucson,2022,46051.0,Автомат,Передний,Кроссовер,1422811,4,11513
Volkswagen,Golf,2021,78211.0,Робот,Полный,Седан,977123,5,15642
Toyota,Land Cruiser,2019,85393.0,Механика,Задний,Седан,1673617,7,12199
Hyundai,ix35,2019,156204.0,Механика,Передний,Хэтчбек,571274,7,22315
Hyundai,Santa Fe,2020,64316.0,Автомат,Полный,Седан,921224,6,10719
Kia,Sportage,2021,73411.0,Механика,Передний,Седан,1094626,5,14682
Volkswagen,Golf,2021,53662.0,Механика,Передний,Кроссовер,1105514,5,10732
Volkswagen,Polo,2015,162872.0,Механика,Полный,Хэтчбек,300786,11,14807
Hyundai,Santa Fe,2014,170756.0,Робот,Передний,Хэтчбек,334197,12,14230
Volkswagen,Tiguan,2020,85883.0,Механика,Полный,Кроссовер,848713,6,14314
Volkswagen,Polo,2014,255903.0,Механика,Передний,Хэтчбек,278023,12,21325
BMW,3 Series,2009,229653.0,Автомат,Передний,Хэтчбек,318939,17,13509
Kia,Optima,2012,272378.0,Механика,Полный,Седан,341204,14,19456
Kia,Rio,2019,162021.0,Автомат,Задний,Кроссовер,541713,7,23146
Hyundai,ix35,2012,248612.0,Автомат,Задний,Хэтчбек,257535,14,17758
BMW,3 Series,2009,291132.0,Автомат,Задний,Кроссовер,283542,17,17125
Hyundai,Solaris,2012,294454.0,Автомат,Передний,Кроссовер,324940,14,21032
Volkswagen,Passat,2024,29618.0,Автомат,Полный,Кроссовер,1726621,2,14809
Volkswagen,Passat,2008,357931.0,Автомат,Полный,Кроссовер,274843,18,19885
Toyota,Land Cruiser,2014,181325.0,Автомат,Полный,Кроссовер,572469,12,15110
Kia,Sportage,2008,422410.0,Автомат,Передний,Кроссовер,255290,18,23467
Kia,Ceed,2019,97656.0,Автомат,Задний,Седан,662257,7,13951
Hyundai,Tucson,2016,143962.0,Автомат,Передний,Кроссовер,350920,10,14396
Hyundai,Santa Fe,2009,304361.0,Автомат,Задний,Седан,305520,17,17904
Hyundai,ix35,2008,223934.0,Механика,Передний,Кроссовер,324585,18,12441
Toyota,RAV4,2022,44543.0,Автомат,Полный,Хэтчбек,2134662,4,11136
Toyota,Land Cruiser,2024,33003.0,Автомат,Передний,Кроссовер,2632862,2,16502
Kia,Optima,2022,62655.0,Автомат,Полный,Кроссовер,1193886,4,15664
BMW,3 Series,2017,197166.0,Автомат,Передний,Кроссовер,927996,9,21907
BMW,3 Series,2024,28242.0,Механика,Передний,Хэтчбек,2527900,2,14121
Volkswagen,Golf,2015,247813.0,Автомат,Передний,Хэтчбек,293122,11,22528
BMW,X3,2009,79424.0,Робот,Полный,Хэтчбек,477259,17,4672
Toyota,Land Cruiser,2017,112284.0,Робот,Передний,Кроссовер,998022,9,12476
Volkswagen,Polo,2012,235905.0,Автомат,Полный,Седан,324171,14,16850
Toyota,Camry,2018,160414.0,Механика,Полный,Хэтчбек,1065038,8,20052
BMW,X5,2016,136798.0,Механика,Передний,Седан,869219,10,13680
BMW,3 Series,2010,215489.0,Автомат,Полный,Седан,256582,16,13468
BMW,3 Series,2008,196407.0,Робот,Передний,Седан,285361,18,10912
Kia,Optima,2012,243345.0,Механика,Передний,Седан,271909,14,17382
Toyota,Corolla,2020,46408.0,Автомат,Передний,Седан,2018389,6,7735
Toyota,Land Cruiser,2017,102500.0,Автомат,Передний,Хэтчбек,1133814,9,11389
Toyota,Corolla,2017,109748.0,Робот,Полный,Кроссовер,1280575,9,12194
Volkswagen,Passat,2024,38852.0,Автомат,Полный,Хэтчбек,1756655,2,19426
Kia,Sportage,2014,270813.0,Автомат,Полный,Седан,330291,12,22568
Volkswagen,Passat,2023,30682.0,Механика,Передний,Кроссовер,1488637,3,10227
Kia,Sportage,2010,217435.0,Механика,Передний,Седан,330955,16,13590
Volkswagen,Golf,2020,93882.0,Робот,Передний,Кроссовер,792095,6,15647
Toyota,Corolla,2013,165890.0,Механика,Передний,Хэтчбек,435005,13,12761
Hyundai,Tucson,2021,50449.0,Механика,Полный,Кроссовер,1210778,5,10090
Kia,Rio,2017,117882.0,Автомат,Полный,Седан,570278,9,13098
Toyota,Corolla,2018,126296.0,Механика,Задний,Седан,1362835,8,15787
Kia,Optima,2016,130175.0,Автомат,Полный,Хэтчбек,336173,10,13018
BMW,3 Series,2011,177680.0,Робот,Полный,Кроссовер,332669,15,11845
Kia,Ceed,2014,172666.0,Автомат,Полный,Седан,292401,12,14389
Toyota,Corolla,2009,146762.0,Автомат,Полный,Кроссовер,341860,17,8633
Toyota,Camry,2009,361755.0,Механика,Передний,Седан,293368,17,21280
BMW,X3,2010,245625.0,Механика,Передний,Хэтчбек,295597,16,15352
Volkswagen,Tiguan,2023,29250.0,Автомат,Передний,Кроссовер,1646051,3,9750
Volkswagen,Passat,2022,47250.0,Автомат,Передний,Кроссовер,1318277,4,11812
Volkswagen,Tiguan,2009,305690.0,Автомат,Полный,Кроссовер,323318,17,17982
Hyundai,Solaris,2013,207904.0,Автомат,Полный,Хэтчбек,263507,13,15993
Volkswagen,Tiguan,2019,132372.0,Механика,Передний,Хэтчбек,563780,7,18910
Hyundai,Santa Fe,2020,67168.0,Автомат,Задний,Седан,996951,6,11195
Kia,Rio,2012,254330.0,Автомат,Передний,Хэтчбек,262615,14,18166
Toyota,Camry,2021,73787.0,Автомат,Передний,Кроссовер,1882893,5,14757
Hyundai,ix35,2021,76700.0,Автомат,Задний,Седан,941280,5,15340
Kia,Optima,2008,267079.0,Автомат,Задний,Кроссовер,279421,18,14838
BMW,3 Series,2017,160413.0,Механика,Передний,Хэтчбек,1073200,9,17824
Toyota,Land Cruiser,2018,153147.0,Механика,Полный,Кроссовер,1156558,8,19143
Kia,Optima,2022,32725.0,Механика,Передний,Хэтчбек,1268638,4,8181
Kia,Ceed,2023,39905.0,Автомат,Передний,Хэтчбек,1503673,3,13302
Toyota,RAV4,2023,49109.0,Автомат,Передний,Седан,2138961,3,16370
Volkswagen,Tiguan,2019,104535.0,Автомат,Передний,Хэтчбек,699273,7,14934
Volkswagen,Polo,2019,102259.0,Механика,Передний,Хэтчбек,644963,7,14608
Hyundai,ix35,2016,146702.0,Механика,Передний,Кроссовер,300130,10,14670
Toyota,RAV4,2023,52953.0,Автомат,Передний,Седан,2447899,3,17651
Kia,Ceed,2011,180693.0,Механика,Передний,Седан,278332,15,12046
Kia,Ceed,2011,255694.0,Механика,Полный,Хэтчбек,315437,15,17046
Toyota,Corolla,2020,75449.0,Автомат,Задний,Хэтчбек,1686638,6,12575
Volkswagen,Tiguan,2016,129925.0,Механика,Передний,Кроссовер,321983,10,12992
Kia,Optima,2014,176552.0,Автомат,Задний,Хэтчбек,314250,12,14713
Hyundai,Tucson,2022,39534.0,Автомат,Передний,Хэтчбек,1398565,4,9884
Toyota,Corolla,2008,389864.0,Автомат,Полный,Кроссовер,259816,18,21659
Hyundai,Santa Fe,2021,116231.0,Автомат,Передний,Хэтчбек,783365,5,23246
Volkswagen,Golf,2022,85856.0,Механика,Передний,Седан,1294535,4,21464
Toyota,Camry,2022,22250.0,Механика,Передний,Хэтчбек,2235530,4,5562
BMW,3 Series,2012,216777.0,Механика,Передний,Седан,276605,14,15484
Hyundai,Santa Fe,2009,266320.0,Механика,Полный,Кроссовер,264927,17,15666
Toyota,Camry,2010,177258.0,Робот,Передний,Хэтчбек,333123,16,11079
BMW,X3,2014,195084.0,Автомат,Передний,Седан,486390,12,16257
Kia,Ceed,2011,94597.0,Автомат,Полный,Кроссовер,313160,15,6306
BMW,5 Series,2012,247717.0,Автомат,Полный,Хэтчбек,333272,14,17694
Hyundai,Santa Fe,2013,148883.0,Робот,Полный,Кроссовер,261988,13,11453
BMW,X3,2015,127541.0,Автомат,Задний,Седан,869453,11,11595
Kia,Ceed,2008,244561.0,Механика,Полный,Кроссовер,331028,18,13587
Hyundai,Solaris,2010,100331.0,Механика,Передний,Кроссовер,335555,16,6271
Volkswagen,Polo,2009,351790.0,Механика,Передний,Седан,307892,17,20694
Hyundai,ix35,2022,58886.0,Робот,Передний,Хэтчбек,1329190,4,14722
Kia,Ceed,2014,114548.0,Автомат,Передний,Кроссовер,323821,12,9546
Volkswagen,Polo,2008,275164.0,Механика,Передний,Седан,262549,18,15287
Hyundai,Santa Fe,2014,209699.0,Автомат,Полный,Хэтчбек,314524,12,17475
Kia,Optima,2010,286421.0,Робот,Задний,Кроссовер,340824,16,17901
Hyundai,Tucson,2017,183171.0,Автомат,Полный,Хэтчбек,311698,9,20352
Toyota,Corolla,2010,185994.0,Механика,Передний,Кроссовер,273560,16,11625
Toyota,RAV4,2014,156714.0,Механика,Передний,Хэтчбек,653491,12,13060
Volkswagen,Tiguan,2011,257647.0,Автомат,Задний,Хэтчбек,306162,15,17176
Volkswagen,Passat,2013,130063.0,Автомат,Полный,Седан,304968,13,10005
Toyota,RAV4,2016,217933.0,Механика,Полный,Кроссовер,590266,10,21793
Hyundai,Santa Fe,2015,97002.0,Автомат,Передний,Кроссовер,417202,11,8818
Toyota,Camry,2013,183664.0,Механика,Полный,Седан,433765,13,14128
Hyundai,Santa Fe,2016,123856.0,Механика,Передний,Седан,368264,10,12386
Volkswagen,Polo,2019,161953.0,Механика,Передний,Седан,475229,7,23136
Toyota,Camry,2016,192697.0,Механика,Полный,Кроссовер,690110,10,19270
BMW,5 Series,2014,206145.0,Механика,Задний,Кроссовер,405403,12,17179
Volkswagen,Polo,2014,187209.0,Механика,Полный,Кроссовер,263739,12,15601
Volkswagen,Passat,2022,79206.0,Механика,Задний,Кроссовер,1273514,4,19802
Volkswagen,Polo,2018,153776.0,Автомат,Передний,Кроссовер,488476,8,19222
BMW,X3,2018,97970.0,Автомат,Полный,Хэтчбек,1463431,8,12246
Hyundai,Solaris,2021,58003.0,Механика,Полный,Хэтчбек,1189303,5,11601
Toyota,Land Cruiser,2016,170850.0,Автомат,Полный,Хэтчбек,866790,10,17085
Volkswagen,Tiguan,2016,154946.0,Автомат,Полный,Кроссовер,324540,10,15495
Volkswagen,Golf,2019,84862.0,Автомат,Задний,Кроссовер,848280,7,12123
Volkswagen,Polo,2011,275140.0,Робот,Передний,Хэтчбек,286328,15,18343
Volkswagen,Tiguan,2018,91384.0,Автомат,Полный,Кроссовер,584583,8,11423
BMW,3 Series,2019,93036.0,Робот,Передний,Хэтчбек,1327113,7,13291
Toyota,RAV4,2020,70939.0,Автомат,Передний,Седан,1697357,6,11823
Volkswagen,Golf,2010,237882.0,Механика,Передний,Седан,307703,16,14868
Kia,Ceed,2011,172624.0,Автомат,Передний,Седан,270534,15,11508
Volkswagen,Golf,2021,73789.0,Автомат,Полный,Хэтчбек,1066343,5,14758
Kia,Sportage,2020,63420.0,Автомат,Передний,Седан,1077411,6,10570
Volkswagen,Tiguan,2014,88491.0,Механика,Передний,Кроссовер,319881,12,7374
Kia,Sportage,2020,69107.0,Автомат,Полный,Кроссовер,1020484,6,11518
Volkswagen,Tiguan,2015,233117.0,Автомат,Полный,Седан,278613,11,21192
Toyota,Corolla,2019,138950.0,Автомат,Полный,Кроссовер,1331225,7,19850
Volkswagen,Passat,2015,227343.0,Автомат,Передний,Кроссовер,267860,11,20668
Hyundai,Tucson,2023,33007.0,Механика,Полный,Кроссовер,1571014,3,11002
Kia,Optima,2024,20394.0,Механика,Передний,Кроссовер,1572712,2,10197
BMW,X3,2013,211507.0,Робот,Полный,Хэтчбек,330834,13,16270
Kia,Optima,2015,162872.0,Автомат,Передний,Кроссовер,292289,11,14807
Kia,Optima,2021,90701.0,Механика,Полный,Кроссовер,909340,5,18140
BMW,3 Series,2008,260851.0,Механика,Полный,Хэтчбек,290439,18,14492
Hyundai,Solaris,2015,75935.0,Механика,Передний,Седан,496392,11,6903
Toyota,Corolla,2015,136624.0,Механика,Передний,Седан,857022,11,12420
BMW,3 Series,2008,180594.0,Робот,Передний,Кроссовер,264096,18,10033
BMW,5 Series,2009,236656.0,Автомат,Передний,Седан,273060,17,13921
Volkswagen,Polo,2024,25466.0,Механика,Передний,Хэтчбек,1696350,2,12733
BMW,X5,2022,53274.0,Автомат,Передний,Хэтчбек,1986612,4,13318
Volkswagen,Passat,2010,158355.0,Автомат,Передний,Седан,323798,16,9897
Hyundai,ix35,2023,33078.0,Механика,Передний,Хэтчбек,1632292,3,11026
Kia,Sportage,2023,57481.0,Автомат,Полный,Седан,1485903,3,19160
BMW,X5,2016,133480.0,Автомат,Передний,Седан,904936,10,13348
Hyundai,ix35,2020,94371.0,Механика,Передний,Кроссовер,1004161,6,15728
Volkswagen,Golf,2015,147215.0,Автомат,Задний,Хэтчбек,300327,11,13383
BMW,3 Series,2018,150640.0,Механика,Передний,Кроссовер,1212280,8,18830
Volkswagen,Golf,2016,181911.0,Механика,Передний,Кроссовер,333579,10,18191
Toyota,Camry,2024,13713.0,Автомат,Передний,Седан,3238809,2,6856
Hyundai,ix35,2012,217000.0,Автомат,Передний,Кроссовер,339190,14,15500
Hyundai,ix35,2008,310608.0,Автомат,Передний,Кроссовер,293123,18,17256
BMW,3 Series,2009,124942.0,Автомат,Задний,Хэтчбек,270350,17,7350
Volkswagen,Tiguan,2009,219889.0,Автомат,Передний,Хэтчбек,264586,17,12935
BMW,X3,2009,172402.0,Автомат,Полный,Хэтчбек,289475,17,10141
Kia,Sportage,2012,158381.0,Робот,Полный,Седан,278653,14,11313
Hyundai,Santa Fe,2020,89723.0,Автомат,Передний,Хэтчбек,784425,6,14954
Toyota,Camry,2020,80169.0,Автомат,Задний,Седан,1483554,6,13362
Toyota,RAV4,2021,52164.0,Робот,Передний,Кроссовер,1834025,5,10433
Toyota,Camry,2014,231424.0,Автомат,Полный,Седан,324811,12,19285
Toyota,Land Cruiser,2017,109926.0,Механика,Полный,Седан,1098006,9,12214
Kia,Rio,2008,269658.0,Робот,Задний,Седан,337058,18,14981
Volkswagen,Golf,2014,116524.0,Автомат,Передний,Хэтчбек,284580,12,9710
Hyundai,Solaris,2015,172660.0,Автомат,Передний,Хэтчбек,286931,11,15696
Toyota,RAV4,2020,124109.0,Механика,Передний,Хэтчбек,1343685,6,20685
Kia,Sportage,2021,57757.0,Автомат,Задний,Седан,1156089,5,11551
BMW,5 Series,2009,349633.0,Механика,Задний,Седан,272207,17,20567
BMW,X3,2014,222698.0,Механика,Передний,Хэтчбек,341844,12,18558
BMW,3 Series,2020,96169.0,Автомат,Передний,Кроссовер,1890738,6,16028
Toyota,RAV4,2012,212565.0,Автомат,Передний,Хэтчбек,301187,14,15183
Hyundai,Tucson,2011,141512.0,Механика,Полный,Кроссовер,336324,15,9434
BMW,5 Series,2019,114828.0,Автомат,Полный,Седан,1420780,7,16404
Hyundai,Tucson,2015,173523.0,Автомат,Задний,Седан,328872,11,15775
Toyota,Land Cruiser,2008,193032.0,Автомат,Полный,Хэтчбек,323756,18,10724
Volkswagen,Golf,2017,151075.0,Механика,Полный,Кроссовер,324570,9,16786
Kia,Optima,2018,140604.0,Автомат,Передний,Кроссовер,465652,8,17576
Toyota,Camry,2010,169199.0,Автомат,Передний,Хэтчбек,270321,16,10575
Kia,Ceed,2018,113808.0,Автомат,Задний,Седан,578297,8,14226
Volkswagen,Passat,2019,80898.0,Робот,Полный,Кроссовер,786981,7,11557
Kia,Ceed,2010,323339.0,Автомат,Передний,Хэтчбек,279056,16,20209
Toyota,Corolla,2015,135381.0,Автомат,Передний,Седан,671173,11,12307
Volkswagen,Passat,2013,186974.0,Автомат,Полный,Хэтчбек,271758,13,14383
Hyundai,Solaris,2012,190994.0,Автомат,Передний,Хэтчбек,296144,14,13642
Toyota,Camry,2015,252882.0,Автомат,Передний,Седан,398498,11,22989
Kia,Optima,2014,202132.0,Механика,Передний,Хэтчбек,259925,12,16844
Hyundai,Tucson,2019,104414.0,Автомат,Передний,Кроссовер,794643,7,14916
Hyundai,Santa Fe,2023,27319.0,Механика,Передний,Седан,1614654,3,9106
Kia,Rio,2010,285199.0,Автомат,Полный,Кроссовер,306728,16,17825
Kia,Ceed,2010,323800.0,Механика,Передний,Хэтчбек,262151,16,20238
BMW,X3,2023,47616.0,Автомат,Передний,Седан,2208296,3,15872
Kia,Sportage,2015,116473.0,Автомат,Передний,Хэтчбек,384932,11,10588
Toyota,RAV4,2015,105358.0,Автомат,Передний,Седан,986630,11,9578
Volkswagen,Golf,2024,40898.0,Робот,Передний,Хэтчбек,1422755,2,20449
BMW,3 Series,2023,43192.0,Автомат,Передний,Хэтчбек,2410037,3,14397
Hyundai,Solaris,2016,148947.0,Автомат,Полный,Седан,321236,10,14895
BMW,3 Series,2018,91909.0,Автомат,Полный,Хэтчбек,1467910,8,11489
Toyota,Land Cruiser,2024,39443.0,Автомат,Полный,Хэтчбек,2437736,2,19722
Toyota,Land Cruiser,2014,202171.0,Автомат,Полный,Кроссовер,468469,12,16848
Volkswagen,Golf,2012,194510.0,Автомат,Передний,Хэтчбек,264993,14,13894
BMW,X5,2018,134822.0,Автомат,Задний,Седан,1012600,8,16853
BMW,5 Series,2008,389720.0,Автомат,Передний,Хэтчбек,330223,18,21651
BMW,3 Series,2023,55426.0,Автомат,Полный,Хэтчбек,2404465,3,18475
Kia,Rio,2008,267221.0,Автомат,Полный,Седан,280170,18,14846
Kia,Sportage,2008,283368.0,Механика,Передний,Кроссовер,259119,18,15743
Toyota,Camry,2015,201293.0,Автомат,Полный,Седан,520686,11,18299
Volkswagen,Golf,2019,87071.0,Автомат,Передний,Хэтчбек,791601,7,12439
Volkswagen,Passat,2011,235090.0,Механика,Полный,Хэтчбек,263804,15,15673
Toyota,Camry,2022,108465.0,Автомат,Передний,Хэтчбек,2195782,4,27116
BMW,X5,2022,86258.0,Автомат,Передний,Хэтчбек,2099639,4,21564
Kia,Optima,2024,34979.0,Робот,Полный,Хэтчбек,1664187,2,17490
Toyota,Corolla,2019,163048.0,Механика,Полный,Хэтчбек,1248297,7,23293
Toyota,RAV4,2012,145479.0,Автомат,Передний,Седан,448909,14,10391
Kia,Optima,2017,49875.0,Автомат,Передний,Хэтчбек,782987,9,5542
Toyota,Corolla,2024,36894.0,Механика,Передний,Кроссовер,2485774,2,18447
Volkswagen,Golf,2020,102338.0,Механика,Полный,Хэтчбек,854197,6,17056
BMW,3 Series,2023,24220.0,Автомат,Полный,Кроссовер,2833348,3,8073
Kia,Optima,2021,94713.0,Механика,Передний,Седан,1037637,5,18943
BMW,5 Series,2013,188231.0,Механика,Задний,Хэтчбек,418916,13,14479
BMW,5 Series,2020,83200.0,Механика,Полный,Седан,1688518,6,13867
BMW,5 Series,2009,241425.0,Автомат,Передний,Кроссовер,289080,17,14201
Hyundai,Solaris,2017,106349.0,Автомат,Полный,Кроссовер,526128,9,11817
Volkswagen,Passat,2013,211405.0,Механика,Полный,Седан,289257,13,16262
Kia,Optima,2022,58886.0,Автомат,Передний,Хэтчбек,1035916,4,14722
BMW,X5,2021,62621.0,Механика,Передний,Кроссовер,1931413,5,12524
BMW,3 Series,2019,162449.0,Автомат,Передний,Кроссовер,1263503,7,23207
Hyundai,Santa Fe,2012,210627.0,Автомат,Полный,Хэтчбек,291243,14,15045
BMW,3 Series,2013,138402.0,Механика,Полный,Седан,473262,13,10646
Kia,Rio,2012,132647.0,Механика,Полный,Седан,303038,14,9475
Hyundai,Tucson,2021,75388.0,Автомат,Передний,Хэтчбек,1157339,5,15078
BMW,X5,2009,281086.0,Автомат,Полный,Седан,303968,17,16534
Volkswagen,Tiguan,2009,139331.0,Механика,Полный,Седан,334986,17,8196
BMW,X3,2023,45645.0,Механика,Полный,Седан,2345759,3,15215
Volkswagen,Polo,2011,252030.0,Механика,Полный,Седан,322026,15,16802
Kia,Sportage,2024,43258.0,Автомат,Передний,Хэтчбек,1452609,2,21629
Toyota,Corolla,2013,298940.0,Автомат,Передний,Седан,288514,13,22995
Volkswagen,Passat,2012,190057.0,Автомат,Полный,Хэтчбек,331037,14,13576
Hyundai,Santa Fe,2018,140078.0,Автомат,Полный,Кроссовер,483076,8,17510
Hyundai,Santa Fe,2012,203704.0,Механика,Передний,Седан,338389,14,14550
Kia,Optima,2022,47507.0,Робот,Передний,Хэтчбек,1403235,4,11877
Volkswagen,Passat,2019,123552.0,Робот,Передний,Хэтчбек,635890,7,17650
Kia,Sportage,2013,179523.0,Автомат,Передний,Кроссовер,324002,13,13809
BMW,3 Series,2024,28027.0,Автомат,Передний,Кроссовер,3003962,2,14014
Hyundai,Solaris,2016,201052.0,Автомат,Передний,Кроссовер,281523,10,20105
BMW,X5,2012,181165.0,Механика,Передний,Кроссовер,289792,14,12940
Hyundai,Solaris,2020,110670.0,Автомат,Полный,Кроссовер,867719,6,18445
Toyota,Land Cruiser,2016,141676.0,Автомат,Передний,Кроссовер,836777,10,14168
Hyundai,ix35,2019,87927.0,Автомат,Полный,Седан,698189,7,12561
Hyundai,ix35,2024,37789.0,Автомат,Полный,Седан,1589604,2,18894
Hyundai,Tucson,2010,359227.0,Автомат,Полный,Хэтчбек,285001,16,22452
Hyundai,Santa Fe,2018,146321.0,Механика,Передний,Седан,479552,8,18290
Hyundai,Solaris,2011,229789.0,Автомат,Передний,Кроссовер,340433,15,15319
Toyota,Camry,2009,126693.0,Автомат,Передний,Кроссовер,309512,17,7453
Hyundai,Solaris,2024,36672.0,Механика,Полный,Седан,1631029,2,18336
Volkswagen,Tiguan,2024,38423.0,Автомат,Передний,Седан,1464580,2,19212
BMW,X5,2018,148194.0,Робот,Передний,Кроссовер,1288148,8,18524
Volkswagen,Golf,2009,282653.0,Механика,Передний,Седан,313481,17,16627
BMW,3 Series,2008,131350.0,Автомат,Передний,Седан,308946,18,7297
Volkswagen,Passat,2012,180422.0,Автомат,Полный,Седан,308152,14,12887
Volkswagen,Passat,2012,238260.0,Автомат,Передний,Хэтчбек,344782,14,17019
Volkswagen,Passat,2019,69959.0,Автомат,Полный,Хэтчбек,809979,7,9994
BMW,3 Series,2017,76662.0,Механика,Полный,Хэтчбек,1387308,9,8518
BMW,3 Series,2020,149831.0,Механика,Полный,Кроссовер,1452754,6,24972
Kia,Optima,2016,146344.0,Автомат,Передний,Кроссовер,310041,10,14634
Hyundai,ix35,2021,65219.0,Робот,Передний,Кроссовер,1177118,5,13044
BMW,X3,2021,40640.0,Автомат,Передний,Кроссовер,1760805,5,8128
Hyundai,Solaris,2009,247462.0,Автомат,Задний,Седан,319886,17,14557
Volkswagen,Golf,2014,182085.0,Автомат,Передний,Кроссовер,269111,12,15174
Volkswagen,Passat,2015,107001.0,Механика,Полный,Кроссовер,368300,11,9727
Toyota,Corolla,2017,172585.0,Механика,Передний,Седан,925841,9,19176
Toyota,RAV4,2014,207672.0,Робот,Полный,Кроссовер,428859,12,17306
Volkswagen,Golf,2008,348506.0,Механика,Задний,Седан,338922,18,19361
Hyundai,ix35,2012,253599.0,Робот,Задний,Хэтчбек,275740,14,18114
Volkswagen,Passat,2012,197979.0,Механика,Полный,Хэтчбек,257364,14,14141
BMW,5 Series,2018,146980.0,Автомат,Полный,Кроссовер,1264007,8,18372
Kia,Sportage,2011,252755.0,Автомат,Передний,Кроссовер,282847,15,16850
Hyundai,Solaris,2022,55082.0,Автомат,Задний,Седан,1146263,4,13770
Volkswagen,Tiguan,2011,319832.0,Механика,Передний,Седан,308257,15,21322
Kia,Sportage,2022,59471.0,Автомат,Полный,Седан,1095316,4,14868
Hyundai,Tucson,2019,109581.0,Автомат,Передний,Хэтчбек,667021,7,15654
BMW,X5,2012,164076.0,Механика,Полный,Седан,387437,14,11720
BMW,X3,2014,177385.0,Автомат,Полный,Кроссовер,563178,12,14782
Volkswagen,Passat,2013,177533.0,Автомат,Полный,Кроссовер,256459,13,13656
Hyundai,Solaris,2008,137762.0,Робот,Передний,Кроссовер,287474,18,7653
BMW,5 Series,2013,228467.0,Механика,Полный,Хэтчбек,280430,13,17574
Hyundai,ix35,2013,82037.0,Автомат,Полный,Седан,359067,13,6311
Toyota,Corolla,2021,55146.0,Механика,Передний,Кроссовер,2023820,5,11029
Toyota,Land Cruiser,2012,252608.0,Автомат,Полный,Кроссовер,271905,14,18043
BMW,X5,2010,193180.0,Автомат,Полный,Хэтчбек,261451,16,12074
Kia,Ceed,2011,210910.0,Автомат,Полный,Кроссовер,305685,15,14061
Kia,Ceed,2020,100285.0,Робот,Задний,Седан,774810,6,16714
Kia,Rio,2016,173502.0,Робот,Передний,Седан,320902,10,17350
BMW,X5,2024,24356.0,Механика,Полный,Кроссовер,2844832,2,12178
BMW,3 Series,2013,192095.0,Робот,Полный,Хэтчбек,323830,13,14777
BMW,3 Series,2024,17475.0,Автомат,Полный,Кроссовер,2487482,2,8738
Kia,Ceed,2018,97825.0,Робот,Передний,Седан,716789,8,12228
Hyundai,Solaris,2015,157871.0,Автомат,Передний,Седан,302271,11,14352
Kia,Rio,2008,389082.0,Автомат,Передний,Седан,283797,18,21616
Volkswagen,Polo,2018,112435.0,Механика,Полный,Хэтчбек,564702,8,14054
Toyota,RAV4,2013,142585.0,Механика,Задний,Кроссовер,559489,13,10968
BMW,3 Series,2021,116042.0,Автомат,Передний,Седан,1636638,5,23208
Volkswagen,Passat,2009,282629.0,Механика,Полный,Кроссовер,331365,17,16625
Toyota,Corolla,2009,377599.0,Механика,Передний,Седан,314245,17,22212
Volkswagen,Passat,2023,48805.0,Автомат,Полный,Хэтчбек,1399741,3,16268
Hyundai,Tucson,2022,33179.0,Автомат,Полный,Седан,1434528,4,8295
Kia,Rio,2009,207530.0,Автомат,Полный,Кроссовер,304328,17,12208
Kia,Rio,2010,264233.0,Автомат,Задний,Кроссовер,312972,16,16515
Volkswagen,Golf,2008,233915.0,Автомат,Передний,Седан,258540,18,12995
Toyota,Land Cruiser,2015,252223.0,Автомат,Полный,Хэтчбек,385475,11,22929
BMW,5 Series,2012,198714.0,Механика,Полный,Хэтчбек,283313,14,14194
BMW,3 Series,2012,234524.0,Механика,Полный,Хэтчбек,257731,14,16752
Kia,Optima,2013,123122.0,Автомат,Передний,Седан,260559,13,9471
Toyota,RAV4,2008,258554.0,Автомат,Полный,Хэтчбек,258494,18,14364
Kia,Ceed,2019,110891.0,Механика,Передний,Седан,717190,7,15842
Volkswagen,Polo,2010,311134.0,Автомат,Передний,Кроссовер,323940,16,19446
Toyota,Corolla,2019,123607.0,Робот,Передний,Хэтчбек,1244153,7,17658
BMW,3 Series,2013,237401.0,Механика,Полный,Хэтчбек,291451,13,18262
Volkswagen,Golf,2010,328920.0,Робот,Передний,Кроссовер,285393,16,20558
BMW,X3,2021,89995.0,Автомат,Полный,Седан,1631755,5,17999
Kia,Ceed,2013,252355.0,Робот,Передний,Седан,313628,13,19412
BMW,X5,2021,60638.0,Робот,Полный,Хэтчбек,1787051,5,12128
Hyundai,Santa Fe,2012,195861.0,Автомат,Передний,Кроссовер,326061,14,13990
Kia,Ceed,2022,40362.0,Механика,Полный,Седан,1419583,4,10090
Hyundai,ix35,2010,276181.0,Автомат,Передний,Кроссовер,344431,16,17261
Toyota,RAV4,2018,128019.0,Автомат,Передний,Седан,1077715,8,16002
Toyota,Land Cruiser,2019,62564.0,Автомат,Передний,Кроссовер,1453253,7,8938
Kia,Sportage,2023,37103.0,Механика,Передний,Седан,1284256,3,12368
Hyundai,ix35,2011,223762.0,Механика,Полный,Хэтчбек,258635,15,14917
Volkswagen,Golf,2008,199663.0,Автомат,Передний,Седан,336669,18,11092
BMW,5 Series,2014,156663.0,Механика,Передний,Седан,657527,12,13055
BMW,5 Series,2017,157998.0,Автомат,Задний,Кроссовер,1054673,9,17555
Toyota,Corolla,2016,160650.0,Робот,Передний,Хэтчбек,813314,10,16065
Kia,Ceed,2021,47519.0,Механика,Передний,Седан,1068779,5,9504
Toyota,Corolla,2024,23719.0,Механика,Передний,Седан,3098527,2,11860
Toyota,Land Cruiser,2022,73678.0,Автомат,Задний,Седан,2246028,4,18420
Kia,Optima,2013,138457.0,Механика,Передний,Хэтчбек,342161,13,10651
Toyota,Camry,2009,213810.0,Автомат,Передний,Кроссовер,325128,17,12577
Volkswagen,Polo,2018,126179.0,Механика,Полный,Кроссовер,527353,8,15772
Kia,Rio,2023,29633.0,Автомат,Передний,Кроссовер,1426087,3,9878
Toyota,Corolla,2020,106437.0,Автомат,Передний,Хэтчбек,1399168,6,17740
Hyundai,Santa Fe,2009,108408.0,Автомат,Передний,Хэтчбек,293676,17,6377
Kia,Rio,2014,125170.0,Автомат,Передний,Кроссовер,321654,12,10431
BMW,X5,2011,282302.0,Автомат,Полный,Седан,342999,15,18820
Volkswagen,Passat,2024,21647.0,Автомат,Передний,Кроссовер,1606830,2,10824
Hyundai,Santa Fe,2016,154888.0,Автомат,Полный,Хэтчбек,343002,10,15489
Hyundai,Tucson,2022,54441.0,Автомат,Полный,Седан,1289159,4,13610
Hyundai,Santa Fe,2016,100080.0,Механика,Полный,Кроссовер,481727,10,10008
Volkswagen,Polo,2012,154179.0,Автомат,Передний,Хэтчбек,298933,14,11013
BMW,5 Series,2021,50109.0,Механика,Передний,Хэтчбек,2228735,5,10022
Toyota,RAV4,2019,104646.0,Механика,Передний,Кроссовер,1252111,7,14949
Kia,Optima,2017,72091.0,Робот,Передний,Кроссовер,701197,9,8010
Kia,Ceed,2014,55282.0,Автомат,Полный,Кроссовер,480620,12,4607
Volkswagen,Passat,2011,287389.0,Механика,Задний,Седан,342100,15,19159
Hyundai,Santa Fe,2019,140570.0,Механика,Полный,Хэтчбек,620420,7,20081
Toyota,Corolla,2015,165104.0,Автомат,Передний,Седан,656709,11,15009
Volkswagen,Tiguan,2010,219863.0,Автомат,Полный,Кроссовер,306963,16,13741
Volkswagen,Tiguan,2017,77819.0,Автомат,Передний,Седан,676749,9,8647
BMW,X3,2013,89957.0,Автомат,Полный,Кроссовер,719664,13,6920
Toyota,RAV4,2017,127993.0,Автомат,Передний,Седан,988584,9,14221
BMW,3 Series,2011,226823.0,Автомат,Передний,Кроссовер,317135,15,15122
Hyundai,Solaris,2021,106402.0,Механика,Передний,Хэтчбек,888985,5,21280
BMW,3 Series,2010,215544.0,Автомат,Полный,Хэтчбек,255561,16,13472
Kia,Sportage,2019,134997.0,Механика,Передний,Седан,641742,7,19285
Toyota,Camry,2012,152930.0,Автомат,Полный,Хэтчбек,357212,14,10924
Hyundai,ix35,2022,60521.0,Механика,Передний,Седан,1337579,4,15130
Volkswagen,Tiguan,2023,55807.0,Автомат,Передний,Кроссовер,1568113,3,18602
Hyundai,Solaris,2016,132786.0,Автомат,Задний,Седан,354994,10,13279
Toyota,Camry,2020,82959.0,Робот,Полный,Кроссовер,1586530,6,13826
BMW,5 Series,2020,101611.0,Автомат,Передний,Седан,1582089,6,16935
Volkswagen,Golf,2016,37473.0,Автомат,Полный,Хэтчбек,603074,10,3747
Kia,Sportage,2016,99077.0,Механика,Полный,Седан,474784,10,9908
Kia,Sportage,2009,282751.0,Автомат,Полный,Хэтчбек,343033,17,16632
Toyota,Corolla,2010,194863.0,Автомат,Полный,Кроссовер,276697,16,12179
BMW,X3,2018,72345.0,Автомат,Передний,Хэтчбек,1306371,8,9043
Toyota,RAV4,2019,101394.0,Автомат,Полный,Седан,1287975,7,14485
Kia,Optima,2013,190799.0,Автомат,Полный,Кроссовер,299587,13,14677
Hyundai,ix35,2020,80267.0,Автомат,Передний,Седан,793148,6,13378
Toyota,RAV4,2009,179673.0,Автомат,Полный,Кроссовер,277255,17,10569
Kia,Sportage,2017,146671.0,Автомат,Передний,Хэтчбек,446293,9,16297
BMW,3 Series,2015,201315.0,Механика,Передний,Седан,509625,11,18301
BMW,X3,2015,212314.0,Автомат,Передний,Седан,544526,11,19301
Volkswagen,Golf,2021,91817.0,Механика,Полный,Седан,973944,5,18363
Toyota,Corolla,2017,176180.0,Автомат,Полный,Хэтчбек,918268,9,19576
BMW,3 Series,2021,48105.0,Механика,Передний,Кроссовер,1826218,5,9621
Toyota,Camry,2022,25981.0,Автомат,Полный,Кроссовер,2587210,4,6495
BMW,X5,2010,195016.0,Автомат,Полный,Хэтчбек,271603,16,12188
Volkswagen,Tiguan,2024,22724.0,Автомат,Передний,Хэтчбек,1457046,2,11362
Kia,Rio,2017,116604.0,Автомат,Передний,Хэтчбек,488941,9,12956
Volkswagen,Passat,2012,240510.0,Автомат,Полный,Седан,258726,14,17179
Kia,Ceed,2012,193911.0,Автомат,Передний,Седан,321234,14,13851
Volkswagen,Passat,2012,143767.0,Механика,Передний,Кроссовер,341683,14,10269
Kia,Optima,2023,55782.0,Автомат,Задний,Хэтчбек,1311159,3,18594
Kia,Optima,2023,47945.0,Механика,Передний,Седан,1393419,3,15982
BMW,X5,2018,159632.0,Автомат,Передний,Седан,1208263,8,19954
Toyota,RAV4,2024,30454.0,Механика,Передний,Седан,3131475,2,15227
Toyota,Land Cruiser,2019,92747.0,Автомат,Передний,Седан,1375751,7,13250
Kia,Optima,2013,224392.0,Механика,Полный,Седан,343548,13,17261
Volkswagen,Tiguan,2014,103289.0,Автомат,Полный,Седан,310844,12,8607
Kia,Rio,2015,276449.0,Автомат,Полный,Кроссовер,258247,11,25132
Toyota,Camry,2023,37056.0,Механика,Передний,Кроссовер,2690396,3,12352
BMW,5 Series,2014,212572.0,Механика,Передний,Хэтчбек,375558,12,17714
Volkswagen,Golf,2009,215145.0,Механика,Передний,Хэтчбек,343570,17,12656
Hyundai,Tucson,2013,181530.0,Робот,Полный,Седан,337524,13,13964
BMW,5 Series,2018,134433.0,Автомат,Полный,Хэтчбек,1156949,8,16804
Volkswagen,Passat,2008,188393.0,Автомат,Полный,Кроссовер,304971,18,10466
Kia,Optima,2014,197262.0,Автомат,Передний,Кроссовер,339883,12,16438
Volkswagen,Tiguan,2018,149943.0,Автомат,Полный,Седан,519841,8,18743
Volkswagen,Passat,2017,143164.0,Автомат,Полный,Седан,367263,9,15907
Volkswagen,Passat,2021,75901.0,Автомат,Передний,Седан,1102313,5,15180
Kia,Ceed,2016,124211.0,Автомат,Передний,Седан,440822,10,12421
Kia,Ceed,2023,52278.0,Механика,Полный,Хэтчбек,1629539,3,17426
BMW,3 Series,2009,218540.0,Автомат,Полный,Кроссовер,330632,17,12855
Hyundai,Santa Fe,2020,70104.0,Механика,Полный,Кроссовер,919918,6,11684
Toyota,Corolla,2013,160967.0,Механика,Передний,Седан,489317,13,12382
Hyundai,Santa Fe,2012,173041.0,Автомат,Передний,Хэтчбек,319538,14,12360
Hyundai,Solaris,2011,246055.0,Автомат,Полный,Седан,282989,15,16404
Volkswagen,Golf,2016,70952.0,Механика,Передний,Кроссовер,654894,10,7095
Volkswagen,Golf,2011,294741.0,Автомат,Передний,Седан,334168,15,19649
Volkswagen,Polo,2017,115677.0,Автомат,Передний,Хэтчбек,545527,9,12853
Kia,Sportage,2014,133602.0,Робот,Передний,Седан,262127,12,11134
BMW,X5,2021,87387.0,Автомат,Передний,Хэтчбек,1623653,5,17477
Hyundai,Tucson,2011,225749.0,Механика,Передний,Кроссовер,339400,15,15050
Volkswagen,Polo,2009,299197.0,Автомат,Передний,Кроссовер,259346,17,17600
Toyota,Land Cruiser,2024,35099.0,Механика,Полный,Кроссовер,2977783,2,17550
Toyota,Camry,2018,96458.0,Автомат,Полный,Кроссовер,1442061,8,12057
Volkswagen,Tiguan,2019,110607.0,Механика,Передний,Хэтчбек,630259,7,15801
Kia,Rio,2020,97922.0,Автомат,Передний,Седан,812261,6,16320
Volkswagen,Tiguan,2011,140733.0,Автомат,Передний,Хэтчбек,256955,15,9382
Toyota,Corolla,2020,92329.0,Автомат,Полный,Хэтчбек,1865571,6,15388
Kia,Optima,2023,45235.0,Механика,Полный,Хэтчбек,1584853,3,15078
BMW,X5,2020,136345.0,Механика,Полный,Кроссовер,1319407,6,22724
Hyundai,Solaris,2015,176890.0,Автомат,Полный,Седан,309723,11,16081
Toyota,Land Cruiser,2013,160537.0,Механика,Передний,Хэтчбек,524273,13,12349
Hyundai,Tucson,2024,36769.0,Механика,Передний,Кроссовер,1755757,2,18384
Volkswagen,Passat,2016,194403.0,Механика,Передний,Хэтчбек,325950,10,19440
Kia,Optima,2009,194540.0,Автомат,Передний,Хэтчбек,305718,17,11444
Volkswagen,Tiguan,2022,52586.0,Механика,Задний,Хэтчбек,1231668,4,13146
Volkswagen,Tiguan,2023,49782.0,Автомат,Передний,Хэтчбек,1464315,3,16594
Volkswagen,Tiguan,2022,46371.0,Механика,Задний,Седан,1264919,4,11593
Volkswagen,Passat,2012,192249.0,Автомат,Полный,Седан,293221,14,13732
Hyundai,Santa Fe,2014,154942.0,Механика,Полный,Хэтчбек,270409,12,12912
BMW,3 Series,2018,78210.0,Механика,Полный,Кроссовер,1493391,8,9776
Kia,Sportage,2023,53271.0,Механика,Задний,Седан,1512411,3,17757
Toyota,Land Cruiser,2009,266460.0,Механика,Передний,Седан,335842,17,15674
Volkswagen,Passat,2021,103418.0,Автомат,Передний,Хэтчбек,879548,5,20684
BMW,X3,2014,149582.0,Механика,Передний,Седан,588241,12,12465
Volkswagen,Polo,2019,154217.0,Автомат,Полный,Седан,535349,7,22031
Hyundai,Santa Fe,2019,94520.0,Механика,Полный,Кроссовер,788005,7,13503
Toyota,Camry,2009,304719.0,Автомат,Передний,Кроссовер,316752,17,17925
Kia,Sportage,2014,183904.0,Робот,Передний,Кроссовер,315294,12,15325
Kia,Sportage,2018,149786.0,Автомат,Передний,Седан,495762,8,18723
Volkswagen,Polo,2015,198047.0,Автомат,Передний,Хэтчбек,321140,11,18004
Toyota,RAV4,2008,357413.0,Механика,Задний,Хэтчбек,324837,18,19856
Volkswagen,Polo,2010,187169.0,Механика,Передний,Хэтчбек,305446,16,11698
Toyota,Corolla,2020,84591.0,Автомат,Полный,Кроссовер,1881049,6,14098
Hyundai,Solaris,2014,173890.0,Автомат,Передний,Седан,291360,12,14491
Hyundai,Tucson,2021,47919.0,Автомат,Полный,Седан,1237421,5,9584
BMW,3 Series,2011,238882.0,Робот,Полный,Седан,296816,15,15925
Kia,Sportage,2020,79161.0,Автомат,Передний,Хэтчбек,1035522,6,13194
BMW,5 Series,2023,39684.0,Механика,Передний,Хэтчбек,2285204,3,13228
BMW,X5,2017,67632.0,Механика,Передний,Седан,1194208,9,7515
Volkswagen,Golf,2013,105056.0,Автомат,Передний,Кроссовер,323428,13,8081
Toyota,Camry,2016,89351.0,Робот,Полный,Седан,1159984,10,8935
Volkswagen,Golf,2022,60897.0,Автомат,Задний,Хэтчбек,1392389,4,15224
BMW,X5,2009,253761.5,Автомат,Полный,Кроссовер,282390,17,14927
Volkswagen,Golf,2012,139041.0,Механика,Передний,Кроссовер,265133,14,9932
Hyundai,Tucson,2023,46947.0,Робот,Передний,Седан,1569449,3,15649
BMW,5 Series,2012,172732.0,Автомат,Полный,Седан,314773,14,12338
Toyota,RAV4,2010,164349.0,Механика,Передний,Хэтчбек,274604,16,10272
Volkswagen,Passat,2008,185737.0,Автомат,Передний,Кроссовер,277206,18,10319
Hyundai,Solaris,2022,75930.0,Автомат,Передний,Хэтчбек,1243103,4,18982
Toyota,Land Cruiser,2019,97950.0,Механика,Передний,Кроссовер,1445725,7,13993
Hyundai,Santa Fe,2024,26558.0,Автомат,Передний,Кроссовер,1478812,2,13279
Hyundai,Tucson,2017,105093.0,Робот,Передний,Кроссовер,604212,9,11677
Kia,Sportage,2022,54493.0,Механика,Полный,Кроссовер,1427711,4,13623
Hyundai,Santa Fe,2019,106939.5,Автомат,Передний,Кроссовер,689563,7,15277
Kia,Rio,2023,46802.0,Автомат,Передний,Седан,1385392,3,15601
Kia,Ceed,2022,66225.0,Автомат,Передний,Седан,1198886,4,16556
Toyota,Land Cruiser,2018,144774.0,Робот,Передний,Хэтчбек,1028565,8,18097
Volkswagen,Passat,2015,171581.0,Механика,Задний,Кроссовер,321102,11,15598
Volkswagen,Passat,2012,116589.0,Автомат,Полный,Кроссовер,260493,14,8328
Kia,Optima,2018,81634.0,Механика,Передний,Кроссовер,624380,8,10204
Hyundai,Santa Fe,2014,145234.0,Робот,Задний,Седан,338670,12,12103
Hyundai,ix35,2011,90931.0,Автомат,Передний,Кроссовер,262039,15,6062
Hyundai,Solaris,2010,318723.0,Автомат,Полный,Хэтчбек,260370,16,19920
Kia,Rio,2010,238157.0,Механика,Передний,Хэтчбек,255044,16,14885
Toyota,RAV4,2009,266703.0,Механика,Задний,Кроссовер,344240,17,15688
Volkswagen,Polo,2015,163467.0,Автомат,Задний,Седан,283386,11,14861
Kia,Rio,2009,263443.0,Механика,Задний,Кроссовер,341070,17,15497
BMW,3 Series,2018,120206.0,Автомат,Полный,Седан,1308379,8,15026
Kia,Sportage,2009,311765.0,Автомат,Полный,Кроссовер,308695,17,18339
BMW,3 Series,2019,66339.0,Механика,Передний,Седан,1683239,7,9477
BMW,3 Series,2010,237882.0,Автомат,Полный,Кроссовер,319854,16,14868
BMW,X3,2019,119026.0,Автомат,Передний,Хэтчбек,1568309,7,17004
Volkswagen,Golf,2015,260919.0,Механика,Полный,Седан,268979,11,23720
Volkswagen,Passat,2013,136607.0,Механика,Полный,Хэтчбек,316045,13,10508
Volkswagen,Passat,2023,42715.0,Механика,Задний,Седан,1659315,3,14238
BMW,3 Series,2013,204984.0,Автомат,Полный,Хэтчбек,325512,13,15768
Toyota,Land Cruiser,2017,144617.0,Механика,Полный,Хэтчбек,1057101,9,16069
Hyundai,Santa Fe,2020,87879.0,Автомат,Задний,Кроссовер,1011757,6,14646
Volkswagen,Golf,2019,145487.0,Автомат,Передний,Седан,590886,7,20784
Kia,Sportage,2024,25389.0,Автомат,Полный,Кроссовер,1686400,2,12694
Volkswagen,Golf,2017,139308.0,Робот,Полный,Кроссовер,402673,9,15479
Volkswagen,Polo,2016,214324.0,Автомат,Передний,Седан,268770,10,21432
Volkswagen,Passat,2012,179184.0,Механика,Передний,Хэтчбек,260083,14,12799
Kia,Optima,2009,307142.0,Автомат,Передний,Седан,336759,17,18067
BMW,3 Series,2022,39647.0,Механика,Передний,Кроссовер,2547768,4,9912
Hyundai,Santa Fe,2020,70993.0,Механика,Полный,Седан,967367,6,11832
Volkswagen,Golf,2016,196541.0,Автомат,Полный,Седан,343123,10,19654
Toyota,RAV4,2020,70098.0,Автомат,Передний,Седан,1930564,6,11683
Toyota,Camry,2017,129738.0,Механика,Полный,Хэтчбек,1121182,9,14415
Hyundai,ix35,2020,93238.0,Автомат,Полный,Кроссовер,936123,6,15540
Hyundai,Solaris,2021,79142.0,Механика,Полный,Седан,912199,5,15828
BMW,X3,2012,157704.0,Автомат,Передний,Хэтчбек,374560,14,11265
Hyundai,Santa Fe,2009,214608.0,Механика,Полный,Кроссовер,311892,17,12624
Hyundai,Solaris,2023,41059.0,Автомат,Передний,Хэтчбек,1402602,3,13686
Kia,Rio,2021,70715.0,Автомат,Передний,Седан,991290,5,14143
Hyundai,ix35,2010,343807.0,Механика,Полный,Седан,322476,16,21488
BMW,X5,2014,36013.0,Автомат,Полный,Кроссовер,994554,12,3001
Hyundai,Solaris,2010,342522.0,Автомат,Передний,Кроссовер,323244,16,21408
BMW,3 Series,2012,190372.0,Механика,Полный,Хэтчбек,256731,14,13598
Toyota,Land Cruiser,2010,233818.0,Автомат,Передний,Хэтчбек,266073,16,14614
Toyota,RAV4,2018,116349.0,Механика,Полный,Кроссовер,1156798,8,14544
BMW,5 Series,2021,77499.0,Автомат,Передний,Хэтчбек,2170184,5,15500
Toyota,Land Cruiser,2011,230355.0,Автомат,Передний,Кроссовер,318205,15,15357
Hyundai,Tucson,2014,170908.0,Автомат,Полный,Хэтчбек,338925,12,14242
BMW,5 Series,2017,162356.0,Автомат,Полный,Хэтчбек,984056,9,18040
Toyota,Camry,2020,41974.0,Автомат,Передний,Седан,1857964,6,6996
BMW,5 Series,2019,99971.0,Механика,Передний,Хэтчбек,1471462,7,14282
Kia,Rio,2009,205704.0,Механика,Полный,Хэтчбек,313570,17,12100
Toyota,Camry,2022,57659.0,Робот,Передний,Седан,1931318,4,14415
Hyundai,Solaris,2009,245218.0,Автомат,Передний,Седан,265257,17,14425
Volkswagen,Tiguan,2020,51391.0,Робот,Передний,Хэтчбек,972140,6,8565
Kia,Ceed,2021,32620.0,Механика,Передний,Седан,1115118,5,6524
Kia,Rio,2009,292779.0,Механика,Полный,Кроссовер,263747,17,17222
Volkswagen,Tiguan,2019,106939.5,Механика,Передний,Кроссовер,716092,7,15277
Hyundai,Tucson,2016,162430.0,Автомат,Передний,Хэтчбек,287735,10,16243
Hyundai,Tucson,2022,84794.0,Автомат,Полный,Хэтчбек,1302255,4,21198
Hyundai,Santa Fe,2023,45284.0,Автомат,Передний,Кроссовер,1361230,3,15095
Hyundai,Solaris,2021,97410.0,Механика,Передний,Кроссовер,1088606,5,19482
Hyundai,Santa Fe,2010,237882.0,Механика,Полный,Хэтчбек,273150,16,14868
BMW,X3,2009,169387.0,Автомат,Передний,Седан,329925,17,9964
Hyundai,Solaris,2009,205754.0,Механика,Полный,Седан,320386,17,12103
Toyota,Corolla,2018,113342.0,Робот,Полный,Седан,1131060,8,14168
BMW,5 Series,2014,219340.0,Автомат,Передний,Кроссовер,377036,12,18278
Toyota,Camry,2010,81439.0,Автомат,Полный,Кроссовер,418350,16,5090
Kia,Rio,2016,209467.0,Механика,Передний,Кроссовер,288453,10,20947
Toyota,Land Cruiser,2018,135794.0,Автомат,Передний,Седан,1329787,8,16974
Volkswagen,Polo,2011,225648.5,Автомат,Полный,Кроссовер,294983,15,15043
BMW,5 Series,2012,242746.0,Механика,Передний,Кроссовер,306142,14,17339
Kia,Ceed,2020,78779.0,Механика,Полный,Седан,840825,6,13130
Hyundai,Tucson,2020,135217.0,Автомат,Полный,Седан,774813,6,22536
Volkswagen,Golf,2019,117435.0,Автомат,Полный,Седан,692574,7,16776
Toyota,Corolla,2018,122389.0,Механика,Передний,Кроссовер,1252193,8,15299
Volkswagen,Polo,2022,76149.0,Механика,Передний,Седан,1035300,4,19037
Kia,Sportage,2012,165995.0,Механика,Полный,Кроссовер,258251,14,11857
BMW,3 Series,2011,238242.0,Автомат,Передний,Седан,266933,15,15883
Hyundai,Solaris,2018,155842.0,Автомат,Передний,Седан,431499,8,19480
Volkswagen,Polo,2009,219235.0,Автомат,Полный,Кроссовер,289231,17,12896
BMW,5 Series,2008,247170.0,Автомат,Передний,Седан,265244,18,13732
Hyundai,Solaris,2020,89542.0,Автомат,Полный,Хэтчбек,755830,6,14924
Toyota,Corolla,2016,122500.0,Механика,Передний,Седан,1011881,10,12250
Kia,Sportage,2021,86016.0,Автомат,Задний,Седан,1020587,5,17203
Kia,Rio,2023,44985.0,Механика,Передний,Седан,1638875,3,14995
Toyota,Land Cruiser,2013,248825.0,Механика,Задний,Кроссовер,288140,13,19140
Kia,Ceed,2011,116810.0,Механика,Передний,Кроссовер,342356,15,7787
Kia,Optima,2013,244996.0,Автомат,Передний,Седан,306028,13,18846
Toyota,Corolla,2016,140998.0,Робот,Полный,Кроссовер,815257,10,14100
Kia,Optima,2019,119000.0,Автомат,Передний,Хэтчбек,753273,7,17000
BMW,3 Series,2021,81824.0,Автомат,Задний,Кроссовер,1742455,5,16365
Toyota,Land Cruiser,2024,43069.0,Автомат,Передний,Хэтчбек,2752962,2,21534
BMW,X5,2012,281829.0,Механика,Передний,Хэтчбек,293183,14,20131
Volkswagen,Passat,2021,88705.0,Механика,Полный,Кроссовер,1157968,5,17741
Hyundai,Santa Fe,2015,83937.0,Автомат,Полный,Хэтчбек,464460,11,7631
Kia,Rio,2019,106939.5,Автомат,Полный,Кроссовер,832694,7,15277
BMW,3 Series,2023,57274.0,Механика,Полный,Хэтчбек,2111802,3,19091
BMW,X3,2016,133730.0,Робот,Передний,Хэтчбек,808216,10,13373
BMW,X3,2023,31784.0,Механика,Полный,Седан,2801065,3,10595
Kia,Sportage,2015,171054.0,Робот,Передний,Седан,271528,11,15550
Kia,Ceed,2022,60598.0,Механика,Полный,Седан,1276686,4,15150
BMW,3 Series,2015,139287.0,Робот,Задний,Кроссовер,795601,11,12662
Kia,Optima,2015,213815.0,Автомат,Полный,Седан,283115,11,19438
Kia,Ceed,2021,90029.0,Автомат,Передний,Седан,1057279,5,18006
Hyundai,ix35,2013,192492.0,Автомат,Передний,Седан,292931,13,14807
BMW,X3,2021,77787.0,Автомат,Полный,Кроссовер,2094065,5,15557
Hyundai,ix35,2013,85207.0,Механика,Передний,Хэтчбек,306877,13,6554
Toyota,Corolla,2009,289652.0,Робот,Передний,Седан,316550,17,17038
Kia,Optima,2009,402318.0,Автомат,Передний,Седан,294583,17,23666
BMW,5 Series,2009,302091.0,Механика,Полный,Седан,311932,17,17770
Hyundai,Solaris,2022,72660.0,Робот,Полный,Седан,1051452,4,18165
BMW,X5,2008,193761.0,Автомат,Задний,Кроссовер,281522,18,10764
BMW,3 Series,2009,132135.0,Механика,Передний,Седан,305318,17,7773
BMW,X3,2009,419110.0,Автомат,Полный,Седан,268844,17,24654
Toyota,RAV4,2021,55177.0,Механика,Передний,Кроссовер,1932444,5,11035
Kia,Rio,2013,76006.0,Робот,Задний,Кроссовер,314791,13,5847
Kia,Ceed,2024,34061.0,Робот,Полный,Хэтчбек,1521200,2,17030
Toyota,Camry,2009,221929.0,Автомат,Передний,Седан,259739,17,13055
Kia,Sportage,2021,80617.0,Автомат,Передний,Хэтчбек,1085418,5,16123
Kia,Ceed,2013,165368.0,Механика,Полный,Кроссовер,313235,13,12721
BMW,3 Series,2016,159137.0,Механика,Передний,Кроссовер,793794,10,15914
Hyundai,Tucson,2016,186302.0,Автомат,Полный,Кроссовер,294132,10,18630
Hyundai,ix35,2023,41018.0,Автомат,Полный,Кроссовер,1443236,3,13673
Volkswagen,Passat,2014,242527.0,Автомат,Полный,Седан,266659,12,20211
Kia,Sportage,2016,189752.0,Автомат,Полный,Кроссовер,313493,10,18975
Volkswagen,Golf,2009,336280.0,Механика,Полный,Седан,322081,17,19781
Hyundai,Solaris,2011,220999.0,Механика,Задний,Хэтчбек,326213,15,14733
Volkswagen,Passat,2010,204874.0,Механика,Задний,Седан,267291,16,12805
Toyota,RAV4,2013,125555.0,Робот,Полный,Седан,515293,13,9658
BMW,5 Series,2020,64966.0,Механика,Передний,Седан,1955372,6,10828
Toyota,Camry,2023,58275.0,Автомат,Полный,Седан,2236311,3,19425
Toyota,Corolla,2018,106797.0,Автомат,Передний,Седан,1093700,8,13350
Kia,Ceed,2017,111460.0,Механика,Передний,Хэтчбек,568406,9,12384
Volkswagen,Passat,2016,188314.0,Механика,Передний,Кроссовер,305247,10,18831
BMW,X3,2010,247866.0,Механика,Передний,Кроссовер,322142,16,15492
BMW,5 Series,2012,127605.0,Автомат,Передний,Седан,556541,14,9115
Volkswagen,Tiguan,2020,110938.0,Автомат,Передний,Хэтчбек,769043,6,18490
Volkswagen,Golf,2018,121750.0,Механика,Задний,Кроссовер,499947,8,15219
Hyundai,Santa Fe,2016,203569.0,Автомат,Полный,Хэтчбек,300014,10,20357
Volkswagen,Passat,2016,136218.0,Автомат,Задний,Седан,398448,10,13622
Hyundai,Santa Fe,2010,216080.0,Автомат,Передний,Хэтчбек,342023,16,13505
Toyota,Corolla,2016,180104.0,Робот,Передний,Кроссовер,828552,10,18010
Toyota,Land Cruiser,2013,192571.0,Механика,Передний,Хэтчбек,325998,13,14813
Volkswagen,Tiguan,2024,26609.0,Автомат,Полный,Седан,1636906,2,13304
BMW,3 Series,2011,243802.0,Автомат,Передний,Кроссовер,258371,15,16253
BMW,X5,2019,90041.0,Механика,Передний,Седан,1386932,7,12863
Hyundai,Tucson,2012,205654.0,Робот,Передний,Хэтчбек,264657,14,14690
Kia,Rio,2010,296696.0,Автомат,Передний,Хэтчбек,299121,16,18544
Toyota,Corolla,2011,154761.0,Механика,Передний,Седан,279267,15,10317
Hyundai,Solaris,2009,184027.0,Механика,Передний,Кроссовер,295616,17,10825
BMW,X5,2023,33399.0,Автомат,Полный,Седан,2336458,3,11133
Toyota,Camry,2009,149445.0,Автомат,Полный,Хэтчбек,323926,17,8791
Toyota,Corolla,2011,190587.0,Механика,Полный,Хэтчбек,343706,15,12706
BMW,5 Series,2024,23244.0,Механика,Полный,Седан,2951315,2,11622
BMW,X3,2010,192477.0,Автомат,Передний,Седан,281463,16,12030
BMW,X3,2015,144490.0,Автомат,Полный,Кроссовер,684789,11,13135
Hyundai,ix35,2022,56845.0,Автомат,Полный,Кроссовер,1419566,4,14211
Hyundai,ix35,2020,89542.0,Механика,Полный,Хэтчбек,901343,6,14924
Hyundai,Tucson,2015,102216.0,Автомат,Передний,Хэтчбек,373417,11,9292
BMW,3 Series,2010,204861.0,Механика,Передний,Кроссовер,256924,16,12804
Toyota,RAV4,2013,152619.0,Автомат,Передний,Хэтчбек,528581,13,11740
BMW,X5,2024,23710.0,Робот,Полный,Хэтчбек,2636444,2,11855
BMW,3 Series,2008,259650.0,Автомат,Полный,Хэтчбек,282924,18,14425
Volkswagen,Polo,2018,82090.0,Механика,Полный,Кроссовер,743997,8,10261
BMW,X5,2015,200331.0,Механика,Полный,Седан,614523,11,18212
BMW,3 Series,2022,57679.0,Автомат,Передний,Кроссовер,2450905,4,14420
Toyota,Camry,2012,212093.0,Механика,Передний,Хэтчбек,319827,14,15150
Kia,Sportage,2014,215624.0,Механика,Полный,Хэтчбек,327615,12,17969
Volkswagen,Tiguan,2015,179772.0,Автомат,Полный,Седан,316483,11,16343
Toyota,Corolla,2017,170553.0,Механика,Полный,Кроссовер,904744,9,18950
BMW,3 Series,2017,84574.0,Механика,Полный,Кроссовер,1051025,9,9397
BMW,5 Series,2012,176776.0,Автомат,Полный,Седан,328317,14,12627
Toyota,Land Cruiser,2018,115488.0,Автомат,Задний,Седан,1171450,8,14436
Hyundai,Tucson,2017,124087.0,Механика,Полный,Кроссовер,416022,9,13787
Toyota,Corolla,2022,61858.0,Механика,Передний,Хэтчбек,1878204,4,15464
Toyota,Camry,2019,106939.5,Автомат,Полный,Седан,1269481,7,15277
Kia,Optima,2022,77680.0,Робот,Передний,Седан,1085816,4,19420
BMW,5 Series,2018,121969.0,Автомат,Задний,Кроссовер,1361595,8,15246
Volkswagen,Passat,2024,17015.0,Механика,Передний,Хэтчбек,1721929,2,8508
Volkswagen,Passat,2018,68774.0,Автомат,Задний,Хэтчбек,649345,8,8597
Hyundai,Tucson,2021,69186.0,Автомат,Передний,Седан,1185147,5,13837
Toyota,RAV4,2011,185058.0,Автомат,Передний,Седан,315828,15,12337
Toyota,Camry,2013,192051.0,Механика,Полный,Седан,359882,13,14773
Volkswagen,Passat,2017,164739.0,Механика,Полный,Хэтчбек,297307,9,18304
Kia,Ceed,2017,101007.0,Автомат,Передний,Кроссовер,517087,9,11223
Volkswagen,Tiguan,2016,146853.0,Автомат,Передний,Седан,269858,10,14685
BMW,3 Series,2015,153621.0,Механика,Передний,Кроссовер,668819,11,13966
Kia,Sportage,2019,100802.0,Автомат,Передний,Кроссовер,793275,7,14400
BMW,5 Series,2009,328000.0,Автомат,Полный,Седан,274567,17,19294
BMW,3 Series,2022,50422.0,Автомат,Полный,Кроссовер,2401014,4,12606
Toyota,Camry,2015,194609.0,Автомат,Задний,Кроссовер,488184,11,17692
Hyundai,Solaris,2023,25895.0,Автомат,Полный,Кроссовер,1494168,3,8632
Volkswagen,Golf,2017,65444.0,Механика,Передний,Седан,755796,9,7272
Toyota,Corolla,2009,209421.0,Механика,Передний,Кроссовер,327750,17,12319
Kia,Sportage,2015,236649.0,Механика,Передний,Седан,279218,11,21514
Hyundai,Solaris,2008,154213.0,Автомат,Передний,Седан,271305,18,8567
Hyundai,Santa Fe,2019,124286.0,Робот,Передний,Хэтчбек,708440,7,17755
Kia,Optima,2012,243153.0,Механика,Полный,Седан,284759,14,17368
Hyundai,Santa Fe,2011,170757.0,Автомат,Полный,Седан,268054,15,11384
Toyota,RAV4,2008,372854.0,Робот,Полный,Кроссовер,336002,18,20714
Volkswagen,Tiguan,2012,339850.0,Автомат,Полный,Хэтчбек,319818,14,24275
BMW,5 Series,2012,116559.0,Механика,Передний,Седан,602527,14,8326
Toyota,Corolla,2020,74063.0,Автомат,Полный,Седан,1600683,6,12344
Hyundai,Santa Fe,2022,67296.0,Автомат,Передний,Кроссовер,1325394,4,16824
Volkswagen,Golf,2014,176832.0,Автомат,Передний,Кроссовер,304784,12,14736
Hyundai,Santa Fe,2024,34803.0,Автомат,Полный,Седан,1778253,2,17402
Volkswagen,Passat,2016,158877.0,Автомат,Передний,Хэтчбек,304711,10,15888
Toyota,RAV4,2023,33202.0,Механика,Полный,Седан,2710112,3,11067
Kia,Optima,2017,185065.0,Механика,Полный,Хэтчбек,320671,9,20563
BMW,5 Series,2022,42179.0,Автомат,Полный,Хэтчбек,2559685,4,10545
Kia,Ceed,2015,106469.0,Механика,Передний,Хэтчбек,406257,11,9679
Kia,Optima,2021,104470.0,Механика,Полный,Хэтчбек,869866,5,20894
Hyundai,Solaris,2016,154470.0,Автомат,Передний,Седан,284141,10,15447
Volkswagen,Polo,2012,176018.0,Автомат,Передний,Седан,334843,14,12573
BMW,5 Series,2018,169907.0,Механика,Полный,Хэтчбек,942633,8,21238
Kia,Rio,2008,221279.0,Робот,Передний,Хэтчбек,341696,18,12293
Hyundai,Santa Fe,2010,289296.0,Робот,Передний,Седан,264016,16,18081
Kia,Rio,2016,162397.0,Механика,Передний,Седан,326120,10,16240
Volkswagen,Polo,2009,227655.0,Механика,Передний,Кроссовер,275571,17,13391
Hyundai,Tucson,2010,133110.0,Автомат,Передний,Хэтчбек,318575,16,8319
Kia,Ceed,2009,267814.0,Автомат,Передний,Седан,334415,17,15754
Volkswagen,Golf,2021,55197.0,Механика,Передний,Хэтчбек,1064396,5,11039
Volkswagen,Passat,2010,268272.0,Автомат,Передний,Седан,261201,16,16767
Toyota,Corolla,2021,105972.0,Робот,Передний,Хэтчбек,1707938,5,21194
Toyota,Land Cruiser,2024,29712.0,Автомат,Полный,Седан,2527431,2,14856
Volkswagen,Tiguan,2008,256110.0,Механика,Передний,Хэтчбек,270455,18,14228
BMW,X5,2017,168540.0,Механика,Передний,Кроссовер,892539,9,18727
Hyundai,Tucson,2011,217004.0,Механика,Передний,Кроссовер,332510,15,14467
Hyundai,Santa Fe,2018,136797.0,Автомат,Передний,Кроссовер,457746,8,17100
BMW,5 Series,2017,169290.0,Автомат,Передний,Седан,975569,9,18810
Toyota,Land Cruiser,2016,83269.0,Автомат,Полный,Кроссовер,1204458,10,8327
Kia,Rio,2015,182998.0,Автомат,Передний,Седан,320489,11,16636
Volkswagen,Polo,2015,228691.0,Автомат,Полный,Седан,311479,11,20790
Hyundai,Tucson,2010,267983.0,Механика,Передний,Кроссовер,298596,16,16749
Hyundai,Solaris,2015,81716.0,Автомат,Полный,Седан,491350,11,7429
Hyundai,Santa Fe,2010,352007.0,Механика,Передний,Кроссовер,267163,16,22000
Hyundai,ix35,2024,32416.0,Автомат,Передний,Седан,1861610,2,16208
Hyundai,Santa Fe,2021,86822.0,Автомат,Полный,Кроссовер,1078671,5,17364
Toyota,Camry,2012,228667.0,Механика,Передний,Хэтчбек,340600,14,16333
Volkswagen,Golf,2015,168685.0,Автомат,Полный,Кроссовер,305713,11,15335
Toyota,Camry,2009,211908.0,Автомат,Полный,Хэтчбек,260083,17,12465
Kia,Ceed,2018,123296.0,Автомат,Передний,Хэтчбек,484193,8,15412
BMW,3 Series,2014,189760.0,Робот,Передний,Кроссовер,531031,12,15813
BMW,3 Series,2011,139705.0,Автомат,Передний,Кроссовер,333318,15,9314
BMW,X3,2019,90126.0,Механика,Передний,Седан,1297408,7,12875
Kia,Optima,2009,378758.0,Автомат,Передний,Кроссовер,334604,17,22280
Volkswagen,Polo,2010,215257.0,Автомат,Полный,Седан,282503,16,13454
Toyota,RAV4,2021,53522.0,Робот,Передний,Седан,2243729,5,10704
Hyundai,Tucson,2021,70385.0,Механика,Задний,Седан,1026519,5,14077
BMW,X3,2010,146168.0,Автомат,Передний,Хэтчбек,298796,16,9136
BMW,X3,2021,51445.0,Механика,Полный,Седан,1792413,5,10289
Kia,Rio,2024,23644.0,Автомат,Передний,Кроссовер,1890969,2,11822
Hyundai,Solaris,2010,251049.0,Механика,Передний,Кроссовер,283745,16,15691
Hyundai,Tucson,2016,152945.0,Автомат,Полный,Седан,257676,10,15294
BMW,X5,2009,160522.0,Автомат,Полный,Хэтчбек,332666,17,9442
Toyota,Camry,2009,109193.0,Автомат,Передний,Хэтчбек,336371,17,6423
Volkswagen,Tiguan,2011,144927.0,Автомат,Полный,Кроссовер,284270,15,9662
BMW,X3,2024,24270.0,Механика,Передний,Хэтчбек,2781796,2,12135
BMW,5 Series,2010,139038.0,Механика,Полный,Седан,305907,16,8690
BMW,3 Series,2010,285665.0,Автомат,Передний,Седан,307707,16,17854
Kia,Ceed,2011,240367.0,Автомат,Передний,Хэтчбек,258550,15,16024
Volkswagen,Golf,2019,98062.0,Автомат,Передний,Седан,674745,7,14009
BMW,X5,2014,171688.0,Механика,Передний,Седан,455137,12,14307
Toyota,Camry,2013,127261.0,Робот,Передний,Хэтчбек,650310,13,9789
Volkswagen,Polo,2024,31298.0,Автомат,Полный,Кроссовер,1528589,2,15649
Hyundai,Santa Fe,2011,251406.0,Автомат,Передний,Хэтчбек,333385,15,16760
Volkswagen,Tiguan,2023,44251.0,Автомат,Полный,Кроссовер,1634773,3,14750
Volkswagen,Polo,2009,122201.0,Автомат,Задний,Седан,313374,17,7188
BMW,X5,2015,154973.0,Автомат,Передний,Кроссовер,795150,11,14088
Volkswagen,Polo,2019,157824.0,Автомат,Передний,Хэтчбек,589663,7,22546
Kia,Optima,2008,338600.0,Автомат,Полный,Хэтчбек,320507,18,18811
Kia,Optima,2012,275191.0,Автомат,Передний,Хэтчбек,286630,14,19656
BMW,5 Series,2015,121562.0,Автомат,Передний,Хэтчбек,796307,11,11051
Toyota,Land Cruiser,2011,320358.0,Робот,Полный,Хэтчбек,261120,15,21357
Toyota,Camry,2016,146835.0,Механика,Передний,Седан,877252,10,14684
Volkswagen,Passat,2017,192834.0,Автомат,Полный,Хэтчбек,261629,9,21426
Kia,Optima,2011,325490.0,Автомат,Передний,Хэтчбек,309943,15,21699
BMW,X3,2018,132888.0,Автомат,Задний,Хэтчбек,1005261,8,16611
Hyundai,ix35,2016,101970.0,Автомат,Передний,Кроссовер,507964,10,10197
Toyota,Corolla,2015,117594.0,Механика,Задний,Седан,950519,11,10690
Hyundai,Solaris,2013,212046.0,Автомат,Передний,Седан,277983,13,16311
Toyota,Camry,2011,253897.0,Автомат,Передний,Седан,292351,15,16926
BMW,X5,2014,173206.0,Автомат,Полный,Кроссовер,575922,12,14434
Toyota,Land Cruiser,2018,88653.0,Механика,Передний,Седан,1458771,8,11082
Hyundai,Santa Fe,2012,213376.0,Автомат,Передний,Хэтчбек,287525,14,15241
Kia,Rio,2011,73654.0,Робот,Задний,Хэтчбек,306102,15,4910
Hyundai,ix35,2019,116199.0,Автомат,Полный,Хэтчбек,671436,7,16600
Toyota,Land Cruiser,2012,176604.0,Механика,Задний,Седан,321153,14,12615
Kia,Rio,2011,273887.0,Механика,Передний,Хэтчбек,260172,15,18259
Toyota,Camry,2015,118173.0,Автомат,Полный,Хэтчбек,772035,11,10743
Volkswagen,Passat,2020,90899.0,Механика,Полный,Хэтчбек,902112,6,15150
Volkswagen,Passat,2019,94602.0,Робот,Полный,Седан,765459,7,13515
Kia,Optima,2022,73522.0,Автомат,Полный,Седан,1222227,4,18380
Kia,Sportage,2020,83662.0,Автомат,Передний,Хэтчбек,820427,6,13944
Toyota,Corolla,2010,160259.0,Механика,Передний,Хэтчбек,312757,16,10016
Toyota,Corolla,2023,45715.0,Робот,Передний,Кроссовер,2496836,3,15238
Volkswagen,Golf,2019,131112.0,Автомат,Полный,Хэтчбек,679246,7,18730
Toyota,Land Cruiser,2008,331187.0,Автомат,Передний,Хэтчбек,279693,18,18399
Kia,Rio,2010,358302.0,Автомат,Передний,Кроссовер,294464,16,22394
BMW,X5,2024,36214.0,Автомат,Полный,Хэтчбек,2959002,2,18107
BMW,5 Series,2016,118985.0,Механика,Передний,Кроссовер,920080,10,11898
Volkswagen,Polo,2014,153986.0,Автомат,Передний,Хэтчбек,316926,12,12832
BMW,X3,2020,104425.0,Механика,Передний,Хэтчбек,1624727,6,17404
Hyundai,Santa Fe,2013,169196.0,Автомат,Передний,Хэтчбек,259986,13,13015
BMW,X3,2016,164175.0,Робот,Задний,Хэтчбек,818642,10,16418
Volkswagen,Golf,2020,83067.0,Автомат,Передний,Кроссовер,1052854,6,13844
BMW,X3,2017,24256.0,Механика,Полный,Седан,1202120,9,2695
Hyundai,Tucson,2017,100987.0,Автомат,Передний,Кроссовер,606569,9,11221
BMW,X5,2017,119936.0,Автомат,Передний,Кроссовер,1087413,9,13326
Kia,Sportage,2016,121988.0,Автомат,Полный,Хэтчбек,351217,10,12199
Toyota,RAV4,2015,218607.0,Робот,Полный,Кроссовер,506276,11,19873
Volkswagen,Passat,2008,338714.0,Автомат,Задний,Седан,336023,18,18817
Toyota,Land Cruiser,2014,233952.0,Автомат,Передний,Седан,293231,12,19496
Volkswagen,Polo,2014,194261.0,Автомат,Задний,Кроссовер,256398,12,16188
Toyota,RAV4,2024,38726.0,Механика,Передний,Хэтчбек,3127638,2,19363
Kia,Sportage,2017,130795.0,Робот,Передний,Кроссовер,449737,9,14533
Kia,Rio,2016,149434.0,Автомат,Передний,Хэтчбек,288284,10,14943
Kia,Ceed,2010,235137.0,Автомат,Передний,Хэтчбек,275839,16,14696
Toyota,Land Cruiser,2012,219520.0,Автомат,Передний,Седан,333179,14,15680
Kia,Sportage,2012,218869.0,Механика,Полный,Кроссовер,314726,14,15634
BMW,3 Series,2008,261761.0,Автомат,Передний,Хэтчбек,327900,18,14542
Toyota,Camry,2017,107209.0,Автомат,Передний,Седан,1135801,9,11912
Volkswagen,Passat,2014,129363.0,Автомат,Передний,Хэтчбек,287249,12,10780
Kia,Ceed,2024,23959.0,Робот,Передний,Седан,1912541,2,11980
Volkswagen,Passat,2009,328624.0,Автомат,Полный,Хэтчбек,283055,17,19331
Kia,Sportage,2009,150273.0,Автомат,Передний,Кроссовер,314642,17,8840
BMW,3 Series,2018,160697.0,Механика,Задний,Хэтчбек,1203766,8,20087
Hyundai,ix35,2018,142043.0,Механика,Передний,Кроссовер,468079,8,17755
BMW,3 Series,2009,259631.0,Автомат,Полный,Хэтчбек,324305,17,15272
Volkswagen,Passat,2017,152202.0,Автомат,Передний,Хэтчбек,345713,9,16911
BMW,5 Series,2015,105340.0,Автомат,Передний,Хэтчбек,913706,11,9576
Volkswagen,Tiguan,2018,126372.0,Механика,Полный,Кроссовер,588474,8,15796
Toyota,RAV4,2017,174211.0,Автомат,Передний,Хэтчбек,943085,9,19357
BMW,5 Series,2010,163714.0,Автомат,Передний,Хэтчбек,302272,16,10232
Volkswagen,Golf,2014,200576.0,Автомат,Полный,Хэтчбек,299718,12,16715
Kia,Optima,2013,184675.0,Механика,Полный,Хэтчбек,257700,13,14206
BMW,X5,2020,116367.0,Автомат,Полный,Кроссовер,1759463,6,19394
Hyundai,Tucson,2008,276972.0,Автомат,Полный,Хэтчбек,286713,18,15387
Hyundai,Tucson,2008,267079.0,Механика,Передний,Кроссовер,315665,18,14838
Kia,Rio,2016,111302.0,Робот,Передний,Кроссовер,487832,10,11130
Hyundai,ix35,2012,255822.0,Автомат,Полный,Седан,272605,14,18273
BMW,X5,2010,162056.0,Автомат,Полный,Кроссовер,270916,16,10128
BMW,X5,2015,150697.0,Автомат,Передний,Кроссовер,788255,11,13700
BMW,X3,2020,85828.0,Механика,Полный,Седан,1465269,6,14305
Volkswagen,Polo,2015,147402.0,Автомат,Передний,Кроссовер,313392,11,13400
Kia,Rio,2011,128378.0,Механика,Передний,Кроссовер,310867,15,8559
Toyota,Land Cruiser,2011,191534.0,Автомат,Полный,Седан,304986,15,12769
Toyota,Camry,2023,52501.0,Автомат,Полный,Кроссовер,2647458,3,17500
Hyundai,ix35,2013,211323.0,Автомат,Передний,Хэтчбек,280616,13,16256
Toyota,Land Cruiser,2012,212280.0,Автомат,Задний,Хэтчбек,338899,14,15163
Kia,Rio,2019,117134.0,Автомат,Передний,Хэтчбек,711193,7,16733
Kia,Rio,2015,155350.0,Автомат,Полный,Седан,324522,11,14123
Volkswagen,Golf,2018,160658.0,Автомат,Задний,Седан,453546,8,20082
BMW,3 Series,2021,88642.0,Механика,Полный,Седан,2033888,5,17728
Toyota,Corolla,2008,240821.0,Автомат,Полный,Хэтчбек,327767,18,13379
BMW,3 Series,2017,172337.0,Механика,Передний,Седан,878647,9,19149
Hyundai,Tucson,2022,78019.0,Автомат,Полный,Седан,1034323,4,19505
Kia,Sportage,2008,267079.0,Робот,Полный,Седан,260710,18,14838
Volkswagen,Polo,2015,132168.0,Автомат,Задний,Хэтчбек,295207,11,12015
Kia,Sportage,2023,44861.0,Робот,Полный,Хэтчбек,1430717,3,14954
BMW,X5,2010,232769.0,Автомат,Передний,Хэтчбек,284076,16,14548
BMW,X5,2019,10877.0,Автомат,Передний,Кроссовер,1781747,7,1554
BMW,X3,2017,125634.0,Автомат,Полный,Хэтчбек,941622,9,13959
Volkswagen,Passat,2023,26754.0,Механика,Задний,Хэтчбек,1442567,3,8918
Toyota,RAV4,2008,236648.0,Механика,Передний,Хэтчбек,287330,18,13147
BMW,3 Series,2011,274576.0,Автомат,Полный,Кроссовер,263650,15,18305
BMW,3 Series,2022,55864.0,Автомат,Передний,Седан,2196521,4,13966
Kia,Ceed,2013,104343.0,Автомат,Передний,Хэтчбек,261218,13,8026
Toyota,Corolla,2015,153532.0,Механика,Передний,Кроссовер,670325,11,13957
BMW,X3,2013,192442.0,Автомат,Передний,Кроссовер,372024,13,14803
Kia,Rio,2023,73811.0,Автомат,Полный,Седан,1280221,3,24604
Toyota,Land Cruiser,2024,35638.0,Робот,Полный,Седан,2581050,2,17819
BMW,X5,2024,21790.0,Автомат,Задний,Хэтчбек,3042351,2,10895
BMW,X3,2013,70808.0,Механика,Передний,Седан,859810,13,5447
Kia,Optima,2017,148972.0,Автомат,Передний,Хэтчбек,420016,9,16552
Toyota,RAV4,2024,26468.0,Автомат,Передний,Хэтчбек,2669480,2,13234
Hyundai,ix35,2022,42572.0,Механика,Передний,Хэтчбек,1112864,4,10643
Hyundai,Santa Fe,2024,42036.0,Автомат,Передний,Хэтчбек,1599049,2,21018
Hyundai,Tucson,2020,106164.0,Робот,Полный,Кроссовер,722904,6,17694
Hyundai,ix35,2015,74466.0,Механика,Передний,Кроссовер,430780,11,6770
Volkswagen,Polo,2014,181325.0,Автомат,Передний,Седан,290351,12,15110
BMW,3 Series,2016,150275.0,Механика,Задний,Хэтчбек,773416,10,15028
Toyota,Camry,2015,39623.0,Автомат,Передний,Седан,1234398,11,3602
Hyundai,Santa Fe,2018,139934.0,Механика,Передний,Кроссовер,551313,8,17492
Kia,Optima,2021,76262.0,Автомат,Передний,Кроссовер,1199606,5,15252
Toyota,Corolla,2008,154807.0,Автомат,Передний,Седан,340545,18,8600
Kia,Optima,2013,88781.0,Механика,Передний,Хэтчбек,327376,13,6829
Hyundai,ix35,2020,98619.0,Автомат,Передний,Седан,755497,6,16436
BMW,X3,2008,329127.0,Автомат,Передний,Хэтчбек,299593,18,18285
Hyundai,Tucson,2008,287581.0,Автомат,Полный,Хэтчбек,293515,18,15977
Kia,Sportage,2016,158840.0,Автомат,Полный,Кроссовер,324836,10,15884
Volkswagen,Golf,2011,252195.0,Автомат,Передний,Хэтчбек,277055,15,16813
Volkswagen,Polo,2016,168180.0,Автомат,Передний,Хэтчбек,314427,10,16818
Toyota,RAV4,2022,24286.0,Робот,Полный,Кроссовер,2235626,4,6072
BMW,X5,2019,111848.0,Механика,Передний,Хэтчбек,1286653,7,15978
Volkswagen,Passat,2022,83607.0,Автомат,Полный,Хэтчбек,1176358,4,20902
Hyundai,Solaris,2024,33400.0,Механика,Полный,Седан,1517713,2,16700
Hyundai,Santa Fe,2018,166733.0,Механика,Передний,Кроссовер,428111,8,20842
Volkswagen,Golf,2012,228144.0,Автомат,Передний,Кроссовер,333010,14,16296
BMW,5 Series,2023,34705.0,Робот,Передний,Кроссовер,2366672,3,11568
Volkswagen,Golf,2020,78090.0,Автомат,Передний,Седан,1011836,6,13015
Kia,Optima,2008,267079.0,Автомат,Полный,Хэтчбек,305775,18,14838
Kia,Optima,2014,140330.0,Механика,Задний,Хэтчбек,280264,12,11694
Volkswagen,Polo,2016,136396.0,Автомат,Передний,Хэтчбек,307276,10,13640
Volkswagen,Tiguan,2019,111098.0,Автомат,Передний,Кроссовер,740518,7,15871
Hyundai,Solaris,2019,100791.0,Механика,Передний,Хэтчбек,742474,7,14399
Hyundai,Tucson,2016,181171.0,Автомат,Передний,Хэтчбек,256792,10,18117
Kia,Optima,2015,180082.0,Автомат,Полный,Седан,277159,11,16371
Toyota,Camry,2010,200853.0,Автомат,Передний,Седан,332640,16,12553
Volkswagen,Golf,2023,46837.0,Автомат,Полный,Седан,1564811,3,15612
Kia,Optima,2011,265682.0,Автомат,Задний,Седан,329188,15,17712
BMW,X5,2024,32916.0,Механика,Передний,Хэтчбек,2574732,2,16458
Volkswagen,Passat,2018,142473.0,Робот,Полный,Хэтчбек,529013,8,17809
BMW,5 Series,2016,159466.0,Механика,Полный,Седан,794773,10,15947
Kia,Rio,2012,224620.0,Автомат,Передний,Кроссовер,324142,14,16044
Kia,Ceed,2023,48877.0,Автомат,Передний,Хэтчбек,1624454,3,16292
BMW,5 Series,2022,89771.0,Автомат,Полный,Седан,2241575,4,22443
Volkswagen,Polo,2012,221805.0,Автомат,Передний,Седан,284213,14,15843
Kia,Optima,2024,30172.0,Автомат,Полный,Кроссовер,1568689,2,15086
BMW,X3,2011,236172.0,Автомат,Передний,Седан,303082,15,15745
Volkswagen,Polo,2017,154931.0,Автомат,Передний,Хэтчбек,349157,9,17215
Toyota,RAV4,2018,130516.0,Механика,Задний,Хэтчбек,1091664,8,16314
Volkswagen,Passat,2015,193255.0,Механика,Передний,Кроссовер,282124,11,17569
Hyundai,Solaris,2008,305378.0,Автомат,Полный,Кроссовер,268893,18,16965
Volkswagen,Golf,2021,31884.0,Механика,Полный,Хэтчбек,1074605,5,6377
BMW,3 Series,2024,31021.0,Автомат,Полный,Хэтчбек,2586726,2,15510
Hyundai,Santa Fe,2024,34726.0,Автомат,Передний,Хэтчбек,1533493,2,17363
Kia,Optima,2011,232526.0,Механика,Передний,Кроссовер,301182,15,15502
Kia,Sportage,2009,270212.0,Автомат,Полный,Кроссовер,306650,17,15895
Toyota,Camry,2017,104378.0,Механика,Задний,Кроссовер,1299080,9,11598
BMW,X3,2009,240596.0,Механика,Полный,Кроссовер,265734,17,14153
Kia,Optima,2023,33526.0,Автомат,Полный,Кроссовер,1608659,3,11175
Toyota,Land Cruiser,2023,51068.0,Автомат,Передний,Седан,2540516,3,17023
Volkswagen,Polo,2009,276294.0,Автомат,Передний,Кроссовер,344768,17,16253
Volkswagen,Passat,2016,137293.0,Механика,Полный,Седан,310795,10,13729
Toyota,Land Cruiser,2012,147316.0,Робот,Полный,Седан,469575,14,10523
Kia,Ceed,2010,210060.0,Робот,Передний,Кроссовер,333089,16,13129
BMW,X5,2011,205625.0,Механика,Полный,Седан,279801,15,13708
Hyundai,Solaris,2012,223756.0,Автомат,Передний,Хэтчбек,293043,14,15983
Kia,Sportage,2016,128102.0,Автомат,Полный,Кроссовер,407329,10,12810
Volkswagen,Tiguan,2019,85839.0,Механика,Полный,Хэтчбек,824566,7,12263
Kia,Sportage,2020,61843.0,Механика,Задний,Седан,1130748,6,10307
Kia,Rio,2022,46980.0,Автомат,Полный,Седан,1356776,4,11745
Volkswagen,Passat,2024,38743.0,Автомат,Полный,Седан,1454871,2,19372
Volkswagen,Tiguan,2024,32912.0,Механика,Полный,Хэтчбек,1808626,2,16456
Toyota,RAV4,2024,20241.0,Механика,Передний,Кроссовер,2574401,2,10120
Hyundai,Solaris,2017,207839.0,Робот,Полный,Хэтчбек,293243,9,23093
Volkswagen,Passat,2022,62952.0,Автомат,Полный,Хэтчбек,1333034,4,15738
Volkswagen,Tiguan,2012,187455.0,Механика,Полный,Кроссовер,306243,14,13390
Toyota,Camry,2014,152295.0,Механика,Передний,Седан,582285,12,12691
Volkswagen,Golf,2011,182163.0,Автомат,Передний,Кроссовер,306007,15,12144
Kia,Rio,2022,70789.0,Автомат,Передний,Хэтчбек,1213330,4,17697
Hyundai,Tucson,2009,240886.0,Автомат,Полный,Кроссовер,316746,17,14170
Kia,Sportage,2010,228161.0,Робот,Задний,Кроссовер,327867,16,14260
Volkswagen,Passat,2013,288829.0,Робот,Задний,Седан,302731,13,22218
BMW,3 Series,2011,225648.5,Автомат,Полный,Седан,475393,15,15043
Hyundai,ix35,2008,150978.0,Механика,Полный,Кроссовер,330183,18,8388
Kia,Optima,2008,263565.0,Автомат,Передний,Кроссовер,335280,18,14642
Volkswagen,Passat,2019,122235.0,Автомат,Полный,Хэтчбек,575828,7,17462
Toyota,Camry,2008,291214.0,Автомат,Полный,Хэтчбек,295303,18,16179
Kia,Sportage,2020,95132.0,Автомат,Задний,Седан,953074,6,15855
Toyota,Camry,2015,113643.0,Автомат,Задний,Кроссовер,921237,11,10331
Volkswagen,Tiguan,2008,345408.0,Механика,Задний,Седан,272267,18,19189
Toyota,Corolla,2014,234967.0,Автомат,Полный,Кроссовер,264633,12,19581
Hyundai,Santa Fe,2022,78938.0,Механика,Передний,Седан,1306787,4,19734
BMW,X3,2011,271814.0,Робот,Передний,Хэтчбек,273855,15,18121
BMW,X3,2010,164682.0,Автомат,Передний,Кроссовер,306060,16,10293
Kia,Optima,2023,49721.0,Робот,Задний,Хэтчбек,1530339,3,16574
Volkswagen,Golf,2009,161354.0,Автомат,Передний,Кроссовер,297069,17,9491
Kia,Optima,2019,106312.0,Автомат,Передний,Седан,815589,7,15187
BMW,X5,2019,119003.0,Автомат,Полный,Седан,1487053,7,17000
Volkswagen,Polo,2023,20144.0,Робот,Задний,Кроссовер,1665546,3,6715
BMW,5 Series,2023,41338.0,Автомат,Передний,Кроссовер,2539918,3,13779
Volkswagen,Polo,2011,225648.5,Механика,Полный,Седан,311394,15,15043
Toyota,RAV4,2023,37781.0,Автомат,Полный,Кроссовер,2513129,3,12594
BMW,3 Series,2017,194079.0,Автомат,Задний,Седан,899960,9,21564
Toyota,RAV4,2021,73788.0,Механика,Передний,Кроссовер,1934058,5,14758
Hyundai,Solaris,2020,89542.0,Механика,Полный,Седан,955610,6,14924
Volkswagen,Golf,2008,410571.0,Робот,Задний,Кроссовер,315347,18,22810
Kia,Sportage,2017,114442.0,Робот,Передний,Седан,440133,9,12716
Kia,Optima,2011,109592.0,Автомат,Полный,Седан,262072,15,7306
Hyundai,Solaris,2009,349830.0,Автомат,Полный,Хэтчбек,287497,17,20578
BMW,5 Series,2016,146835.0,Автомат,Полный,Хэтчбек,896304,10,14684
Volkswagen,Tiguan,2010,154382.0,Механика,Полный,Седан,271716,16,9649
BMW,X3,2018,138182.0,Автомат,Полный,Хэтчбек,1178275,8,17273
BMW,5 Series,2008,292100.0,Автомат,Полный,Кроссовер,306791,18,16228
Kia,Sportage,2011,229048.0,Автомат,Полный,Хэтчбек,304773,15,15270
Volkswagen,Tiguan,2010,192455.0,Автомат,Полный,Кроссовер,274841,16,12028
Toyota,RAV4,2017,58940.0,Автомат,Передний,Хэтчбек,1424491,9,6549
Volkswagen,Tiguan,2013,215346.0,Автомат,Полный,Кроссовер,334585,13,16565
BMW,X3,2010,266205.0,Автомат,Передний,Кроссовер,276049,16,16638
Volkswagen,Golf,2015,125380.0,Автомат,Передний,Кроссовер,305057,11,11398
Volkswagen,Golf,2013,162116.0,Механика,Передний,Седан,283682,13,12470
Hyundai,ix35,2024,38592.0,Механика,Передний,Кроссовер,1529493,2,19296
Kia,Sportage,2011,303930.0,Механика,Задний,Седан,287423,15,20262
Toyota,RAV4,2012,241939.0,Автомат,Полный,Кроссовер,288806,14,17281
Volkswagen,Tiguan,2021,92275.0,Автомат,Передний,Кроссовер,1145381,5,18455
Toyota,Corolla,2023,72552.0,Автомат,Задний,Кроссовер,2409462,3,24184
Hyundai,Santa Fe,2024,25936.0,Робот,Полный,Седан,1601606,2,12968
Hyundai,Tucson,2018,133040.0,Механика,Передний,Хэтчбек,485603,8,16630
Hyundai,Tucson,2014,186430.0,Механика,Передний,Кроссовер,260096,12,15536
Toyota,RAV4,2015,149515.0,Автомат,Задний,Седан,794193,11,13592
Hyundai,Tucson,2011,207334.0,Автомат,Полный,Хэтчбек,335002,15,13822
Hyundai,Tucson,2018,196439.0,Автомат,Полный,Кроссовер,267489,8,24555
Hyundai,ix35,2019,161807.0,Механика,Полный,Седан,545654,7,23115
Hyundai,Santa Fe,2013,218138.0,Автомат,Задний,Кроссовер,263502,13,16780
Toyota,Corolla,2012,168301.0,Механика,Полный,Седан,348164,14,12022
Volkswagen,Tiguan,2023,39164.0,Механика,Передний,Седан,1351292,3,13055
Volkswagen,Golf,2017,150641.0,Автомат,Полный,Кроссовер,416190,9,16738
Kia,Ceed,2015,147505.0,Автомат,Передний,Кроссовер,326197,11,13410
Toyota,Camry,2020,89542.0,Автомат,Передний,Хэтчбек,1778166,6,14924
Kia,Sportage,2017,142771.0,Автомат,Передний,Хэтчбек,352783,9,15863
Hyundai,Tucson,2024,18920.0,Автомат,Передний,Кроссовер,1917710,2,9460
Toyota,RAV4,2008,365158.0,Автомат,Задний,Седан,272916,18,20287
BMW,3 Series,2024,56039.0,Автомат,Передний,Кроссовер,2312437,2,28020
Toyota,Land Cruiser,2010,259608.0,Автомат,Полный,Седан,260260,16,16226
Hyundai,Santa Fe,2019,132236.0,Механика,Передний,Кроссовер,656102,7,18891
BMW,5 Series,2008,205979.0,Автомат,Полный,Хэтчбек,334646,18,11443
Volkswagen,Polo,2013,204640.0,Автомат,Полный,Кроссовер,308433,13,15742
Hyundai,Solaris,2022,64771.0,Автомат,Передний,Кроссовер,1383352,4,16193
Hyundai,Solaris,2015,128728.0,Механика,Полный,Хэтчбек,276479,11,11703
Hyundai,Solaris,2019,82566.0,Автомат,Передний,Хэтчбек,758054,7,11795
Hyundai,Solaris,2015,139129.0,Автомат,Передний,Седан,260658,11,12648
BMW,5 Series,2008,170909.0,Робот,Передний,Кроссовер,323070,18,9495
Hyundai,Santa Fe,2018,121568.0,Робот,Полный,Хэтчбек,564392,8,15196
Kia,Sportage,2012,274103.0,Механика,Передний,Седан,343684,14,19579
Hyundai,Tucson,2024,37880.0,Механика,Полный,Седан,1556047,2,18940
BMW,X5,2020,88429.0,Механика,Полный,Кроссовер,1914816,6,14738
Kia,Optima,2019,119292.0,Автомат,Полный,Кроссовер,649033,7,17042
Kia,Rio,2017,194473.0,Автомат,Передний,Кроссовер,330825,9,21608
Volkswagen,Passat,2016,109110.0,Автомат,Передний,Хэтчбек,479284,10,10911
Toyota,Land Cruiser,2011,167512.0,Автомат,Передний,Кроссовер,272801,15,11167
Kia,Sportage,2023,63828.0,Автомат,Передний,Седан,1538506,3,21276
Hyundai,Solaris,2021,80992.0,Автомат,Полный,Кроссовер,1164685,5,16198
BMW,X3,2020,132197.0,Механика,Полный,Хэтчбек,1414595,6,22033
BMW,X5,2010,211712.0,Автомат,Передний,Хэтчбек,270075,16,13232
Volkswagen,Tiguan,2008,371324.0,Автомат,Полный,Кроссовер,332747,18,20629
Hyundai,ix35,2023,46211.0,Автомат,Полный,Седан,1367677,3,15404
Kia,Ceed,2008,225193.0,Автомат,Полный,Хэтчбек,297583,18,12511
BMW,X3,2022,74782.0,Автомат,Передний,Седан,1914306,4,18696
Volkswagen,Passat,2024,25516.0,Механика,Полный,Хэтчбек,1619307,2,12758
Toyota,RAV4,2016,146835.0,Механика,Задний,Кроссовер,998841,10,14684
Toyota,RAV4,2008,207069.0,Автомат,Передний,Хэтчбек,310118,18,11504
Kia,Optima,2012,232450.0,Автомат,Полный,Кроссовер,259487,14,16604
Toyota,Camry,2009,270438.0,Автомат,Передний,Кроссовер,265716,17,15908
Volkswagen,Tiguan,2009,337571.0,Автомат,Передний,Кроссовер,305157,17,19857
Hyundai,Santa Fe,2020,88506.0,Механика,Полный,Кроссовер,886038,6,14751
Hyundai,Santa Fe,2016,216431.0,Робот,Полный,Седан,291655,10,21643
Hyundai,ix35,2021,75834.0,Автомат,Передний,Седан,1211420,5,15167
Toyota,Land Cruiser,2017,181101.0,Механика,Полный,Кроссовер,851786,9,20122
Toyota,Camry,2018,134451.0,Автомат,Передний,Кроссовер,1138569,8,16806
Kia,Ceed,2015,162872.0,Автомат,Полный,Седан,330734,11,14807
Hyundai,Santa Fe,2010,304085.0,Автомат,Полный,Кроссовер,290054,16,19005
Hyundai,ix35,2015,193179.0,Автомат,Передний,Хэтчбек,293420,11,17562
Toyota,Corolla,2022,57683.0,Автомат,Передний,Хэтчбек,1878883,4,14421
Toyota,Land Cruiser,2015,103073.0,Автомат,Передний,Кроссовер,852863,11,9370
BMW,3 Series,2008,219826.0,Автомат,Задний,Седан,320742,18,12213
Kia,Rio,2010,277304.0,Робот,Полный,Хэтчбек,300611,16,17332
Volkswagen,Polo,2022,52381.0,Автомат,Полный,Седан,1356039,4,13095
Hyundai,Solaris,2022,93594.0,Автомат,Полный,Седан,1283556,4,23398
BMW,3 Series,2024,27901.0,Автомат,Задний,Хэтчбек,2538814,2,13950
BMW,5 Series,2017,132475.0,Автомат,Передний,Седан,1138510,9,14719
Hyundai,Tucson,2024,29958.0,Механика,Передний,Хэтчбек,1839334,2,14979
Kia,Rio,2023,43807.0,Робот,Полный,Седан,1275365,3,14602
BMW,X3,2008,273259.0,Автомат,Передний,Кроссовер,293620,18,15181
Toyota,Camry,2019,132633.0,Автомат,Полный,Хэтчбек,1153915,7,18948
Toyota,Corolla,2009,229609.0,Автомат,Передний,Седан,310466,17,13506
Toyota,Camry,2017,191070.0,Автомат,Задний,Хэтчбек,925532,9,21230
Volkswagen,Passat,2008,433148.0,Автомат,Передний,Кроссовер,256243,18,24064
Toyota,Land Cruiser,2022,47451.0,Автомат,Передний,Хэтчбек,2566123,4,11863
BMW,X3,2012,203447.0,Автомат,Полный,Кроссовер,323052,14,14532
Hyundai,Santa Fe,2023,38149.0,Механика,Задний,Кроссовер,1286411,3,12716
Hyundai,Solaris,2016,117366.0,Автомат,Полный,Хэтчбек,451681,10,11737
BMW,3 Series,2024,30172.0,Автомат,Полный,Кроссовер,3095127,2,15086
Kia,Rio,2016,196616.0,Робот,Передний,Кроссовер,319141,10,19662
Toyota,Land Cruiser,2011,225648.5,Механика,Полный,Кроссовер,284127,15,15043
Toyota,Camry,2008,321821.0,Механика,Полный,Кроссовер,293369,18,17879
Volkswagen,Golf,2012,132283.0,Автомат,Передний,Хэтчбек,342333,14,9449
Volkswagen,Polo,2016,170174.0,Механика,Передний,Кроссовер,275649,10,17017
Toyota,Land Cruiser,2014,96524.0,Автомат,Передний,Седан,778040,12,8044
Hyundai,Santa Fe,2012,181302.0,Автомат,Полный,Кроссовер,324905,14,12950
Hyundai,Solaris,2023,42930.0,Автомат,Передний,Седан,1234178,3,14310
Kia,Optima,2024,25558.0,Автомат,Передний,Хэтчбек,1517051,2,12779
Toyota,RAV4,2013,233531.0,Автомат,Задний,Седан,318817,13,17964
BMW,3 Series,2024,36796.0,Автомат,Полный,Кроссовер,2879752,2,18398
BMW,X5,2012,259825.0,Автомат,Передний,Седан,267705,14,18559
Kia,Sportage,2024,25403.0,Робот,Передний,Седан,1771658,2,12702
Toyota,Corolla,2012,271027.0,Автомат,Передний,Седан,335861,14,19359
Hyundai,ix35,2009,185105.0,Механика,Полный,Кроссовер,274467,17,10889
BMW,X5,2022,68889.0,Автомат,Задний,Хэтчбек,2366986,4,17222
BMW,5 Series,2010,289042.0,Механика,Передний,Хэтчбек,290475,16,18065
BMW,5 Series,2024,31239.0,Автомат,Задний,Кроссовер,2940156,2,15620
Hyundai,Santa Fe,2021,73788.0,Механика,Полный,Хэтчбек,991495,5,14758
Kia,Sportage,2012,72863.0,Механика,Передний,Седан,340871,14,5204
Volkswagen,Passat,2023,39253.0,Автомат,Полный,Кроссовер,1559283,3,13084
BMW,X5,2023,37609.0,Автомат,Полный,Седан,2299910,3,12536
Kia,Rio,2012,313429.0,Механика,Полный,Хэтчбек,310280,14,22388
Volkswagen,Tiguan,2020,79000.0,Автомат,Полный,Кроссовер,896247,6,13167
Toyota,Land Cruiser,2016,110061.0,Автомат,Полный,Седан,946035,10,11006
BMW,5 Series,2021,87243.0,Автомат,Передний,Кроссовер,1932218,5,17449
Toyota,Camry,2008,322746.0,Робот,Полный,Кроссовер,271887,18,17930
Toyota,RAV4,2011,163733.0,Автомат,Задний,Хэтчбек,311050,15,10916
Kia,Optima,2013,246089.0,Автомат,Задний,Хэтчбек,340629,13,18930
Volkswagen,Polo,2012,213622.0,Автомат,Передний,Седан,287240,14,15259
Volkswagen,Golf,2013,301133.0,Автомат,Задний,Хэтчбек,311786,13,23164
Hyundai,ix35,2019,90961.0,Автомат,Полный,Кроссовер,881933,7,12994
BMW,3 Series,2023,59968.0,Автомат,Полный,Кроссовер,2516693,3,19989
BMW,3 Series,2018,106113.0,Автомат,Передний,Кроссовер,1118148,8,13264
Toyota,RAV4,2014,153984.0,Робот,Полный,Кроссовер,512981,12,12832
Volkswagen,Tiguan,2017,145879.0,Автомат,Полный,Седан,377933,9,16209
Toyota,Camry,2021,86645.0,Автомат,Передний,Хэтчбек,1745826,5,17329
Toyota,Camry,2012,154782.0,Автомат,Полный,Седан,355148,14,11056
Toyota,RAV4,2015,84921.0,Механика,Передний,Хэтчбек,803363,11,7720
Toyota,RAV4,2012,319076.0,Механика,Передний,Кроссовер,279172,14,22791
Toyota,RAV4,2016,209231.0,Механика,Полный,Кроссовер,655223,10,20923
Toyota,Land Cruiser,2009,148214.0,Робот,Задний,Седан,284968,17,8718
Kia,Sportage,2021,79794.0,Робот,Передний,Седан,931900,5,15959
Volkswagen,Passat,2015,213648.0,Механика,Передний,Хэтчбек,342735,11,19423
Hyundai,Solaris,2018,145282.0,Автомат,Полный,Кроссовер,541969,8,18160
BMW,5 Series,2019,115254.0,Автомат,Передний,Хэтчбек,1433334,7,16465
Volkswagen,Tiguan,2011,236336.0,Автомат,Полный,Седан,270991,15,15756
Hyundai,Santa Fe,2018,82086.0,Автомат,Полный,Хэтчбек,616508,8,10261
Toyota,RAV4,2008,255623.0,Автомат,Передний,Кроссовер,287969,18,14201
BMW,3 Series,2017,162943.0,Автомат,Передний,Кроссовер,1052259,9,18105
Kia,Optima,2015,214866.0,Механика,Полный,Кроссовер,304278,11,19533
Toyota,RAV4,2009,83856.0,Механика,Задний,Хэтчбек,416603,17,4933
Toyota,Corolla,2015,151607.0,Автомат,Полный,Хэтчбек,744864,11,13782
BMW,5 Series,2016,139759.0,Механика,Передний,Кроссовер,873032,10,13976
Kia,Optima,2012,193683.0,Автомат,Передний,Седан,318368,14,13834
Toyota,Camry,2013,233383.0,Механика,Полный,Седан,343045,13,17953
Kia,Optima,2010,120802.0,Автомат,Полный,Хэтчбек,306967,16,7550
BMW,3 Series,2024,45667.0,Автомат,Передний,Хэтчбек,2530360,2,22834
Kia,Rio,2020,84107.0,Автомат,Полный,Кроссовер,822841,6,14018
Hyundai,Santa Fe,2024,27776.0,Робот,Передний,Хэтчбек,1888591,2,13888
Toyota,Camry,2021,98356.0,Автомат,Полный,Седан,1596435,5,19671
Toyota,RAV4,2011,122618.0,Автомат,Передний,Кроссовер,457824,15,8175
Kia,Ceed,2024,33069.0,Автомат,Полный,Седан,1811286,2,16534
Kia,Rio,2008,204953.0,Механика,Передний,Хэтчбек,333228,18,11386
Volkswagen,Golf,2013,103333.0,Автомат,Задний,Седан,258527,13,7949
Hyundai,Solaris,2016,131022.0,Робот,Полный,Седан,337575,10,13102
Kia,Optima,2012,212565.0,Автомат,Передний,Хэтчбек,265687,14,15183
Volkswagen,Tiguan,2023,47999.0,Автомат,Передний,Кроссовер,1520162,3,16000
BMW,3 Series,2014,180082.0,Механика,Передний,Седан,567192,12,15007
Volkswagen,Tiguan,2017,125526.0,Механика,Передний,Кроссовер,491622,9,13947
Toyota,Land Cruiser,2021,73817.0,Автомат,Передний,Седан,2213746,5,14763
Kia,Optima,2014,172618.0,Автомат,Полный,Седан,304407,12,14385
Kia,Ceed,2008,326901.0,Автомат,Полный,Хэтчбек,314602,18,18161
Hyundai,Santa Fe,2018,111006.0,Автомат,Передний,Седан,649972,8,13876
Kia,Optima,2015,133211.0,Автомат,Передний,Хэтчбек,296285,11,12110
Toyota,Camry,2022,47521.0,Механика,Передний,Хэтчбек,2509590,4,11880
Hyundai,Solaris,2013,103517.0,Механика,Полный,Кроссовер,288842,13,7963
Toyota,RAV4,2011,153413.0,Механика,Передний,Хэтчбек,323983,15,10228
Toyota,Camry,2022,40605.0,Робот,Задний,Хэтчбек,2453714,4,10151
Toyota,Camry,2023,33681.0,Автомат,Задний,Седан,2216379,3,11227
Toyota,Corolla,2019,121374.0,Автомат,Передний,Кроссовер,1285460,7,17339
Hyundai,Santa Fe,2016,138201.0,Механика,Передний,Хэтчбек,372042,10,13820
Hyundai,Santa Fe,2020,85358.0,Автомат,Полный,Хэтчбек,813863,6,14226
Hyundai,Tucson,2023,47350.0,Автомат,Задний,Кроссовер,1486684,3,15783
Hyundai,Tucson,2022,56226.0,Механика,Полный,Кроссовер,1168677,4,14056
Kia,Rio,2011,268362.0,Автомат,Передний,Хэтчбек,279382,15,17891
Toyota,Camry,2010,283105.0,Автомат,Полный,Хэтчбек,258079,16,17694
Kia,Sportage,2010,218301.0,Автомат,Полный,Седан,323763,16,13644
Toyota,Camry,2024,25004.0,Механика,Полный,Кроссовер,3191499,2,12502
Kia,Sportage,2013,174289.0,Автомат,Передний,Кроссовер,264494,13,13407
Kia,Rio,2024,22360.0,Механика,Передний,Кроссовер,1832836,2,11180
Kia,Optima,2012,244217.0,Автомат,Передний,Седан,287244,14,17444
BMW,5 Series,2009,311983.0,Механика,Передний,Седан,298165,17,18352
Kia,Sportage,2019,139006.0,Автомат,Полный,Седан,581743,7,19858
BMW,3 Series,2015,190213.0,Механика,Полный,Кроссовер,523726,11,17292
Kia,Optima,2016,118481.0,Автомат,Полный,Хэтчбек,437481,10,11848
Hyundai,ix35,2015,129805.0,Автомат,Передний,Хэтчбек,265721,11,11800
Toyota,Land Cruiser,2015,136747.0,Механика,Полный,Хэтчбек,729097,11,12432
Volkswagen,Passat,2015,131493.0,Автомат,Полный,Кроссовер,283009,11,11954
BMW,X5,2013,154848.0,Механика,Полный,Седан,442362,13,11911
Kia,Sportage,2011,251064.0,Автомат,Передний,Кроссовер,320207,15,16738
BMW,X3,2013,159777.0,Автомат,Передний,Хэтчбек,414338,13,12291
Kia,Rio,2014,168739.0,Автомат,Передний,Хэтчбек,337924,12,14062
Volkswagen,Polo,2018,127226.0,Автомат,Задний,Кроссовер,620152,8,15903
Kia,Sportage,2020,73704.0,Автомат,Задний,Хэтчбек,1003117,6,12284
Hyundai,ix35,2013,218653.0,Автомат,Передний,Кроссовер,271299,13,16819
Kia,Optima,2017,131067.0,Автомат,Передний,Хэтчбек,495147,9,14563
Hyundai,Solaris,2019,116371.0,Автомат,Передний,Седан,755215,7,16624
Kia,Optima,2016,187065.0,Механика,Передний,Кроссовер,332930,10,18706
Toyota,Camry,2012,167198.0,Механика,Задний,Кроссовер,369915,14,11943
Hyundai,Solaris,2010,300923.0,Автомат,Задний,Седан,335583,16,18808
Hyundai,Solaris,2023,43799.0,Автомат,Передний,Хэтчбек,1318207,3,14600
Volkswagen,Passat,2022,43509.0,Автомат,Полный,Кроссовер,1383860,4,10877
BMW,X3,2008,329570.0,Автомат,Задний,Седан,301183,18,18309
Volkswagen,Polo,2024,34557.0,Механика,Полный,Хэтчбек,1648477,2,17278
Volkswagen,Golf,2009,348895.0,Механика,Передний,Кроссовер,320092,17,20523
Toyota,Corolla,2012,154679.0,Механика,Передний,Седан,382343,14,11048
BMW,5 Series,2021,75254.0,Автомат,Передний,Седан,1973181,5,15051
BMW,X3,2016,168341.0,Механика,Передний,Кроссовер,832317,10,16834
Hyundai,Solaris,2021,56711.0,Механика,Полный,Хэтчбек,990858,5,11342
BMW,3 Series,2016,99835.0,Автомат,Передний,Седан,997676,10,9984
BMW,3 Series,2021,94562.0,Автомат,Передний,Кроссовер,1941328,5,18912
Hyundai,Solaris,2012,135794.0,Робот,Передний,Хэтчбек,262571,14,9700
Volkswagen,Passat,2008,315943.0,Механика,Полный,Седан,267009,18,17552
Toyota,Land Cruiser,2015,72454.0,Автомат,Полный,Седан,1063105,11,6587
Kia,Optima,2021,75519.0,Автомат,Передний,Хэтчбек,1097946,5,15104
Volkswagen,Tiguan,2015,126745.0,Автомат,Полный,Седан,300635,11,11522
Kia,Optima,2010,173692.0,Робот,Полный,Седан,269305,16,10856
Hyundai,ix35,2013,239166.0,Робот,Передний,Седан,264934,13,18397
BMW,3 Series,2014,170093.0,Механика,Передний,Седан,522641,12,14174
Volkswagen,Passat,2023,44496.0,Механика,Полный,Седан,1338311,3,14832
Volkswagen,Polo,2022,41617.0,Автомат,Полный,Хэтчбек,1471137,4,10404
Volkswagen,Polo,2022,49898.0,Автомат,Полный,Хэтчбек,1114248,4,12474
Volkswagen,Polo,2015,162157.0,Механика,Полный,Кроссовер,330026,11,14742
BMW,X3,2013,200997.0,Механика,Задний,Седан,287197,13,15461
Toyota,Corolla,2022,65147.0,Механика,Задний,Хэтчбек,2347362,4,16287
Hyundai,ix35,2017,175207.0,Механика,Передний,Кроссовер,330378,9,19467
BMW,X5,2013,257657.0,Автомат,Передний,Седан,325912,13,19820
Hyundai,Solaris,2016,76640.0,Механика,Полный,Кроссовер,504794,10,7664
Kia,Ceed,2016,125295.0,Автомат,Полный,Хэтчбек,438641,10,12530
BMW,5 Series,2017,153856.0,Механика,Передний,Седан,923760,9,17095
Toyota,RAV4,2023,37938.0,Механика,Полный,Кроссовер,2207095,3,12646
Kia,Sportage,2017,151352.0,Автомат,Передний,Хэтчбек,365229,9,16817
Hyundai,Tucson,2015,141448.0,Механика,Полный,Кроссовер,266975,11,12859
Hyundai,Santa Fe,2023,48566.0,Автомат,Передний,Кроссовер,1273555,3,16189
Toyota,Land Cruiser,2014,130130.0,Автомат,Полный,Кроссовер,593943,12,10844
Toyota,Corolla,2023,57853.0,Автомат,Полный,Кроссовер,2728090,3,19284
Hyundai,Tucson,2017,169829.0,Робот,Передний,Хэтчбек,270216,9,18870
Toyota,Corolla,2011,185675.0,Механика,Передний,Хэтчбек,281432,15,12378
Kia,Ceed,2010,322152.0,Автомат,Полный,Кроссовер,324482,16,20134
BMW,5 Series,2009,295656.0,Механика,Полный,Хэтчбек,287705,17,17392
Kia,Sportage,2009,190920.0,Автомат,Передний,Хэтчбек,279209,17,11231
Volkswagen,Golf,2014,201252.0,Механика,Передний,Седан,309560,12,16771
Toyota,Land Cruiser,2022,50871.0,Механика,Полный,Седан,2125958,4,12718
Volkswagen,Passat,2012,305534.0,Автомат,Полный,Хэтчбек,265303,14,21824
Toyota,Camry,2022,65249.0,Робот,Передний,Хэтчбек,2354948,4,16312
Hyundai,Santa Fe,2011,232238.0,Механика,Передний,Кроссовер,318265,15,15483
Hyundai,Solaris,2011,269660.0,Автомат,Полный,Хэтчбек,307639,15,17977
Hyundai,Solaris,2009,277765.0,Механика,Передний,Кроссовер,343970,17,16339
Kia,Sportage,2020,82279.0,Автомат,Передний,Кроссовер,812482,6,13713
Toyota,Camry,2023,57248.0,Автомат,Полный,Седан,2273387,3,19083
Volkswagen,Polo,2020,125269.0,Автомат,Полный,Кроссовер,869631,6,20878
Kia,Ceed,2009,227941.0,Робот,Полный,Кроссовер,272844,17,13408
Toyota,RAV4,2022,51510.0,Автомат,Передний,Седан,2464249,4,12878
Toyota,Land Cruiser,2021,69678.0,Автомат,Передний,Кроссовер,1691378,5,13936
Toyota,Corolla,2016,140818.0,Автомат,Передний,Седан,772980,10,14082
Volkswagen,Passat,2014,269404.0,Механика,Передний,Хэтчбек,264490,12,22450
Hyundai,Solaris,2017,151134.0,Автомат,Передний,Кроссовер,411258,9,16793
Kia,Sportage,2015,212879.0,Автомат,Задний,Седан,308932,11,19353
Toyota,Corolla,2013,172030.0,Механика,Полный,Хэтчбек,393712,13,13233
Toyota,RAV4,2015,165351.0,Автомат,Передний,Кроссовер,690117,11,15032
Kia,Sportage,2020,102593.0,Автомат,Передний,Седан,729509,6,17099
Toyota,Corolla,2013,150668.0,Автомат,Задний,Седан,463903,13,11590
Kia,Rio,2008,300697.0,Механика,Передний,Хэтчбек,311173,18,16705
Hyundai,Tucson,2014,160812.0,Автомат,Передний,Седан,295176,12,13401
Kia,Sportage,2015,216415.0,Механика,Задний,Хэтчбек,324377,11,19674
Toyota,Land Cruiser,2018,127809.0,Робот,Передний,Кроссовер,1024178,8,15976
Kia,Sportage,2019,102966.0,Автомат,Полный,Кроссовер,842043,7,14709
Hyundai,Tucson,2010,237882.0,Автомат,Полный,Седан,269979,16,14868
Hyundai,Tucson,2019,96149.0,Автомат,Задний,Кроссовер,719401,7,13736
Volkswagen,Tiguan,2022,55146.0,Автомат,Полный,Хэтчбек,1276869,4,13786
Kia,Rio,2012,257527.0,Механика,Полный,Седан,285040,14,18395
Volkswagen,Tiguan,2013,273306.0,Автомат,Полный,Хэтчбек,312523,13,21024
Toyota,Corolla,2022,62473.0,Автомат,Передний,Кроссовер,1951238,4,15618
BMW,X3,2013,227065.0,Автомат,Передний,Кроссовер,333837,13,17467
Hyundai,Solaris,2012,232861.0,Механика,Полный,Седан,269706,14,16633
Volkswagen,Polo,2012,168360.0,Автомат,Передний,Седан,344537,14,12026
BMW,X3,2018,121066.0,Автомат,Полный,Седан,1371837,8,15133
Toyota,RAV4,2011,236577.0,Автомат,Полный,Кроссовер,337638,15,15772
Kia,Rio,2024,39306.0,Автомат,Полный,Кроссовер,1449581,2,19653
Toyota,Land Cruiser,2012,315295.0,Автомат,Полный,Кроссовер,299345,14,22521
Hyundai,Tucson,2019,188982.0,Механика,Полный,Хэтчбек,478404,7,26997
Hyundai,ix35,2009,276009.0,Механика,Полный,Хэтчбек,336760,17,16236
Kia,Optima,2010,293672.0,Автомат,Полный,Кроссовер,312504,16,18354
Toyota,RAV4,2011,132678.0,Автомат,Полный,Седан,337994,15,8845
Hyundai,Solaris,2012,194451.0,Автомат,Передний,Хэтчбек,286389,14,13889
Kia,Optima,2018,142443.0,Робот,Передний,Кроссовер,438317,8,17805
Toyota,Camry,2017,145250.0,Механика,Полный,Кроссовер,937519,9,16139
BMW,3 Series,2023,36916.0,Автомат,Передний,Седан,2692087,3,12305
Kia,Ceed,2019,116189.0,Автомат,Передний,Кроссовер,749921,7,16598
BMW,X5,2012,190536.0,Автомат,Полный,Кроссовер,305863,14,13610
Volkswagen,Tiguan,2021,79666.0,Механика,Полный,Кроссовер,1166572,5,15933
BMW,X3,2015,150614.0,Автомат,Полный,Кроссовер,700918,11,13692
Volkswagen,Polo,2016,150847.0,Робот,Передний,Кроссовер,259992,10,15085
Hyundai,Solaris,2011,193569.0,Механика,Передний,Хэтчбек,336014,15,12905
Toyota,Corolla,2014,211867.0,Автомат,Передний,Хэтчбек,332114,12,17656
BMW,X3,2014,139507.0,Автомат,Передний,Кроссовер,700331,12,11626
BMW,5 Series,2012,205269.0,Автомат,Передний,Седан,263959,14,14662
Kia,Optima,2012,219645.0,Автомат,Передний,Кроссовер,264901,14,15689
Toyota,Land Cruiser,2014,173646.0,Автомат,Передний,Седан,485228,12,14470
Kia,Ceed,2015,110653.0,Механика,Передний,Кроссовер,362396,11,10059
Hyundai,ix35,2015,216088.0,Автомат,Передний,Хэтчбек,343156,11,19644
Toyota,Land Cruiser,2013,200586.0,Автомат,Полный,Седан,341244,13,15430
Kia,Rio,2013,132674.0,Автомат,Полный,Кроссовер,255822,13,10206
Kia,Sportage,2011,252057.0,Механика,Задний,Седан,328381,15,16804
Toyota,RAV4,2023,41393.0,Механика,Полный,Хэтчбек,2205745,3,13798
Hyundai,Solaris,2018,160949.0,Автомат,Задний,Кроссовер,388239,8,20119
Kia,Optima,2024,26678.0,Механика,Полный,Кроссовер,1579242,2,13339
Volkswagen,Polo,2010,296214.0,Автомат,Передний,Кроссовер,319021,16,18513
BMW,X3,2015,124182.0,Механика,Передний,Кроссовер,885709,11,11289
Volkswagen,Passat,2009,264118.0,Автомат,Полный,Седан,307467,17,15536
Toyota,Camry,2020,88947.0,Робот,Передний,Кроссовер,1695035,6,14824
Toyota,Corolla,2010,269861.0,Автомат,Полный,Седан,262690,16,16866
Toyota,Land Cruiser,2009,244468.0,Автомат,Задний,Седан,337739,17,14380
Toyota,RAV4,2020,97398.0,Автомат,Полный,Седан,1727878,6,16233
Kia,Ceed,2016,54149.0,Автомат,Передний,Кроссовер,546045,10,5415
Kia,Sportage,2009,353701.0,Автомат,Задний,Хэтчбек,262157,17,20806
BMW,5 Series,2019,56821.0,Автомат,Полный,Кроссовер,1674206,7,8117
Volkswagen,Polo,2008,247066.0,Автомат,Передний,Хэтчбек,311105,18,13726
Toyota,Land Cruiser,2022,73725.0,Механика,Передний,Хэтчбек,1929734,4,18431
Toyota,RAV4,2023,67422.0,Автомат,Полный,Кроссовер,2752033,3,22474
Hyundai,Solaris,2023,48612.0,Автомат,Передний,Кроссовер,1451432,3,16204
Hyundai,Santa Fe,2020,89542.0,Механика,Полный,Седан,862117,6,14924
Volkswagen,Golf,2011,299556.0,Автомат,Задний,Кроссовер,336972,15,19970
Kia,Optima,2016,132527.0,Автомат,Передний,Хэтчбек,404177,10,13253
Toyota,Camry,2015,140072.0,Автомат,Передний,Седан,732521,11,12734
Kia,Rio,2019,82781.0,Автомат,Полный,Кроссовер,846993,7,11826
Kia,Rio,2023,25890.0,Автомат,Передний,Седан,1527251,3,8630
Hyundai,Solaris,2009,247956.0,Автомат,Полный,Седан,337121,17,14586
Hyundai,Tucson,2008,280289.0,Механика,Передний,Седан,339485,18,15572
Toyota,Land Cruiser,2016,156844.0,Автомат,Передний,Кроссовер,810071,10,15684
Toyota,RAV4,2015,124880.0,Автомат,Передний,Седан,864946,11,11353
Toyota,RAV4,2012,255108.0,Автомат,Передний,Кроссовер,320609,14,18222
Volkswagen,Golf,2013,186207.0,Механика,Передний,Кроссовер,303738,13,14324
Toyota,RAV4,2019,136389.0,Автомат,Полный,Кроссовер,1360128,7,19484
BMW,5 Series,2011,267456.0,Автомат,Передний,Седан,320185,15,17830
Hyundai,Solaris,2017,133085.0,Автомат,Передний,Кроссовер,450757,9,14787
Toyota,RAV4,2023,22001.0,Автомат,Передний,Седан,2483027,3,7334
Hyundai,Tucson,2014,247714.0,Автомат,Полный,Хэтчбек,304262,12,20643
Kia,Ceed,2024,17435.0,Автомат,Передний,Кроссовер,1763194,2,8718
BMW,3 Series,2010,110763.0,Автомат,Полный,Хэтчбек,378552,16,6923
Kia,Optima,2022,60405.0,Автомат,Передний,Хэтчбек,1215206,4,15101
Hyundai,Tucson,2012,232878.0,Автомат,Полный,Кроссовер,278144,14,16634
Volkswagen,Polo,2016,137721.0,Механика,Передний,Кроссовер,313512,10,13772
Volkswagen,Tiguan,2013,176997.0,Автомат,Полный,Кроссовер,270710,13,13615
Volkswagen,Tiguan,2008,294335.0,Механика,Передний,Седан,261216,18,16352
Hyundai,ix35,2018,129553.0,Автомат,Полный,Седан,513487,8,16194
Volkswagen,Tiguan,2014,235730.0,Автомат,Задний,Седан,295331,12,19644
Volkswagen,Golf,2023,58021.0,Автомат,Передний,Седан,1199187,3,19340
Kia,Rio,2014,227504.0,Механика,Передний,Хэтчбек,338819,12,18959
Volkswagen,Polo,2017,77001.0,Автомат,Полный,Хэтчбек,638036,9,8556
Volkswagen,Polo,2013,264060.0,Автомат,Полный,Седан,325832,13,20312
Kia,Rio,2008,328574.0,Автомат,Передний,Кроссовер,312056,18,18254
Toyota,Land Cruiser,2010,234516.0,Автомат,Полный,Хэтчбек,323570,16,14657
BMW,5 Series,2014,112826.0,Автомат,Полный,Кроссовер,624304,12,9402
Toyota,Camry,2018,149615.0,Механика,Полный,Седан,1208420,8,18702
Volkswagen,Passat,2009,149708.0,Автомат,Передний,Седан,287893,17,8806
Kia,Rio,2024,27334.0,Автомат,Передний,Кроссовер,1594852,2,13667
BMW,5 Series,2014,125024.0,Робот,Передний,Хэтчбек,754288,12,10419
Toyota,Land Cruiser,2010,242895.0,Автомат,Полный,Седан,319399,16,15181
Kia,Sportage,2010,197555.0,Автомат,Полный,Кроссовер,308119,16,12347
Volkswagen,Passat,2023,32354.0,Автомат,Передний,Хэтчбек,1297347,3,10785
Toyota,RAV4,2008,217450.0,Робот,Передний,Седан,321205,18,12081
BMW,X5,2010,255034.0,Автомат,Полный,Хэтчбек,276426,16,15940
Toyota,Corolla,2008,230708.0,Автомат,Передний,Кроссовер,291706,18,12817
Hyundai,Tucson,2024,11157.0,Робот,Полный,Кроссовер,1587036,2,5578
Kia,Rio,2022,63364.0,Механика,Полный,Седан,1353087,4,15841
BMW,3 Series,2018,114689.0,Механика,Полный,Хэтчбек,1128615,8,14336
Hyundai,ix35,2015,104058.0,Механика,Передний,Кроссовер,336614,11,9460
Toyota,Land Cruiser,2015,165350.0,Автомат,Передний,Седан,735961,11,15032
Toyota,Corolla,2008,346204.0,Робот,Полный,Кроссовер,276566,18,19234
Toyota,Camry,2012,165442.0,Автомат,Передний,Кроссовер,315129,14,11817
Hyundai,Tucson,2020,119769.0,Механика,Полный,Кроссовер,857883,6,19962
Volkswagen,Passat,2023,31487.0,Автомат,Передний,Седан,1383078,3,10496
Volkswagen,Passat,2024,43076.0,Автомат,Передний,Седан,1768557,2,21538
Toyota,Corolla,2021,66517.0,Механика,Передний,Кроссовер,2000702,5,13303
Volkswagen,Golf,2013,143572.0,Механика,Передний,Кроссовер,297161,13,11044
Toyota,Corolla,2010,189436.0,Автомат,Полный,Кроссовер,279163,16,11840
Kia,Sportage,2017,220956.0,Автомат,Полный,Кроссовер,318116,9,24551
BMW,3 Series,2011,246766.0,Робот,Передний,Седан,292488,15,16451
Volkswagen,Passat,2020,80889.0,Автомат,Передний,Хэтчбек,824468,6,13482
BMW,5 Series,2024,23019.0,Автомат,Полный,Хэтчбек,2632608,2,11510
Hyundai,Santa Fe,2015,135430.0,Робот,Передний,Седан,331501,11,12312
Hyundai,Tucson,2009,188773.0,Механика,Задний,Хэтчбек,336300,17,11104
Volkswagen,Golf,2009,222313.0,Автомат,Полный,Кроссовер,276806,17,13077
Kia,Ceed,2017,163262.0,Автомат,Передний,Седан,377163,9,18140
BMW,3 Series,2016,148184.0,Автомат,Передний,Седан,849665,10,14818
Hyundai,Solaris,2024,20792.0,Автомат,Полный,Кроссовер,1844400,2,10396
BMW,X3,2021,78493.0,Автомат,Полный,Седан,1702190,5,15699
Kia,Rio,2021,79186.0,Автомат,Задний,Седан,1174310,5,15837
Volkswagen,Passat,2020,108678.0,Автомат,Передний,Кроссовер,851995,6,18113
Volkswagen,Polo,2009,258668.0,Автомат,Полный,Хэтчбек,262106,17,15216
BMW,X5,2017,141326.0,Автомат,Передний,Седан,882248,9,15703
BMW,5 Series,2011,258455.0,Механика,Полный,Хэтчбек,268406,15,17230
Volkswagen,Tiguan,2016,170009.0,Автомат,Полный,Хэтчбек,342063,10,17001
BMW,X3,2016,87305.0,Автомат,Передний,Хэтчбек,1202007,10,8730
Volkswagen,Passat,2024,30116.0,Автомат,Полный,Хэтчбек,1892140,2,15058
BMW,3 Series,2013,167341.0,Автомат,Полный,Хэтчбек,487748,13,12872
BMW,X3,2010,277492.0,Механика,Полный,Седан,317725,16,17343
Hyundai,ix35,2014,200780.0,Автомат,Передний,Седан,299042,12,16732
Hyundai,Tucson,2008,270007.0,Автомат,Полный,Кроссовер,295456,18,15000
BMW,X3,2015,186417.0,Автомат,Полный,Седан,584881,11,16947
Volkswagen,Passat,2015,205998.0,Автомат,Передний,Кроссовер,339271,11,18727
Hyundai,ix35,2016,171096.0,Автомат,Передний,Седан,287238,10,17110
BMW,X5,2019,114893.0,Автомат,Полный,Хэтчбек,1205474,7,16413
BMW,3 Series,2009,345523.0,Механика,Передний,Кроссовер,273498,17,20325
Toyota,Corolla,2011,286565.0,Механика,Передний,Кроссовер,311118,15,19104
Hyundai,Santa Fe,2017,111746.0,Автомат,Передний,Седан,452567,9,12416
Volkswagen,Polo,2021,98425.0,Автомат,Полный,Хэтчбек,1005197,5,19685
Volkswagen,Tiguan,2012,306499.0,Автомат,Передний,Седан,340203,14,21893
Kia,Optima,2018,99824.0,Автомат,Передний,Седан,658675,8,12478
BMW,X5,2021,83952.0,Автомат,Полный,Хэтчбек,2160019,5,16790
BMW,X5,2024,39756.0,Механика,Передний,Седан,2808279,2,19878
Kia,Ceed,2022,49306.0,Автомат,Полный,Седан,1094116,4,12326
Volkswagen,Tiguan,2010,315767.0,Механика,Передний,Хэтчбек,305175,16,19735
Toyota,RAV4,2023,66675.0,Автомат,Передний,Кроссовер,2523435,3,22225
BMW,5 Series,2013,167122.0,Автомат,Передний,Кроссовер,491389,13,12856
Toyota,Camry,2024,32443.0,Механика,Полный,Кроссовер,3196963,2,16222
Kia,Sportage,2016,221100.0,Механика,Полный,Седан,339394,10,22110
BMW,3 Series,2020,62533.0,Автомат,Полный,Хэтчбек,1923041,6,10422
Toyota,Camry,2010,166748.0,Механика,Передний,Седан,340963,16,10422
Kia,Ceed,2012,131616.0,Механика,Передний,Седан,320829,14,9401
Kia,Ceed,2019,66762.0,Автомат,Передний,Хэтчбек,944244,7,9537
Kia,Rio,2014,196678.0,Автомат,Полный,Кроссовер,258191,12,16390
Kia,Sportage,2021,82498.0,Механика,Полный,Седан,1160225,5,16500
Toyota,RAV4,2016,142256.0,Автомат,Задний,Седан,961244,10,14226
Kia,Sportage,2019,112334.0,Автомат,Задний,Кроссовер,668299,7,16048
Toyota,Corolla,2008,422930.0,Механика,Передний,Кроссовер,293321,18,23496
Hyundai,Solaris,2010,304279.0,Автомат,Передний,Хэтчбек,311386,16,19017
Toyota,Corolla,2010,294136.0,Автомат,Полный,Седан,286176,16,18384
Volkswagen,Passat,2022,71920.0,Автомат,Передний,Седан,1111397,4,17980
Kia,Optima,2010,279606.0,Автомат,Полный,Хэтчбек,285373,16,17475
Volkswagen,Tiguan,2009,263402.0,Автомат,Полный,Седан,311750,17,15494
Volkswagen,Golf,2023,38249.0,Механика,Полный,Седан,1405870,3,12750
Kia,Ceed,2023,20565.0,Автомат,Полный,Кроссовер,1449733,3,6855
Volkswagen,Golf,2024,36462.0,Автомат,Задний,Кроссовер,1663237,2,18231
Hyundai,Solaris,2009,213235.0,Автомат,Полный,Кроссовер,271653,17,12543
Kia,Rio,2011,200935.0,Механика,Передний,Кроссовер,328936,15,13396
Hyundai,ix35,2013,268068.0,Автомат,Полный,Кроссовер,343568,13,20621
Hyundai,Santa Fe,2008,363679.0,Автомат,Полный,Хэтчбек,313002,18,20204
Kia,Rio,2024,35277.0,Механика,Полный,Хэтчбек,1405220,2,17638
Toyota,RAV4,2015,151780.0,Автомат,Задний,Хэтчбек,726617,11,13798
Kia,Sportage,2013,117786.0,Робот,Передний,Седан,344349,13,9060
BMW,X5,2023,55041.0,Механика,Передний,Кроссовер,2656961,3,18347
Kia,Sportage,2013,193307.0,Автомат,Задний,Кроссовер,293857,13,14870
Toyota,Corolla,2023,36223.0,Автомат,Полный,Седан,2271943,3,12074
Volkswagen,Polo,2008,280717.0,Автомат,Полный,Седан,291780,18,15595
BMW,X3,2014,238114.0,Механика,Задний,Кроссовер,340963,12,19843
Volkswagen,Golf,2015,180759.0,Автомат,Передний,Седан,267768,11,16433
BMW,X3,2015,173927.0,Робот,Передний,Хэтчбек,593376,11,15812
BMW,5 Series,2022,86508.0,Автомат,Полный,Хэтчбек,1965838,4,21627
Hyundai,Santa Fe,2015,233643.0,Автомат,Передний,Кроссовер,338264,11,21240
Volkswagen,Polo,2009,355947.0,Механика,Полный,Хэтчбек,316465,17,20938
Toyota,RAV4,2015,155157.0,Механика,Передний,Кроссовер,724442,11,14105
BMW,5 Series,2008,313224.0,Механика,Передний,Седан,324373,18,17401
Volkswagen,Golf,2022,75277.0,Автомат,Передний,Хэтчбек,1325159,4,18819
Kia,Ceed,2020,108372.0,Автомат,Передний,Седан,716771,6,18062
Hyundai,Santa Fe,2010,190128.0,Автомат,Полный,Кроссовер,336601,16,11883
BMW,X5,2016,161457.0,Автомат,Полный,Кроссовер,848475,10,16146
Hyundai,Tucson,2017,81327.0,Автомат,Передний,Седан,578608,9,9036
Volkswagen,Passat,2022,78910.0,Автомат,Передний,Хэтчбек,1239313,4,19728
Kia,Sportage,2023,33205.0,Механика,Передний,Кроссовер,1420336,3,11068
Hyundai,Tucson,2021,83711.0,Автомат,Передний,Кроссовер,913533,5,16742
Volkswagen,Passat,2012,283635.0,Автомат,Полный,Хэтчбек,290492,14,20260
Hyundai,Tucson,2022,76293.0,Автомат,Передний,Седан,1157742,4,19073
Kia,Sportage,2024,29248.0,Автомат,Полный,Хэтчбек,1660203,2,14624
Toyota,RAV4,2010,220602.0,Автомат,Полный,Хэтчбек,267045,16,13788
Hyundai,ix35,2013,180574.0,Робот,Передний,Хэтчбек,308243,13,13890
Hyundai,Tucson,2012,172993.0,Робот,Задний,Кроссовер,300919,14,12357
Kia,Rio,2014,168763.0,Механика,Передний,Хэтчбек,302290,12,14064
Toyota,Camry,2017,110425.0,Механика,Передний,Хэтчбек,1110599,9,12269
Volkswagen,Tiguan,2009,185986.0,Автомат,Передний,Хэтчбек,291751,17,10940
Volkswagen,Golf,2024,39523.0,Автомат,Передний,Хэтчбек,1707328,2,19762
Hyundai,Tucson,2012,202991.0,Механика,Задний,Кроссовер,299540,14,14499
Volkswagen,Tiguan,2011,290439.0,Механика,Полный,Седан,321824,15,19363
BMW,5 Series,2013,273334.0,Автомат,Полный,Хэтчбек,321862,13,21026
Volkswagen,Passat,2018,122460.0,Автомат,Полный,Хэтчбек,555209,8,15308
Volkswagen,Golf,2012,278723.0,Автомат,Полный,Седан,329051,14,19909
Volkswagen,Passat,2008,263750.0,Автомат,Передний,Хэтчбек,301828,18,14653
Toyota,RAV4,2021,93418.0,Механика,Полный,Кроссовер,1684632,5,18684
Hyundai,Solaris,2023,51269.0,Автомат,Передний,Седан,1490819,3,17090
BMW,3 Series,2024,12573.0,Автомат,Полный,Хэтчбек,3259095,2,6286
Volkswagen,Passat,2023,28833.0,Робот,Передний,Хэтчбек,1436137,3,9611
BMW,X3,2018,126979.0,Автомат,Передний,Седан,1276371,8,15872
Kia,Optima,2013,213753.0,Робот,Полный,Хэтчбек,273658,13,16443
BMW,5 Series,2020,111514.0,Автомат,Полный,Седан,1619029,6,18586
Kia,Rio,2019,102222.0,Автомат,Задний,Кроссовер,652932,7,14603
Toyota,Corolla,2024,40640.0,Механика,Передний,Седан,2367089,2,20320
Kia,Rio,2013,204233.0,Механика,Полный,Хэтчбек,267634,13,15710
BMW,X5,2023,67306.0,Автомат,Полный,Хэтчбек,2400805,3,22435
Toyota,Corolla,2018,111105.0,Автомат,Полный,Хэтчбек,1161064,8,13888
Volkswagen,Polo,2021,68301.0,Робот,Передний,Хэтчбек,1045168,5,13660
Volkswagen,Passat,2015,177562.0,Автомат,Передний,Хэтчбек,317673,11,16142
Hyundai,ix35,2009,304949.0,Механика,Полный,Седан,312741,17,17938
Kia,Ceed,2014,183916.0,Автомат,Передний,Седан,266446,12,15326
BMW,5 Series,2017,137767.0,Механика,Полный,Хэтчбек,984515,9,15307
Kia,Optima,2018,108472.0,Автомат,Полный,Седан,565093,8,13559
Hyundai,ix35,2013,193130.0,Механика,Полный,Хэтчбек,256059,13,14856
Kia,Optima,2018,119520.0,Механика,Полный,Седан,519093,8,14940
Kia,Ceed,2020,116318.0,Автомат,Задний,Кроссовер,833369,6,19386
Volkswagen,Tiguan,2022,58640.0,Механика,Полный,Хэтчбек,1144861,4,14660
Toyota,RAV4,2008,269779.0,Автомат,Полный,Кроссовер,343053,18,14988
BMW,3 Series,2008,203633.0,Механика,Полный,Хэтчбек,318369,18,11313
BMW,3 Series,2008,229120.0,Автомат,Задний,Седан,321680,18,12729
Volkswagen,Tiguan,2013,298924.0,Автомат,Полный,Кроссовер,281669,13,22994
Hyundai,Santa Fe,2012,190243.0,Автомат,Передний,Кроссовер,324460,14,13589
Hyundai,Solaris,2009,176286.0,Автомат,Передний,Хэтчбек,279001,17,10370
Kia,Ceed,2020,75951.0,Автомат,Полный,Кроссовер,973415,6,12658
Toyota,Camry,2018,94411.0,Механика,Полный,Кроссовер,1251667,8,11801
Hyundai,Tucson,2008,229412.0,Автомат,Полный,Кроссовер,271163,18,12745
Hyundai,Tucson,2010,351605.0,Автомат,Полный,Кроссовер,273101,16,21975
Kia,Sportage,2014,197602.0,Автомат,Полный,Кроссовер,257576,12,16467
BMW,5 Series,2008,180980.0,Автомат,Передний,Седан,308447,18,10054
Toyota,Camry,2023,36257.0,Автомат,Задний,Седан,2181274,3,12086
Toyota,Camry,2012,232396.0,Механика,Передний,Седан,310989,14,16600
Kia,Ceed,2010,180844.0,Автомат,Передний,Хэтчбек,313398,16,11303
Volkswagen,Passat,2024,34651.0,Автомат,Передний,Седан,1463534,2,17326
Kia,Optima,2020,91920.0,Автомат,Задний,Седан,1000257,6,15320
Kia,Ceed,2014,154369.0,Автомат,Передний,Седан,304454,12,12864
Volkswagen,Passat,2018,119766.0,Механика,Передний,Кроссовер,534592,8,14971
Toyota,Corolla,2013,264861.0,Автомат,Передний,Кроссовер,269980,13,20374
Hyundai,Santa Fe,2008,173527.0,Автомат,Полный,Кроссовер,302738,18,9640
Kia,Sportage,2010,250957.0,Автомат,Передний,Хэтчбек,334144,16,15685
Kia,Ceed,2019,74541.0,Автомат,Полный,Седан,826697,7,10649
BMW,X5,2015,118173.0,Автомат,Передний,Хэтчбек,799255,11,10743
Kia,Ceed,2016,124425.0,Механика,Задний,Кроссовер,441374,10,12442
Volkswagen,Golf,2014,135969.0,Автомат,Задний,Седан,288789,12,11331
Kia,Rio,2017,94746.0,Механика,Полный,Хэтчбек,505103,9,10527
Toyota,Land Cruiser,2009,138046.0,Автомат,Передний,Хэтчбек,287907,17,8120
Kia,Sportage,2022,72103.0,Механика,Задний,Седан,1195182,4,18026
Kia,Sportage,2010,289506.0,Автомат,Полный,Кроссовер,325870,16,18094
Volkswagen,Golf,2022,66981.0,Автомат,Полный,Кроссовер,1364163,4,16745
Toyota,RAV4,2023,33543.0,Механика,Передний,Седан,2621999,3,11181
Toyota,Camry,2013,202584.0,Механика,Полный,Хэтчбек,348021,13,15583
Hyundai,Solaris,2010,241763.0,Автомат,Полный,Кроссовер,288942,16,15110
Kia,Ceed,2023,44880.0,Автомат,Полный,Кроссовер,1250719,3,14960
Volkswagen,Tiguan,2021,75240.0,Автомат,Передний,Кроссовер,930006,5,15048
BMW,5 Series,2008,220978.0,Механика,Задний,Кроссовер,278425,18,12277
Volkswagen,Golf,2008,182891.0,Автомат,Передний,Седан,323518,18,10161
Volkswagen,Polo,2013,143478.0,Механика,Полный,Седан,305559,13,11037
Hyundai,ix35,2019,134208.0,Робот,Полный,Кроссовер,561309,7,19173
Toyota,RAV4,2009,300250.0,Робот,Задний,Кроссовер,290911,17,17662
Volkswagen,Polo,2022,81055.0,Автомат,Полный,Хэтчбек,1299915,4,20264
Hyundai,Santa Fe,2016,254978.0,Автомат,Задний,Кроссовер,314323,10,25498
Volkswagen,Golf,2016,138073.0,Автомат,Полный,Кроссовер,386341,10,13807
Volkswagen,Tiguan,2015,183893.0,Механика,Передний,Седан,310275,11,16718
Hyundai,Tucson,2017,196785.0,Автомат,Передний,Седан,339125,9,21865
Volkswagen,Tiguan,2017,94814.0,Автомат,Полный,Седан,630505,9,10535
Volkswagen,Tiguan,2012,202532.0,Автомат,Передний,Седан,321624,14,14467
Volkswagen,Passat,2012,170968.0,Автомат,Полный,Хэтчбек,302115,14,12212
Toyota,RAV4,2020,114600.0,Автомат,Передний,Кроссовер,1408113,6,19100
Kia,Sportage,2024,13310.0,Автомат,Передний,Хэтчбек,1846178,2,6655
Hyundai,Santa Fe,2008,296376.0,Автомат,Полный,Седан,279505,18,16465
Hyundai,Solaris,2008,266322.0,Робот,Передний,Кроссовер,306236,18,14796
BMW,3 Series,2023,50631.0,Автомат,Полный,Кроссовер,2483840,3,16877
Hyundai,ix35,2015,245012.0,Автомат,Передний,Хэтчбек,295091,11,22274
BMW,X3,2018,155427.0,Автомат,Полный,Седан,976697,8,19428
BMW,3 Series,2012,187400.0,Автомат,Полный,Седан,287224,14,13386
Volkswagen,Passat,2010,320054.0,Автомат,Передний,Хэтчбек,339626,16,20003
BMW,X3,2014,157402.0,Автомат,Передний,Хэтчбек,494566,12,13117
Volkswagen,Polo,2010,268789.0,Автомат,Полный,Седан,334882,16,16799
Volkswagen,Golf,2015,199794.0,Автомат,Полный,Седан,327886,11,18163
Kia,Optima,2022,24300.0,Автомат,Передний,Хэтчбек,1259745,4,6075
Kia,Rio,2019,91136.0,Механика,Полный,Хэтчбек,893989,7,13019
Hyundai,Tucson,2024,49106.0,Механика,Задний,Седан,1444584,2,24553
Kia,Optima,2020,83532.0,Робот,Задний,Кроссовер,832637,6,13922
Volkswagen,Golf,2013,179008.0,Автомат,Передний,Кроссовер,334544,13,13770
BMW,X5,2020,100145.0,Автомат,Передний,Седан,1713639,6,16691
Hyundai,Solaris,2015,230701.0,Автомат,Полный,Хэтчбек,324093,11,20973
Toyota,Camry,2024,22063.0,Автомат,Полный,Хэтчбек,2759522,2,11032
Volkswagen,Passat,2010,176101.0,Автомат,Передний,Седан,259889,16,11006
Volkswagen,Passat,2014,167593.0,Автомат,Передний,Седан,344161,12,13966
Toyota,Land Cruiser,2024,38400.0,Автомат,Передний,Кроссовер,3132921,2,19200
Hyundai,Solaris,2024,42337.0,Механика,Задний,Хэтчбек,1677784,2,21168
Kia,Optima,2015,170527.0,Автомат,Полный,Кроссовер,304684,11,15502
Hyundai,Solaris,2013,194858.0,Механика,Полный,Хэтчбек,343708,13,14989
BMW,X5,2014,212429.0,Механика,Полный,Кроссовер,335219,12,17702
BMW,3 Series,2022,64111.0,Автомат,Полный,Хэтчбек,2485118,4,16028
Hyundai,Tucson,2008,231837.0,Автомат,Полный,Седан,310038,18,12880
BMW,3 Series,2009,228598.0,Автомат,Полный,Седан,274944,17,13447
BMW,X3,2019,99175.0,Автомат,Передний,Седан,1596780,7,14168
Kia,Rio,2010,275593.0,Автомат,Полный,Седан,310382,16,17225
BMW,5 Series,2009,134011.0,Механика,Передний,Кроссовер,322131,17,7883
Toyota,Land Cruiser,2016,206788.0,Автомат,Передний,Хэтчбек,594482,10,20679
Toyota,Camry,2010,73209.0,Робот,Передний,Хэтчбек,553625,16,4576
Volkswagen,Golf,2019,135201.0,Механика,Передний,Кроссовер,550190,7,19314
Volkswagen,Golf,2015,183732.0,Автомат,Передний,Кроссовер,277547,11,16703
Kia,Rio,2013,271395.0,Механика,Передний,Кроссовер,318956,13,20877
Toyota,RAV4,2013,159801.0,Механика,Передний,Кроссовер,474357,13,12292
BMW,X5,2015,184719.0,Механика,Полный,Седан,666876,11,16793
BMW,5 Series,2008,315224.0,Робот,Полный,Кроссовер,344421,18,17512
Volkswagen,Tiguan,2020,32749.0,Механика,Полный,Хэтчбек,1015738,6,5458
Toyota,RAV4,2008,126053.0,Механика,Передний,Седан,256881,18,7003
Volkswagen,Polo,2014,131941.0,Робот,Полный,Кроссовер,302577,12,10995
Volkswagen,Tiguan,2023,36128.0,Автомат,Задний,Хэтчбек,1417075,3,12043
Volkswagen,Polo,2015,191217.0,Автомат,Полный,Седан,285418,11,17383
Kia,Ceed,2012,164899.0,Автомат,Полный,Седан,258320,14,11778
Volkswagen,Passat,2017,113071.0,Робот,Передний,Седан,447907,9,12563
Kia,Rio,2021,63131.0,Автомат,Полный,Седан,1130539,5,12626
Toyota,RAV4,2016,160944.0,Автомат,Передний,Хэтчбек,876019,10,16094
Kia,Sportage,2023,41339.0,Робот,Полный,Кроссовер,1613306,3,13780
Hyundai,Solaris,2019,105044.0,Автомат,Передний,Хэтчбек,757804,7,15006
Volkswagen,Golf,2023,61661.0,Механика,Полный,Кроссовер,1189885,3,20554
Toyota,Corolla,2017,139436.0,Механика,Полный,Хэтчбек,1023027,9,15493
Volkswagen,Golf,2016,151751.0,Автомат,Передний,Хэтчбек,339679,10,15175
Hyundai,Santa Fe,2013,159884.0,Автомат,Полный,Седан,290547,13,12299
Toyota,RAV4,2023,22623.0,Механика,Передний,Седан,2402260,3,7541
Kia,Ceed,2013,152942.0,Механика,Полный,Седан,309122,13,11765
Volkswagen,Passat,2012,208591.0,Автомат,Полный,Кроссовер,328466,14,14899
Volkswagen,Polo,2024,38555.0,Автомат,Полный,Кроссовер,1586154,2,19278
Toyota,Corolla,2012,327579.0,Автомат,Полный,Кроссовер,259903,14,23398
Toyota,RAV4,2024,30720.0,Робот,Передний,Хэтчбек,2548343,2,15360
Kia,Sportage,2016,172910.0,Автомат,Полный,Кроссовер,255721,10,17291
BMW,5 Series,2017,85380.0,Робот,Полный,Кроссовер,1310999,9,9487
Hyundai,Santa Fe,2012,334423.0,Автомат,Передний,Хэтчбек,306887,14,23887
Toyota,Land Cruiser,2012,201342.0,Механика,Передний,Хэтчбек,311149,14,14382
Kia,Optima,2010,256046.0,Механика,Передний,Хэтчбек,297692,16,16003
Toyota,RAV4,2016,106939.0,Автомат,Полный,Хэтчбек,1003328,10,10694
Volkswagen,Tiguan,2021,83755.0,Автомат,Полный,Седан,1082914,5,16751
Hyundai,ix35,2014,194743.0,Автомат,Передний,Седан,286852,12,16229
Volkswagen,Passat,2023,15066.0,Механика,Полный,Кроссовер,1512558,3,5022
Hyundai,Solaris,2022,65713.0,Автомат,Передний,Хэтчбек,1235071,4,16428
Toyota,RAV4,2009,186723.0,Механика,Передний,Хэтчбек,268579,17,10984
Toyota,Land Cruiser,2013,89926.0,Механика,Передний,Кроссовер,693144,13,6917
BMW,X3,2017,108692.0,Робот,Задний,Хэтчбек,1027038,9,12077
Kia,Ceed,2016,210682.0,Автомат,Задний,Хэтчбек,339851,10,21068
Toyota,Land Cruiser,2023,38121.0,Робот,Передний,Хэтчбек,2709356,3,12707
BMW,3 Series,2011,271647.0,Робот,Полный,Седан,265839,15,18110
Kia,Sportage,2014,134370.0,Механика,Полный,Седан,300055,12,11198
BMW,X5,2012,170370.0,Автомат,Передний,Седан,338211,14,12169
Toyota,Land Cruiser,2013,193130.0,Автомат,Передний,Седан,329401,13,14856
Volkswagen,Golf,2023,31356.0,Механика,Передний,Кроссовер,1293660,3,10452
BMW,5 Series,2009,227255.0,Механика,Задний,Седан,330642,17,13368
Toyota,Corolla,2011,189743.0,Механика,Передний,Хэтчбек,280065,15,12650
Hyundai,ix35,2024,17133.0,Механика,Задний,Седан,1661273,2,8566
BMW,X5,2019,76280.0,Автомат,Передний,Хэтчбек,1395486,7,10897
Volkswagen,Polo,2021,68931.0,Автомат,Задний,Седан,1115661,5,13786
Volkswagen,Passat,2023,47423.0,Автомат,Передний,Хэтчбек,1646756,3,15808
Hyundai,Santa Fe,2022,43037.0,Автомат,Полный,Хэтчбек,1123166,4,10759
Kia,Ceed,2009,253730.0,Механика,Передний,Хэтчбек,331490,17,14925
Hyundai,Tucson,2017,145605.0,Механика,Задний,Кроссовер,426781,9,16178
Toyota,RAV4,2018,117677.0,Автомат,Передний,Хэтчбек,1329538,8,14710
Toyota,Corolla,2014,195196.0,Автомат,Полный,Хэтчбек,383205,12,16266
Kia,Optima,2021,73788.0,Автомат,Полный,Седан,957882,5,14758
Volkswagen,Golf,2014,231692.0,Автомат,Передний,Хэтчбек,308696,12,19308
Kia,Rio,2013,164839.0,Автомат,Полный,Кроссовер,293940,13,12680
Volkswagen,Tiguan,2018,97175.0,Автомат,Передний,Хэтчбек,566409,8,12147
BMW,3 Series,2011,283225.0,Автомат,Полный,Кроссовер,289569,15,18882
Volkswagen,Passat,2015,126447.0,Механика,Передний,Хэтчбек,313262,11,11495
Volkswagen,Golf,2021,63226.0,Автомат,Полный,Хэтчбек,1133351,5,12645
Volkswagen,Polo,2018,159267.0,Автомат,Полный,Седан,377961,8,19908
Toyota,Corolla,2013,182898.0,Механика,Передний,Седан,346032,13,14069
BMW,X3,2022,76795.0,Механика,Задний,Хэтчбек,2445232,4,19199
Volkswagen,Passat,2013,130874.0,Механика,Полный,Хэтчбек,317420,13,10067
Hyundai,Santa Fe,2021,53846.0,Автомат,Передний,Хэтчбек,1206759,5,10769
Volkswagen,Tiguan,2021,90889.0,Автомат,Задний,Кроссовер,1130808,5,18178
Toyota,Camry,2014,190261.0,Механика,Передний,Хэтчбек,524394,12,15855
Kia,Ceed,2019,138645.0,Робот,Передний,Седан,615459,7,19806
Toyota,Corolla,2014,148788.0,Автомат,Передний,Хэтчбек,632822,12,12399
Volkswagen,Golf,2016,98685.0,Механика,Передний,Седан,460552,10,9868
Kia,Optima,2010,122955.0,Автомат,Передний,Хэтчбек,269281,16,7685
Hyundai,Santa Fe,2017,148814.0,Автомат,Полный,Кроссовер,382893,9,16535
Kia,Rio,2020,89156.0,Механика,Полный,Кроссовер,778482,6,14859
Toyota,Corolla,2009,339199.0,Автомат,Передний,Хэтчбек,288363,17,19953
Volkswagen,Polo,2011,230826.0,Механика,Полный,Хэтчбек,326247,15,15388
Toyota,RAV4,2018,112818.0,Автомат,Передний,Кроссовер,1098051,8,14102
Hyundai,Santa Fe,2014,190520.0,Автомат,Задний,Кроссовер,295829,12,15877
Kia,Ceed,2019,151056.0,Автомат,Полный,Седан,636010,7,21579
BMW,3 Series,2023,34661.0,Автомат,Передний,Седан,2771405,3,11554
Hyundai,ix35,2019,59366.0,Механика,Полный,Хэтчбек,906637,7,8481
BMW,5 Series,2020,92483.0,Робот,Передний,Кроссовер,1884988,6,15414
BMW,X5,2013,132267.0,Автомат,Полный,Кроссовер,619304,13,10174
BMW,X5,2013,191054.0,Механика,Полный,Кроссовер,329711,13,14696
Hyundai,ix35,2012,222144.0,Автомат,Полный,Хэтчбек,267813,14,15867
BMW,X3,2014,167565.0,Автомат,Полный,Кроссовер,594318,12,13964
Volkswagen,Passat,2010,143404.0,Механика,Полный,Кроссовер,283603,16,8963
BMW,X3,2012,212768.0,Механика,Задний,Кроссовер,263058,14,15198
Kia,Sportage,2017,130724.0,Механика,Полный,Хэтчбек,449877,9,14525
Kia,Ceed,2024,27259.0,Автомат,Полный,Седан,1496373,2,13630
Toyota,Corolla,2020,88153.0,Механика,Передний,Хэтчбек,1708602,6,14692
Hyundai,Tucson,2009,190077.0,Автомат,Передний,Седан,269978,17,11181
Kia,Optima,2017,132224.0,Механика,Полный,Кроссовер,511453,9,14692
Hyundai,Santa Fe,2022,104928.0,Механика,Полный,Хэтчбек,1084263,4,26232
Hyundai,Santa Fe,2019,106939.5,Механика,Передний,Кроссовер,849837,7,15277
Kia,Optima,2015,218669.0,Механика,Передний,Седан,300781,11,19879
Kia,Ceed,2010,275146.0,Робот,Передний,Седан,325251,16,17197
Hyundai,Tucson,2023,52069.0,Механика,Полный,Седан,1408317,3,17356
Hyundai,Santa Fe,2021,86563.0,Механика,Передний,Кроссовер,1172228,5,17313
Kia,Ceed,2015,182161.0,Автомат,Задний,Кроссовер,330238,11,16560
Toyota,Land Cruiser,2011,189777.0,Автомат,Передний,Седан,308139,15,12652
Kia,Ceed,2012,241885.0,Автомат,Полный,Хэтчбек,272289,14,17278
Toyota,Corolla,2024,35140.0,Автомат,Передний,Хэтчбек,3063009,2,17570
Kia,Sportage,2015,176258.0,Механика,Передний,Кроссовер,338297,11,16023
BMW,5 Series,2020,68928.0,Механика,Передний,Хэтчбек,1993990,6,11488
Toyota,Land Cruiser,2024,32469.0,Автомат,Полный,Седан,2370306,2,16234
Volkswagen,Golf,2011,260354.0,Автомат,Полный,Кроссовер,271071,15,17357
Volkswagen,Golf,2014,187102.0,Автомат,Передний,Кроссовер,288803,12,15592
BMW,5 Series,2016,208933.0,Механика,Передний,Хэтчбек,702852,10,20893
Volkswagen,Tiguan,2019,151605.0,Автомат,Полный,Кроссовер,573214,7,21658
BMW,X5,2009,240067.0,Механика,Полный,Седан,300834,17,14122
Kia,Optima,2018,63496.0,Механика,Задний,Кроссовер,693496,8,7937
Hyundai,ix35,2019,116183.0,Автомат,Передний,Кроссовер,595289,7,16598
Toyota,Camry,2010,252233.0,Автомат,Передний,Седан,325450,16,15765
Kia,Ceed,2023,44212.0,Автомат,Полный,Кроссовер,1562959,3,14737
BMW,X5,2009,216202.0,Робот,Полный,Хэтчбек,307764,17,12718
Kia,Optima,2017,118671.0,Автомат,Задний,Седан,537779,9,13186
BMW,X5,2016,132332.0,Автомат,Передний,Седан,968411,10,13233
Volkswagen,Polo,2008,147000.0,Автомат,Передний,Хэтчбек,316428,18,8167
Kia,Sportage,2017,112057.0,Автомат,Передний,Кроссовер,443726,9,12451
Toyota,Corolla,2018,139900.0,Автомат,Передний,Седан,1204406,8,17488
Volkswagen,Passat,2010,184055.0,Автомат,Передний,Кроссовер,289885,16,11503
Toyota,RAV4,2015,177091.0,Автомат,Полный,Хэтчбек,544616,11,16099
BMW,X3,2008,321517.0,Механика,Передний,Седан,328100,18,17862
Kia,Optima,2011,192025.0,Механика,Передний,Кроссовер,312254,15,12802
Kia,Ceed,2017,86710.0,Робот,Задний,Хэтчбек,574216,9,9634
Hyundai,Solaris,2020,86127.0,Робот,Передний,Хэтчбек,904909,6,14354
BMW,5 Series,2023,63463.0,Робот,Полный,Хэтчбек,2643490,3,21154
Toyota,Corolla,2022,45683.0,Автомат,Полный,Кроссовер,2407864,4,11421
BMW,X5,2019,147157.0,Автомат,Задний,Кроссовер,1119867,7,21022
Kia,Rio,2020,90437.0,Робот,Полный,Кроссовер,806456,6,15073
Hyundai,ix35,2012,234008.0,Робот,Полный,Хэтчбек,259007,14,16715
Kia,Optima,2011,174234.0,Автомат,Передний,Кроссовер,281974,15,11616
BMW,X5,2015,208956.0,Робот,Полный,Хэтчбек,542926,11,18996
Kia,Rio,2017,143037.0,Автомат,Передний,Хэтчбек,400369,9,15893
Toyota,Camry,2023,56363.0,Механика,Передний,Хэтчбек,2681612,3,18788
Hyundai,Santa Fe,2020,105117.0,Автомат,Полный,Седан,818511,6,17520
Volkswagen,Polo,2018,118073.0,Механика,Передний,Хэтчбек,588887,8,14759
Toyota,Land Cruiser,2010,268086.0,Автомат,Задний,Седан,291612,16,16755
Volkswagen,Polo,2009,265187.0,Автомат,Передний,Кроссовер,265214,17,15599
Toyota,Camry,2018,85645.0,Механика,Передний,Седан,1525861,8,10706
BMW,X5,2017,167893.0,Автомат,Полный,Хэтчбек,1043563,9,18655
Kia,Rio,2008,287793.0,Автомат,Полный,Седан,265892,18,15988
BMW,5 Series,2016,91785.0,Автомат,Полный,Кроссовер,899295,10,9178
Volkswagen,Passat,2016,139146.0,Автомат,Передний,Седан,318212,10,13915
Hyundai,ix35,2012,212565.0,Робот,Передний,Седан,336993,14,15183
Kia,Sportage,2009,318223.0,Автомат,Полный,Хэтчбек,262418,17,18719
BMW,X5,2014,127034.0,Автомат,Полный,Седан,785077,12,10586
Volkswagen,Golf,2011,191734.0,Механика,Передний,Седан,307374,15,12782
BMW,5 Series,2019,62164.0,Механика,Полный,Кроссовер,1742752,7,8881
Hyundai,Santa Fe,2020,89542.0,Механика,Передний,Кроссовер,914018,6,14924
Toyota,Corolla,2022,58886.0,Механика,Полный,Хэтчбек,2129879,4,14722
Hyundai,ix35,2011,244523.0,Автомат,Полный,Кроссовер,259079,15,16302
BMW,5 Series,2022,57607.0,Механика,Полный,Кроссовер,2119721,4,14402
BMW,X3,2015,156489.0,Робот,Полный,Седан,610235,11,14226
Kia,Optima,2013,230616.0,Механика,Полный,Седан,315460,13,17740
Volkswagen,Golf,2011,160765.0,Автомат,Полный,Седан,264170,15,10718
Volkswagen,Tiguan,2016,155580.0,Робот,Передний,Седан,299748,10,15558
Hyundai,Tucson,2022,71647.0,Автомат,Передний,Кроссовер,1297173,4,17912
Kia,Rio,2018,93187.0,Автомат,Передний,Седан,618822,8,11648
Toyota,Corolla,2009,218980.0,Автомат,Передний,Кроссовер,326923,17,12881
Kia,Optima,2019,124435.0,Автомат,Передний,Седан,706639,7,17776
Toyota,RAV4,2017,95329.0,Автомат,Полный,Седан,1046625,9,10592
BMW,5 Series,2010,320078.0,Автомат,Передний,Кроссовер,259783,16,20005
BMW,X3,2024,24612.0,Робот,Передний,Хэтчбек,3224500,2,12306
BMW,X5,2012,68230.0,Механика,Передний,Кроссовер,666488,14,4874
Volkswagen,Golf,2019,81306.0,Автомат,Передний,Кроссовер,927133,7,11615
Volkswagen,Passat,2021,55034.0,Автомат,Передний,Кроссовер,1079328,5,11007
Kia,Sportage,2010,300980.0,Робот,Полный,Седан,281076,16,18811
BMW,X3,2017,119777.0,Механика,Полный,Хэтчбек,1167911,9,13309
Volkswagen,Polo,2017,132904.0,Механика,Передний,Кроссовер,415460,9,14767
Hyundai,Santa Fe,2008,340945.0,Робот,Передний,Седан,300412,18,18941
Toyota,Land Cruiser,2018,116047.0,Механика,Полный,Седан,1086027,8,14506
Toyota,RAV4,2011,144594.0,Механика,Полный,Кроссовер,335581,15,9640
Hyundai,ix35,2014,53574.0,Автомат,Полный,Хэтчбек,550736,12,4464
Toyota,Land Cruiser,2014,166432.0,Автомат,Полный,Кроссовер,572247,12,13869
Kia,Ceed,2021,83558.0,Автомат,Полный,Седан,1017444,5,16712
Hyundai,Solaris,2021,80877.0,Автомат,Передний,Хэтчбек,1062496,5,16175
Volkswagen,Passat,2015,154968.0,Автомат,Полный,Хэтчбек,291662,11,14088
Volkswagen,Tiguan,2014,198546.0,Автомат,Передний,Хэтчбек,325095,12,16546
Volkswagen,Polo,2016,101556.0,Механика,Передний,Седан,456700,10,10156
Hyundai,ix35,2019,90724.0,Автомат,Передний,Хэтчбек,720028,7,12961
BMW,X3,2017,106536.0,Автомат,Передний,Хэтчбек,1042641,9,11837
Toyota,Corolla,2017,157155.0,Автомат,Передний,Кроссовер,844955,9,17462
BMW,3 Series,2020,100112.0,Автомат,Передний,Кроссовер,1495723,6,16685
Toyota,RAV4,2014,203401.0,Механика,Передний,Хэтчбек,409307,12,16950
Volkswagen,Passat,2023,35369.0,Механика,Передний,Седан,1402906,3,11790
Toyota,Land Cruiser,2010,240237.0,Робот,Полный,Хэтчбек,338561,16,15015
Hyundai,Tucson,2008,242856.0,Механика,Передний,Седан,256049,18,13492
Kia,Ceed,2022,57803.0,Автомат,Задний,Седан,1275850,4,14451
Volkswagen,Tiguan,2010,243474.0,Автомат,Передний,Кроссовер,299219,16,15217
Toyota,Camry,2021,48878.0,Механика,Передний,Хэтчбек,2116217,5,9776
BMW,5 Series,2023,44221.0,Механика,Передний,Хэтчбек,2426480,3,14740
Kia,Ceed,2014,210216.0,Автомат,Передний,Кроссовер,339698,12,17518
Toyota,RAV4,2019,131486.0,Механика,Полный,Кроссовер,1218127,7,18784
BMW,5 Series,2008,336035.0,Автомат,Передний,Кроссовер,284219,18,18669
Hyundai,ix35,2018,88745.0,Автомат,Полный,Седан,760903,8,11093
Kia,Ceed,2023,11331.0,Автомат,Полный,Кроссовер,1577314,3,3777
Volkswagen,Polo,2008,316961.0,Автомат,Полный,Кроссовер,324536,18,17609
Toyota,RAV4,2018,175797.0,Механика,Передний,Хэтчбек,900005,8,21975
Kia,Sportage,2013,193130.0,Автомат,Полный,Кроссовер,301541,13,14856
Volkswagen,Passat,2021,56966.0,Автомат,Полный,Кроссовер,1000335,5,11393
BMW,5 Series,2020,83369.0,Автомат,Задний,Хэтчбек,1769367,6,13895
BMW,X5,2008,396966.0,Автомат,Передний,Хэтчбек,261342,18,22054
Toyota,Camry,2009,314966.0,Робот,Передний,Хэтчбек,309829,17,18527
Kia,Rio,2017,124499.0,Робот,Полный,Хэтчбек,441215,9,13833
Kia,Optima,2016,161433.0,Автомат,Передний,Кроссовер,270911,10,16143
Kia,Ceed,2015,324861.0,Автомат,Передний,Седан,329707,11,29533
Hyundai,Santa Fe,2016,137452.0,Автомат,Полный,Седан,301397,10,13745
Kia,Ceed,2024,33233.0,Робот,Полный,Хэтчбек,1707668,2,16616
Hyundai,Solaris,2013,186539.0,Автомат,Полный,Седан,300803,13,14349
Toyota,RAV4,2022,58886.0,Автомат,Полный,Кроссовер,2425508,4,14722
BMW,3 Series,2023,44212.0,Механика,Передний,Седан,2643239,3,14737
Hyundai,Solaris,2008,282295.0,Автомат,Передний,Хэтчбек,303253,18,15683
Hyundai,ix35,2021,76834.0,Механика,Полный,Седан,990415,5,15367
BMW,X5,2021,95538.0,Автомат,Передний,Хэтчбек,1743461,5,19108
Toyota,RAV4,2019,81562.0,Механика,Задний,Седан,1678519,7,11652
Volkswagen,Passat,2023,39879.0,Автомат,Полный,Седан,1475108,3,13293
BMW,X3,2010,324994.0,Механика,Передний,Седан,331715,16,20312
Volkswagen,Passat,2009,274047.0,Механика,Передний,Седан,257031,17,16120
Volkswagen,Golf,2019,149734.0,Автомат,Передний,Хэтчбек,625799,7,21391
Hyundai,Solaris,2019,128540.0,Автомат,Задний,Хэтчбек,557240,7,18363
Kia,Ceed,2019,79046.0,Автомат,Полный,Кроссовер,859313,7,11292
BMW,5 Series,2015,108012.0,Механика,Передний,Кроссовер,789329,11,9819
Volkswagen,Golf,2010,252304.0,Автомат,Полный,Седан,300532,16,15769
Hyundai,Solaris,2011,302648.0,Автомат,Полный,Хэтчбек,322970,15,20177
BMW,X5,2017,142173.0,Механика,Полный,Кроссовер,853240,9,15797
Volkswagen,Golf,2019,125288.0,Автомат,Передний,Кроссовер,597595,7,17898
Toyota,Camry,2008,267079.0,Автомат,Передний,Кроссовер,288437,18,14838
Hyundai,Santa Fe,2010,267645.0,Автомат,Передний,Кроссовер,277232,16,16728
Volkswagen,Passat,2015,179385.0,Автомат,Передний,Хэтчбек,289298,11,16308
Hyundai,Santa Fe,2014,123379.0,Автомат,Полный,Кроссовер,282000,12,10282
Hyundai,Tucson,2020,51048.0,Автомат,Передний,Хэтчбек,1025273,6,8508
Kia,Rio,2013,142217.0,Автомат,Передний,Седан,309767,13,10940
Kia,Ceed,2010,144099.0,Механика,Задний,Хэтчбек,336796,16,9006
Kia,Ceed,2016,140195.0,Автомат,Полный,Седан,334574,10,14020
Toyota,RAV4,2024,28007.0,Автомат,Передний,Кроссовер,3077292,2,14004
Toyota,RAV4,2011,240189.0,Механика,Передний,Хэтчбек,303687,15,16013
Kia,Sportage,2018,81214.0,Механика,Полный,Кроссовер,655577,8,10152
Kia,Rio,2020,98660.0,Автомат,Полный,Седан,740574,6,16443
BMW,X5,2022,60433.0,Автомат,Передний,Седан,1862383,4,15108
Volkswagen,Tiguan,2014,137471.0,Механика,Полный,Седан,275259,12,11456
BMW,3 Series,2021,125372.0,Механика,Передний,Седан,1712639,5,25074
Toyota,Corolla,2018,112157.0,Автомат,Полный,Хэтчбек,1309596,8,14020
Volkswagen,Golf,2010,209634.0,Механика,Полный,Кроссовер,344847,16,13102
Hyundai,Solaris,2008,320272.0,Механика,Полный,Кроссовер,321764,18,17793
BMW,5 Series,2013,237986.0,Механика,Полный,Седан,301568,13,18307
Volkswagen,Polo,2017,132243.0,Автомат,Передний,Кроссовер,479700,9,14694
BMW,3 Series,2023,61055.0,Механика,Полный,Кроссовер,2688394,3,20352
Toyota,Land Cruiser,2012,215672.0,Автомат,Передний,Кроссовер,339721,14,15405
Hyundai,Santa Fe,2009,226596.0,Автомат,Полный,Хэтчбек,324315,17,13329
BMW,5 Series,2019,107823.0,Автомат,Передний,Кроссовер,1267729,7,15403
BMW,5 Series,2013,209209.0,Механика,Передний,Кроссовер,262431,13,16093
Volkswagen,Golf,2019,130318.0,Автомат,Полный,Хэтчбек,704113,7,18617
BMW,X5,2011,310216.0,Автомат,Задний,Хэтчбек,335358,15,20681
Toyota,Corolla,2018,179837.0,Автомат,Полный,Седан,905802,8,22480
Hyundai,Solaris,2016,231347.0,Робот,Полный,Кроссовер,332755,10,23135
Hyundai,Santa Fe,2024,30721.0,Автомат,Передний,Хэтчбек,1570993,2,15360
Hyundai,ix35,2024,42944.0,Автомат,Задний,Хэтчбек,1737318,2,21472
Hyundai,Tucson,2020,73383.0,Автомат,Полный,Хэтчбек,972771,6,12230
Volkswagen,Passat,2020,102914.0,Механика,Передний,Хэтчбек,818437,6,17152
Volkswagen,Tiguan,2015,148086.0,Механика,Задний,Хэтчбек,307319,11,13462
Kia,Rio,2024,16439.0,Автомат,Передний,Седан,1921107,2,8220
Volkswagen,Passat,2016,89165.0,Автомат,Полный,Седан,568656,10,8916
Toyota,Land Cruiser,2018,121031.5,Автомат,Передний,Кроссовер,1306388,8,15129
Toyota,Camry,2016,159514.0,Автомат,Полный,Седан,752235,10,15951
BMW,X3,2022,53131.0,Механика,Полный,Кроссовер,2408660,4,13283
Hyundai,Tucson,2008,275421.0,Автомат,Полный,Седан,292660,18,15301
Toyota,Corolla,2018,119878.0,Механика,Передний,Седан,1096094,8,14985
Hyundai,Tucson,2016,128744.0,Механика,Полный,Седан,351657,10,12874
Volkswagen,Tiguan,2016,190859.0,Механика,Задний,Кроссовер,312169,10,19086
Volkswagen,Passat,2015,143204.0,Автомат,Полный,Хэтчбек,342743,11,13019
BMW,5 Series,2023,50210.0,Автомат,Передний,Кроссовер,2219582,3,16737
Hyundai,Tucson,2008,153793.0,Механика,Передний,Хэтчбек,301571,18,8544
Volkswagen,Tiguan,2017,115079.0,Автомат,Передний,Седан,496146,9,12787
Kia,Rio,2022,29834.0,Автомат,Передний,Кроссовер,1183268,4,7458
Toyota,RAV4,2013,181940.0,Робот,Полный,Кроссовер,443064,13,13995
Hyundai,Solaris,2014,204843.0,Автомат,Передний,Хэтчбек,273871,12,17070
BMW,5 Series,2021,61514.0,Автомат,Передний,Кроссовер,1746924,5,12303
Hyundai,Solaris,2024,44089.0,Автомат,Передний,Кроссовер,1548600,2,22044
Volkswagen,Passat,2009,177827.0,Автомат,Передний,Седан,339172,17,10460
BMW,X3,2018,117480.0,Автомат,Задний,Кроссовер,1188026,8,14685
Kia,Optima,2009,257374.0,Механика,Передний,Хэтчбек,279488,17,15140
Volkswagen,Tiguan,2011,214668.0,Механика,Полный,Кроссовер,338049,15,14311
Volkswagen,Polo,2010,184202.0,Автомат,Полный,Хэтчбек,343615,16,11513
Volkswagen,Tiguan,2016,157256.0,Автомат,Полный,Хэтчбек,263905,10,15726
Volkswagen,Tiguan,2016,90163.0,Автомат,Передний,Хэтчбек,465736,10,9016
Kia,Sportage,2011,199307.0,Механика,Передний,Хэтчбек,257984,15,13287
Hyundai,Santa Fe,2012,104792.0,Автомат,Передний,Хэтчбек,325770,14,7485
BMW,X5,2013,161122.0,Робот,Передний,Кроссовер,458949,13,12394
BMW,5 Series,2019,91787.0,Автомат,Передний,Хэтчбек,1332440,7,13112
Hyundai,ix35,2021,86629.0,Автомат,Передний,Седан,958352,5,17326
Toyota,Camry,2023,34436.0,Механика,Полный,Седан,2755077,3,11479
Kia,Rio,2015,144023.0,Механика,Передний,Кроссовер,272476,11,13093
Volkswagen,Passat,2013,245569.0,Механика,Передний,Хэтчбек,326222,13,18890
Volkswagen,Tiguan,2021,63827.0,Механика,Передний,Хэтчбек,996493,5,12765
Kia,Optima,2010,365033.0,Робот,Передний,Седан,286298,16,22815
Toyota,Corolla,2013,160412.0,Автомат,Передний,Кроссовер,495180,13,12339
Toyota,Camry,2008,275875.0,Автомат,Передний,Кроссовер,296223,18,15326
Toyota,Land Cruiser,2008,311212.0,Автомат,Передний,Кроссовер,328205,18,17290
Volkswagen,Passat,2020,94251.0,Автомат,Полный,Хэтчбек,1005665,6,15708
Hyundai,Santa Fe,2019,133447.0,Робот,Передний,Хэтчбек,631395,7,19064
Hyundai,ix35,2016,133657.0,Автомат,Передний,Седан,343228,10,13366
Volkswagen,Polo,2022,47897.0,Автомат,Полный,Кроссовер,1096976,4,11974
Volkswagen,Passat,2010,259762.0,Механика,Задний,Кроссовер,283399,16,16235
Kia,Sportage,2019,94428.0,Автомат,Передний,Седан,853293,7,13490
BMW,X5,2023,44212.0,Автомат,Полный,Хэтчбек,2133962,3,14737
Toyota,Camry,2017,114304.0,Автомат,Передний,Хэтчбек,1004346,9,12700
Hyundai,Tucson,2011,292071.0,Автомат,Передний,Хэтчбек,315734,15,19471
Volkswagen,Polo,2018,127248.0,Автомат,Задний,Хэтчбек,481035,8,15906
Hyundai,ix35,2010,287281.0,Автомат,Полный,Кроссовер,270945,16,17955
Hyundai,ix35,2019,91726.0,Автомат,Полный,Седан,858337,7,13104
Hyundai,ix35,2019,97452.0,Автомат,Передний,Седан,844565,7,13922
Hyundai,Tucson,2022,75549.0,Автомат,Передний,Кроссовер,1306528,4,18887
Toyota,Camry,2024,38317.0,Механика,Полный,Хэтчбек,3164387,2,19158
BMW,X5,2014,195415.0,Автомат,Передний,Хэтчбек,503972,12,16285
Volkswagen,Passat,2024,24518.0,Автомат,Передний,Хэтчбек,1562497,2,12259
BMW,X3,2012,212919.0,Автомат,Передний,Кроссовер,328711,14,15208
Hyundai,ix35,2024,21851.0,Автомат,Передний,Седан,1506045,2,10926
Kia,Ceed,2021,75869.0,Автомат,Передний,Хэтчбек,947554,5,15174
BMW,5 Series,2010,158432.0,Автомат,Передний,Кроссовер,284569,16,9902
Toyota,Corolla,2013,323174.0,Автомат,Задний,Кроссовер,331660,13,24860
Kia,Optima,2022,48426.0,Автомат,Полный,Хэтчбек,1239164,4,12106
Toyota,Camry,2018,127816.0,Робот,Передний,Кроссовер,1083123,8,15977
Toyota,Corolla,2022,44311.0,Автомат,Передний,Кроссовер,2195111,4,11078
Kia,Rio,2019,101479.0,Механика,Передний,Седан,662170,7,14497
Volkswagen,Polo,2017,124244.0,Автомат,Задний,Кроссовер,463426,9,13805
BMW,X5,2022,39561.0,Автомат,Передний,Кроссовер,2123934,4,9890
Hyundai,Tucson,2021,72053.0,Механика,Передний,Седан,1034570,5,14411
Toyota,RAV4,2019,125183.0,Автомат,Полный,Хэтчбек,1460111,7,17883
Hyundai,ix35,2023,33596.0,Механика,Передний,Хэтчбек,1658658,3,11199
BMW,5 Series,2012,79300.0,Робот,Полный,Седан,625515,14,5664
Volkswagen,Tiguan,2017,184790.0,Автомат,Передний,Хэтчбек,280766,9,20532
Hyundai,Tucson,2021,124518.0,Автомат,Передний,Кроссовер,1004721,5,24904
Volkswagen,Passat,2023,40862.0,Механика,Передний,Седан,1345092,3,13621
Hyundai,Tucson,2022,75517.0,Автомат,Полный,Седан,1214662,4,18879
Volkswagen,Tiguan,2018,55880.0,Автомат,Полный,Кроссовер,853563,8,6985
BMW,3 Series,2023,56926.0,Автомат,Полный,Хэтчбек,2563588,3,18975
Volkswagen,Tiguan,2011,223661.0,Механика,Передний,Хэтчбек,305104,15,14911
Kia,Optima,2008,281769.0,Автомат,Передний,Кроссовер,289383,18,15654
Hyundai,Santa Fe,2008,253133.0,Автомат,Передний,Хэтчбек,294328,18,14063
BMW,3 Series,2013,110602.0,Робот,Полный,Седан,636718,13,8508
Volkswagen,Passat,2014,120535.0,Механика,Передний,Кроссовер,274056,12,10045
Volkswagen,Polo,2019,134907.0,Автомат,Передний,Хэтчбек,577425,7,19272
Toyota,Camry,2012,187169.0,Автомат,Полный,Кроссовер,324834,14,13369
BMW,5 Series,2023,46876.0,Автомат,Передний,Седан,2692898,3,15625
Kia,Optima,2016,132516.0,Автомат,Передний,Седан,355464,10,13252
Toyota,Land Cruiser,2024,28398.0,Механика,Полный,Хэтчбек,2621833,2,14199
Kia,Rio,2024,45410.0,Механика,Полный,Кроссовер,1374670,2,22705
BMW,3 Series,2011,213756.0,Автомат,Задний,Седан,299339,15,14250
Volkswagen,Passat,2012,94494.0,Автомат,Полный,Кроссовер,270732,14,6750
Toyota,Camry,2024,40830.0,Автомат,Передний,Хэтчбек,2854692,2,20415
Hyundai,Santa Fe,2014,213759.0,Механика,Передний,Седан,339256,12,17813
BMW,X5,2024,19996.0,Механика,Передний,Кроссовер,3150428,2,9998
Toyota,RAV4,2010,276855.0,Автомат,Передний,Седан,322688,16,17303
Hyundai,Santa Fe,2018,132310.0,Автомат,Полный,Седан,574922,8,16539
Volkswagen,Tiguan,2010,242661.0,Автомат,Передний,Седан,314460,16,15166
Toyota,Land Cruiser,2021,107314.0,Механика,Передний,Седан,1769601,5,21463
Hyundai,Tucson,2021,87073.0,Автомат,Передний,Хэтчбек,1011557,5,17415
BMW,5 Series,2013,235117.0,Автомат,Полный,Седан,298521,13,18086
Toyota,Land Cruiser,2010,251760.0,Механика,Полный,Седан,337841,16,15735
Volkswagen,Polo,2009,112351.0,Автомат,Передний,Седан,267979,17,6609
Kia,Optima,2014,148200.0,Автомат,Передний,Хэтчбек,258691,12,12350
BMW,3 Series,2018,122293.0,Автомат,Полный,Седан,1240830,8,15287
Toyota,Camry,2016,141150.0,Автомат,Передний,Хэтчбек,902067,10,14115
BMW,X5,2014,214066.0,Автомат,Полный,Седан,328536,12,17839
Hyundai,Solaris,2012,77298.0,Механика,Полный,Хэтчбек,297970,14,5521
Volkswagen,Tiguan,2010,369261.0,Автомат,Полный,Кроссовер,335318,16,23079
Hyundai,Tucson,2019,107375.0,Автомат,Передний,Седан,773592,7,15339
Kia,Rio,2010,326232.0,Механика,Передний,Седан,331955,16,20390
Kia,Rio,2020,103637.0,Автомат,Передний,Кроссовер,795940,6,17273
BMW,X3,2021,56566.0,Механика,Полный,Седан,1772159,5,11313
BMW,3 Series,2015,142409.0,Автомат,Полный,Хэтчбек,633434,11,12946
BMW,3 Series,2023,42495.0,Автомат,Полный,Кроссовер,2172602,3,14165
Toyota,RAV4,2017,162994.0,Механика,Полный,Седан,969091,9,18110
Hyundai,ix35,2024,34529.0,Автомат,Полный,Хэтчбек,1750699,2,17264
BMW,X3,2013,194874.0,Механика,Передний,Седан,296733,13,14990
BMW,X5,2016,91469.0,Механика,Передний,Хэтчбек,958343,10,9147
Toyota,Camry,2022,54884.0,Автомат,Задний,Седан,1978973,4,13721
Toyota,Land Cruiser,2008,530868.0,Автомат,Полный,Седан,257843,18,29493
Kia,Ceed,2013,183721.0,Механика,Полный,Седан,269100,13,14132
Hyundai,Tucson,2022,78969.0,Автомат,Полный,Хэтчбек,1020230,4,19742
Hyundai,Solaris,2014,189154.0,Автомат,Передний,Хэтчбек,287308,12,15763
Volkswagen,Polo,2017,134010.0,Механика,Полный,Хэтчбек,400563,9,14890
Hyundai,Tucson,2021,81158.0,Автомат,Полный,Седан,1126316,5,16232
Kia,Rio,2011,118900.0,Автомат,Передний,Кроссовер,321174,15,7927
Hyundai,Solaris,2009,229759.0,Автомат,Передний,Хэтчбек,304872,17,13515
BMW,X5,2024,30172.0,Автомат,Передний,Хэтчбек,2607666,2,15086
Volkswagen,Polo,2008,205311.0,Автомат,Полный,Хэтчбек,267064,18,11406
Kia,Optima,2014,104006.0,Автомат,Передний,Хэтчбек,333325,12,8667
BMW,X3,2012,272838.0,Автомат,Полный,Кроссовер,284584,14,19488
Toyota,Camry,2021,93749.0,Автомат,Полный,Седан,1718237,5,18750
Toyota,Land Cruiser,2023,45457.0,Робот,Полный,Седан,2519247,3,15152
BMW,X5,2020,92712.0,Автомат,Полный,Хэтчбек,1835606,6,15452
Toyota,Land Cruiser,2023,44865.0,Робот,Полный,Седан,2261512,3,14955
Kia,Optima,2010,250891.0,Автомат,Полный,Хэтчбек,299129,16,15681
Hyundai,Santa Fe,2024,37602.0,Механика,Полный,Кроссовер,1503869,2,18801
BMW,5 Series,2019,127959.0,Автомат,Передний,Хэтчбек,1193804,7,18280
BMW,3 Series,2018,117703.0,Механика,Передний,Кроссовер,1155793,8,14713
Volkswagen,Tiguan,2009,264261.0,Механика,Передний,Седан,275452,17,15545
Toyota,Camry,2015,177338.0,Автомат,Задний,Кроссовер,534657,11,16122
Volkswagen,Golf,2010,219227.0,Автомат,Передний,Седан,285682,16,13702
Hyundai,ix35,2009,248454.0,Робот,Передний,Седан,257349,17,14615
BMW,3 Series,2011,228739.0,Автомат,Полный,Хэтчбек,340256,15,15249
BMW,X5,2021,78805.0,Автомат,Полный,Кроссовер,1645616,5,15761
Hyundai,Solaris,2009,195487.0,Автомат,Полный,Кроссовер,316718,17,11499
Volkswagen,Passat,2011,307534.0,Робот,Передний,Хэтчбек,298338,15,20502
Hyundai,ix35,2016,251768.0,Автомат,Полный,Хэтчбек,298437,10,25177
Toyota,Camry,2012,241735.0,Автомат,Полный,Кроссовер,301292,14,17267
Toyota,Camry,2008,186315.0,Автомат,Передний,Хэтчбек,316675,18,10351
Hyundai,ix35,2013,177505.0,Автомат,Полный,Хэтчбек,319462,13,13654
BMW,X5,2021,35474.0,Автомат,Полный,Седан,2248022,5,7095
Hyundai,Santa Fe,2015,167875.0,Механика,Передний,Кроссовер,308778,11,15261
Kia,Ceed,2024,35763.0,Механика,Передний,Хэтчбек,1514636,2,17882
Hyundai,Santa Fe,2018,99148.0,Автомат,Задний,Седан,675466,8,12394
Kia,Ceed,2015,132888.0,Автомат,Полный,Седан,302445,11,12081
Volkswagen,Tiguan,2023,44212.0,Автомат,Передний,Хэтчбек,1540795,3,14737
Volkswagen,Polo,2024,29221.0,Механика,Полный,Хэтчбек,1889609,2,14610
